timestamp,videoId,title,views
2026/9/5 03:21,T24rF_x0TmQ,[MV] ABM - 'ヤラララ' (YARARARA) feat. 重音テト,52717827
2026/9/5 03:21,xJQ6KrmdpD0,【以心伝心】新人歌い手グループが『ヤラララ』を本気で歌ってみたら...【EL6】,1551545
2026/9/5 03:21,pRy8kStWlAw,'ヤラララ' (YARARARA) ／Cover -しゆん×ばぁう,1541672
2026/9/5 03:21,SnZvS3f5IrA,ヤラララ／Cover - KOMAINU.,2707912
2026/9/5 03:21,T24rF_x0TmQ,[MV] ABM - 'ヤラララ' (YARARARA) feat. 重音テト,52717827
2026/9/5 03:21,xJQ6KrmdpD0,【以心伝心】新人歌い手グループが『ヤラララ』を本気で歌ってみたら...【EL6】,1551545
2026/9/5 03:21,pRy8kStWlAw,'ヤラララ' (YARARARA) ／Cover -しゆん×ばぁう,1541672
2026/9/5 03:21,SnZvS3f5IrA,ヤラララ／Cover - KOMAINU.,2707912
2026/9/5 03:28,T24rF_x0TmQ,[MV] ABM - 'ヤラララ' (YARARARA) feat. 重音テト,52718926
2026/9/5 03:28,xJQ6KrmdpD0,【以心伝心】新人歌い手グループが『ヤラララ』を本気で歌ってみたら...【EL6】,1551647
2026/9/5 03:28,pRy8kStWlAw,'ヤラララ' (YARARARA) ／Cover -しゆん×ばぁう,1541698
2026/9/5 03:28,SnZvS3f5IrA,ヤラララ／Cover - KOMAINU.,2707967
2026/9/5 04:10,T24rF_x0TmQ,[MV] ABM - 'ヤラララ' (YARARARA) feat. 重音テト,52730951
2026/9/5 04:10,xJQ6KrmdpD0,【以心伝心】新人歌い手グループが『ヤラララ』を本気で歌ってみたら...【EL6】,1552748
2026/9/5 04:10,pRy8kStWlAw,'ヤラララ' (YARARARA) ／Cover -しゆん×ばぁう,1541868
2026/9/5 04:10,SnZvS3f5IrA,ヤラララ／Cover - KOMAINU.,2708505
2026/9/5 05:12,T24rF_x0TmQ,[MV] ABM - 'ヤラララ' (YARARARA) feat. 重音テト,52742380
2026/9/5 05:12,xJQ6KrmdpD0,【以心伝心】新人歌い手グループが『ヤラララ』を本気で歌ってみたら...【EL6】,1553872
2026/9/5 05:12,pRy8kStWlAw,'ヤラララ' (YARARARA) ／Cover -しゆん×ばぁう,1542050
2026/9/5 05:12,SnZvS3f5IrA,ヤラララ／Cover - KOMAINU.,2709043
2026/9/5 06:11,T24rF_x0TmQ,[MV] ABM - 'ヤラララ' (YARARARA) feat. 重音テト,52754672
2026/9/5 06:11,xJQ6KrmdpD0,【以心伝心】新人歌い手グループが『ヤラララ』を本気で歌ってみたら...【EL6】,1554597
2026/9/5 06:11,pRy8kStWlAw,'ヤラララ' (YARARARA) ／Cover -しゆん×ばぁう,1542127
2026/9/5 06:11,SnZvS3f5IrA,ヤラララ／Cover - KOMAINU.,2709538
2026/9/5 07:12,T24rF_x0TmQ,[MV] ABM - 'ヤラララ' (YARARARA) feat. 重音テト,52766354
2026/9/5 07:12,xJQ6KrmdpD0,【以心伝心】新人歌い手グループが『ヤラララ』を本気で歌ってみたら...【EL6】,1555224
2026/9/5 07:12,pRy8kStWlAw,'ヤラララ' (YARARARA) ／Cover -しゆん×ばぁう,1542268
2026/9/5 07:12,SnZvS3f5IrA,ヤラララ／Cover - KOMAINU.,2710015
2026/9/5 08:11,T24rF_x0TmQ,[MV] ABM - 'ヤラララ' (YARARARA) feat. 重音テト,52784436
2026/9/5 08:11,xJQ6KrmdpD0,【以心伝心】新人歌い手グループが『ヤラララ』を本気で歌ってみたら...【EL6】,1556137
2026/9/5 08:11,pRy8kStWlAw,'ヤラララ' (YARARARA) ／Cover -しゆん×ばぁう,1542479
2026/9/5 08:11,SnZvS3f5IrA,ヤラララ／Cover - KOMAINU.,2710660
2026/9/5 09:15,T24rF_x0TmQ,[MV] ABM - 'ヤラララ' (YARARARA) feat. 重音テト,52794475
2026/9/5 09:15,xJQ6KrmdpD0,【以心伝心】新人歌い手グループが『ヤラララ』を本気で歌ってみたら...【EL6】,1557161
2026/9/5 09:15,pRy8kStWlAw,'ヤラララ' (YARARARA) ／Cover -しゆん×ばぁう,1542618
2026/9/5 09:15,SnZvS3f5IrA,ヤラララ／Cover - KOMAINU.,2710986
2026-09-05 10:32,T24rF_x0TmQ,[MV] ABM - 'ヤラララ' (YARARARA) feat. 重音テト,52812576
2026-09-05 10:32,xJQ6KrmdpD0,【以心伝心】新人歌い手グループが『ヤラララ』を本気で歌ってみたら...【EL6】,1559335
2026-09-05 10:32,pRy8kStWlAw,'ヤラララ' (YARARARA) ／Cover -しゆん×ばぁう,1542939
2026-09-05 10:32,SnZvS3f5IrA,ヤラララ／Cover - KOMAINU.,2711764
2026-09-05 11:21,T24rF_x0TmQ,[MV] ABM - 'ヤラララ' (YARARARA) feat. 重音テト,52825170
2026-09-05 11:21,xJQ6KrmdpD0,【以心伝心】新人歌い手グループが『ヤラララ』を本気で歌ってみたら...【EL6】,1561068
2026-09-05 11:21,pRy8kStWlAw,'ヤラララ' (YARARARA) ／Cover -しゆん×ばぁう,1543232
2026-09-05 11:21,SnZvS3f5IrA,ヤラララ／Cover - KOMAINU.,2712268
2026-09-05 12:21,T24rF_x0TmQ,[MV] ABM - 'ヤラララ' (YARARARA) feat. 重音テト,52841785
2026-09-05 12:21,xJQ6KrmdpD0,【以心伝心】新人歌い手グループが『ヤラララ』を本気で歌ってみたら...【EL6】,1563338
2026-09-05 12:21,pRy8kStWlAw,'ヤラララ' (YARARARA) ／Cover -しゆん×ばぁう,1543540
2026-09-05 12:21,SnZvS3f5IrA,ヤラララ／Cover - KOMAINU.,2712931
2026-09-05 13:21,T24rF_x0TmQ,[MV] ABM - 'ヤラララ' (YARARARA) feat. 重音テト,52856586
2026-09-05 13:21,xJQ6KrmdpD0,【以心伝心】新人歌い手グループが『ヤラララ』を本気で歌ってみたら...【EL6】,1565333
2026-09-05 13:21,pRy8kStWlAw,'ヤラララ' (YARARARA) ／Cover -しゆん×ばぁう,1543850
2026-09-05 13:21,SnZvS3f5IrA,ヤラララ／Cover - KOMAINU.,2713506
2026-09-05 14:03,T24rF_x0TmQ,[MV] ABM - 'ヤラララ' (YARARARA) feat. 重音テト,52865875
2026-09-05 14:03,xJQ6KrmdpD0,【以心伝心】新人歌い手グループが『ヤラララ』を本気で歌ってみたら...【EL6】,1566575
2026-09-05 14:03,pRy8kStWlAw,'ヤラララ' (YARARARA) ／Cover -しゆん×ばぁう,1544081
2026-09-05 14:03,SnZvS3f5IrA,ヤラララ／Cover - KOMAINU.,2713937
2026-09-05 14:59,T24rF_x0TmQ,[MV] ABM - 'ヤラララ' (YARARARA) feat. 重音テト,52877194
2026-09-05 14:59,xJQ6KrmdpD0,【以心伝心】新人歌い手グループが『ヤラララ』を本気で歌ってみたら...【EL6】,1568092
2026-09-05 14:59,pRy8kStWlAw,'ヤラララ' (YARARARA) ／Cover -しゆん×ばぁう,1544357
2026-09-05 14:59,SnZvS3f5IrA,ヤラララ／Cover - KOMAINU.,2714430
2026-09-05 15:59,T24rF_x0TmQ,[MV] ABM - 'ヤラララ' (YARARARA) feat. 重音テト,52894113
2026-09-05 15:59,xJQ6KrmdpD0,【以心伝心】新人歌い手グループが『ヤラララ』を本気で歌ってみたら...【EL6】,1570921
2026-09-05 15:59,pRy8kStWlAw,'ヤラララ' (YARARARA) ／Cover -しゆん×ばぁう,1544750
2026-09-05 15:59,SnZvS3f5IrA,ヤラララ／Cover - KOMAINU.,2715154
2026-09-05 16:59,T24rF_x0TmQ,[MV] ABM - 'ヤラララ' (YARARARA) feat. 重音テト,52905846
2026-09-05 16:59,xJQ6KrmdpD0,【以心伝心】新人歌い手グループが『ヤラララ』を本気で歌ってみたら...【EL6】,1572739
2026-09-05 16:59,pRy8kStWlAw,'ヤラララ' (YARARARA) ／Cover -しゆん×ばぁう,1545054
2026-09-05 16:59,SnZvS3f5IrA,ヤラララ／Cover - KOMAINU.,2715731
2026-09-05 18:02,T24rF_x0TmQ,[MV] ABM - 'ヤラララ' (YARARARA) feat. 重音テト,52923251
2026-09-05 18:02,xJQ6KrmdpD0,【以心伝心】新人歌い手グループが『ヤラララ』を本気で歌ってみたら...【EL6】,1575610
2026-09-05 18:02,pRy8kStWlAw,'ヤラララ' (YARARARA) ／Cover -しゆん×ばぁう,1545449
2026-09-05 18:02,SnZvS3f5IrA,ヤラララ／Cover - KOMAINU.,2716542
2026-09-05 18:54,T24rF_x0TmQ,[MV] ABM - 'ヤラララ' (YARARARA) feat. 重音テト,52932029
2026-09-05 18:54,xJQ6KrmdpD0,【以心伝心】新人歌い手グループが『ヤラララ』を本気で歌ってみたら...【EL6】,1577510
2026-09-05 18:54,pRy8kStWlAw,'ヤラララ' (YARARARA) ／Cover -しゆん×ばぁう,1545793
2026-09-05 18:54,SnZvS3f5IrA,ヤラララ／Cover - KOMAINU.,2717112
2026-09-05 19:54,T24rF_x0TmQ,[MV] ABM - 'ヤラララ' (YARARARA) feat. 重音テト,52944115
2026-09-05 19:54,xJQ6KrmdpD0,【以心伝心】新人歌い手グループが『ヤラララ』を本気で歌ってみたら...【EL6】,1579419
2026-09-05 19:54,pRy8kStWlAw,'ヤラララ' (YARARARA) ／Cover -しゆん×ばぁう,1546109
2026-09-05 19:54,SnZvS3f5IrA,ヤラララ／Cover - KOMAINU.,2717686
2026/9/5 20:54,T24rF_x0TmQ,[MV] ABM - 'ヤラララ' (YARARARA) feat. 重音テト,52959387
2026/9/5 20:54,xJQ6KrmdpD0,【以心伝心】新人歌い手グループが『ヤラララ』を本気で歌ってみたら...【EL6】,1582557
2026/9/5 20:54,pRy8kStWlAw,'ヤラララ' (YARARARA) ／Cover -しゆん×ばぁう,1546509
2026/9/5 20:54,SnZvS3f5IrA,ヤラララ／Cover - KOMAINU.,2718459
2026/9/5 21:55,T24rF_x0TmQ,[MV] ABM - 'ヤラララ' (YARARARA) feat. 重音テト,52973702
2026/9/5 21:55,xJQ6KrmdpD0,【以心伝心】新人歌い手グループが『ヤラララ』を本気で歌ってみたら...【EL6】,1585187
2026/9/5 21:55,pRy8kStWlAw,'ヤラララ' (YARARARA) ／Cover -しゆん×ばぁう,1546853
2026/9/5 21:55,SnZvS3f5IrA,ヤラララ／Cover - KOMAINU.,2719072
2026/9/5 22:54,T24rF_x0TmQ,[MV] ABM - 'ヤラララ' (YARARARA) feat. 重音テト,52984866
2026/9/5 22:54,xJQ6KrmdpD0,【以心伝心】新人歌い手グループが『ヤラララ』を本気で歌ってみたら...【EL6】,1587132
2026/9/5 22:54,pRy8kStWlAw,'ヤラララ' (YARARARA) ／Cover -しゆん×ばぁう,1547148
2026/9/5 22:54,SnZvS3f5IrA,ヤラララ／Cover - KOMAINU.,2719709
2026/9/5 23:54,T24rF_x0TmQ,[MV] ABM - 'ヤラララ' (YARARARA) feat. 重音テト,53008286
2026/9/5 23:54,xJQ6KrmdpD0,【以心伝心】新人歌い手グループが『ヤラララ』を本気で歌ってみたら...【EL6】,1591329
2026/9/5 23:54,pRy8kStWlAw,'ヤラララ' (YARARARA) ／Cover -しゆん×ばぁう,1547712
2026/9/5 23:54,SnZvS3f5IrA,ヤラララ／Cover - KOMAINU.,2720980
2026/9/6 00:54,T24rF_x0TmQ,[MV] ABM - 'ヤラララ' (YARARARA) feat. 重音テト,53023855
2026/9/6 00:54,xJQ6KrmdpD0,【以心伝心】新人歌い手グループが『ヤラララ』を本気で歌ってみたら...【EL6】,1593697
2026/9/6 00:54,pRy8kStWlAw,'ヤラララ' (YARARARA) ／Cover -しゆん×ばぁう,1547989
2026/9/6 00:54,SnZvS3f5IrA,ヤラララ／Cover - KOMAINU.,2721647
2026/9/6 01:54,T24rF_x0TmQ,[MV] ABM - 'ヤラララ' (YARARARA) feat. 重音テト,53041385
2026/9/6 01:54,xJQ6KrmdpD0,【以心伝心】新人歌い手グループが『ヤラララ』を本気で歌ってみたら...【EL6】,1596070
2026/9/6 01:54,pRy8kStWlAw,'ヤラララ' (YARARARA) ／Cover -しゆん×ばぁう,1548365
2026/9/6 01:54,SnZvS3f5IrA,ヤラララ／Cover - KOMAINU.,2722518
2026/9/6 02:54,T24rF_x0TmQ,[MV] ABM - 'ヤラララ' (YARARARA) feat. 重音テト,53058092
2026/9/6 02:54,xJQ6KrmdpD0,【以心伝心】新人歌い手グループが『ヤラララ』を本気で歌ってみたら...【EL6】,1598043
2026/9/6 02:54,pRy8kStWlAw,'ヤラララ' (YARARARA) ／Cover -しゆん×ばぁう,1548638
2026/9/6 02:54,SnZvS3f5IrA,ヤラララ／Cover - KOMAINU.,2723240
2026/9/6 03:54,T24rF_x0TmQ,[MV] ABM - 'ヤラララ' (YARARARA) feat. 重音テト,53075952
2026/9/6 03:54,xJQ6KrmdpD0,【以心伝心】新人歌い手グループが『ヤラララ』を本気で歌ってみたら...【EL6】,1600018
2026/9/6 03:54,pRy8kStWlAw,'ヤラララ' (YARARARA) ／Cover -しゆん×ばぁう,1548884
2026/9/6 03:54,SnZvS3f5IrA,ヤラララ／Cover - KOMAINU.,2723892
2026/9/6 04:54,T24rF_x0TmQ,[MV] ABM - 'ヤラララ' (YARARARA) feat. 重音テト,53089157
2026/9/6 04:54,xJQ6KrmdpD0,【以心伝心】新人歌い手グループが『ヤラララ』を本気で歌ってみたら...【EL6】,1600872
2026/9/6 04:54,pRy8kStWlAw,'ヤラララ' (YARARARA) ／Cover -しゆん×ばぁう,1549041
2026/9/6 04:54,SnZvS3f5IrA,ヤラララ／Cover - KOMAINU.,2724408
2026/9/6 05:54,T24rF_x0TmQ,[MV] ABM - 'ヤラララ' (YARARARA) feat. 重音テト,53105997
2026/9/6 05:54,xJQ6KrmdpD0,【以心伝心】新人歌い手グループが『ヤラララ』を本気で歌ってみたら...【EL6】,1601986
2026/9/6 05:54,pRy8kStWlAw,'ヤラララ' (YARARARA) ／Cover -しゆん×ばぁう,1549261
2026/9/6 05:54,SnZvS3f5IrA,ヤラララ／Cover - KOMAINU.,2725084
2026/9/6 06:54,T24rF_x0TmQ,[MV] ABM - 'ヤラララ' (YARARARA) feat. 重音テト,53117293
2026/9/6 06:54,xJQ6KrmdpD0,【以心伝心】新人歌い手グループが『ヤラララ』を本気で歌ってみたら...【EL6】,1602503
2026/9/6 06:54,pRy8kStWlAw,'ヤラララ' (YARARARA) ／Cover -しゆん×ばぁう,1549383
2026/9/6 06:54,SnZvS3f5IrA,ヤラララ／Cover - KOMAINU.,2725437
2026/9/6 07:54,T24rF_x0TmQ,[MV] ABM - 'ヤラララ' (YARARARA) feat. 重音テト,53131977
2026/9/6 07:54,xJQ6KrmdpD0,【以心伝心】新人歌い手グループが『ヤラララ』を本気で歌ってみたら...【EL6】,1603212
2026/9/6 07:54,pRy8kStWlAw,'ヤラララ' (YARARARA) ／Cover -しゆん×ばぁう,1549530
2026/9/6 07:54,SnZvS3f5IrA,ヤラララ／Cover - KOMAINU.,2726044
2026/9/6 08:54,T24rF_x0TmQ,[MV] ABM - 'ヤラララ' (YARARARA) feat. 重音テト,53143368
2026/9/6 08:54,xJQ6KrmdpD0,【以心伝心】新人歌い手グループが『ヤラララ』を本気で歌ってみたら...【EL6】,1604025
2026/9/6 08:54,pRy8kStWlAw,'ヤラララ' (YARARARA) ／Cover -しゆん×ばぁう,1549675
2026/9/6 08:54,SnZvS3f5IrA,ヤラララ／Cover - KOMAINU.,2726463
2026/9/6 09:58,T24rF_x0TmQ,[MV] ABM - 'ヤラララ' (YARARARA) feat. 重音テト,53149324
2026/9/6 09:58,xJQ6KrmdpD0,【以心伝心】新人歌い手グループが『ヤラララ』を本気で歌ってみたら...【EL6】,1604616
2026/9/6 09:58,pRy8kStWlAw,'ヤラララ' (YARARARA) ／Cover -しゆん×ばぁう,1549789
2026/9/6 09:58,SnZvS3f5IrA,ヤラララ／Cover - KOMAINU.,2726703
2026/9/6 10:55,T24rF_x0TmQ,[MV] ABM - 'ヤラララ' (YARARARA) feat. 重音テト,53159870
2026/9/6 10:55,xJQ6KrmdpD0,【以心伝心】新人歌い手グループが『ヤラララ』を本気で歌ってみたら...【EL6】,1606027
2026/9/6 10:55,pRy8kStWlAw,'ヤラララ' (YARARARA) ／Cover -しゆん×ばぁう,1549939
2026/9/6 10:55,SnZvS3f5IrA,ヤラララ／Cover - KOMAINU.,2727165
2026/9/6 12:10,T24rF_x0TmQ,[MV] ABM - 'ヤラララ' (YARARARA) feat. 重音テト,53173489
2026/9/6 12:10,xJQ6KrmdpD0,【以心伝心】新人歌い手グループが『ヤラララ』を本気で歌ってみたら...【EL6】,1607598
2026/9/6 12:10,pRy8kStWlAw,'ヤラララ' (YARARARA) ／Cover -しゆん×ばぁう,1550166
2026/9/6 12:10,SnZvS3f5IrA,ヤラララ／Cover - KOMAINU.,2727660
2026-09-06 12:54:43,T24rF_x0TmQ,[MV] ABM - 'ヤラララ' (YARARARA) feat. 重音テト,53176539
2026-09-06 12:54:43,xJQ6KrmdpD0,【以心伝心】新人歌い手グループが『ヤラララ』を本気で歌ってみたら...【EL6】,1607948
2026-09-06 12:54:43,pRy8kStWlAw,'ヤラララ' (YARARARA) ／Cover -しゆん×ばぁう,1550234
2026-09-06 12:54:43,SnZvS3f5IrA,ヤラララ／Cover - KOMAINU.,2727755
2026-09-06 13:54:19,T24rF_x0TmQ,[MV] ABM - 'ヤラララ' (YARARARA) feat. 重音テト,53210993
2026-09-06 13:54:19,xJQ6KrmdpD0,【以心伝心】新人歌い手グループが『ヤラララ』を本気で歌ってみたら...【EL6】,1610653
2026-09-06 13:54:19,pRy8kStWlAw,'ヤラララ' (YARARARA) ／Cover -しゆん×ばぁう,1550947
2026-09-06 13:54:19,SnZvS3f5IrA,ヤラララ／Cover - KOMAINU.,2729391
2026-09-06 14:54:25,T24rF_x0TmQ,[MV] ABM - 'ヤラララ' (YARARARA) feat. 重音テト,53232082
2026-09-06 14:54:25,xJQ6KrmdpD0,【以心伝心】新人歌い手グループが『ヤラララ』を本気で歌ってみたら...【EL6】,1614847
2026-09-06 14:54:25,pRy8kStWlAw,'ヤラララ' (YARARARA) ／Cover -しゆん×ばぁう,1551475
2026-09-06 14:54:25,SnZvS3f5IrA,ヤラララ／Cover - KOMAINU.,2730232
2026-09-06 15:56:45,T24rF_x0TmQ,[MV] ABM - 'ヤラララ' (YARARARA) feat. 重音テト,53246501
2026-09-06 15:56:45,xJQ6KrmdpD0,【以心伝心】新人歌い手グループが『ヤラララ』を本気で歌ってみたら...【EL6】,1617173
2026-09-06 15:56:45,pRy8kStWlAw,'ヤラララ' (YARARARA) ／Cover -しゆん×ばぁう,1551803
2026-09-06 15:56:45,SnZvS3f5IrA,ヤラララ／Cover - KOMAINU.,2730835
2026-09-06 16:54:19,T24rF_x0TmQ,[MV] ABM - 'ヤラララ' (YARARARA) feat. 重音テト,53260059
2026-09-06 16:54:19,xJQ6KrmdpD0,【以心伝心】新人歌い手グループが『ヤラララ』を本気で歌ってみたら...【EL6】,1619459
2026-09-06 16:54:19,pRy8kStWlAw,'ヤラララ' (YARARARA) ／Cover -しゆん×ばぁう,1552194
2026-09-06 16:54:19,SnZvS3f5IrA,ヤラララ／Cover - KOMAINU.,2731471
2026-09-06 17:54:39,T24rF_x0TmQ,[MV] ABM - 'ヤラララ' (YARARARA) feat. 重音テト,53273277
2026-09-06 17:54:39,xJQ6KrmdpD0,【以心伝心】新人歌い手グループが『ヤラララ』を本気で歌ってみたら...【EL6】,1622247
2026-09-06 17:54:39,pRy8kStWlAw,'ヤラララ' (YARARARA) ／Cover -しゆん×ばぁう,1552531
2026-09-06 17:54:39,SnZvS3f5IrA,ヤラララ／Cover - KOMAINU.,2732205
2026-09-06 18:54:26,T24rF_x0TmQ,[MV] ABM - 'ヤラララ' (YARARARA) feat. 重音テト,53288345
2026-09-06 18:54:26,xJQ6KrmdpD0,【以心伝心】新人歌い手グループが『ヤラララ』を本気で歌ってみたら...【EL6】,1624710
2026-09-06 18:54:26,pRy8kStWlAw,'ヤラララ' (YARARARA) ／Cover -しゆん×ばぁう,1552948
2026-09-06 18:54:26,SnZvS3f5IrA,ヤラララ／Cover - KOMAINU.,2733004
2026-09-06 19:54:12,T24rF_x0TmQ,[MV] ABM - 'ヤラララ' (YARARARA) feat. 重音テト,53300963
2026-09-06 19:54:12,xJQ6KrmdpD0,【以心伝心】新人歌い手グループが『ヤラララ』を本気で歌ってみたら...【EL6】,1627118
2026-09-06 19:54:12,pRy8kStWlAw,'ヤラララ' (YARARARA) ／Cover -しゆん×ばぁう,1553307
2026-09-06 19:54:12,SnZvS3f5IrA,ヤラララ／Cover - KOMAINU.,2733693
2026-09-06 20:54:32,T24rF_x0TmQ,[MV] ABM - 'ヤラララ' (YARARARA) feat. 重音テト,53313244
2026-09-06 20:54:32,xJQ6KrmdpD0,【以心伝心】新人歌い手グループが『ヤラララ』を本気で歌ってみたら...【EL6】,1629655
2026-09-06 20:54:32,pRy8kStWlAw,'ヤラララ' (YARARARA) ／Cover -しゆん×ばぁう,1553658
2026-09-06 20:54:32,SnZvS3f5IrA,ヤラララ／Cover - KOMAINU.,2734370
2026-09-06 21:56:06,T24rF_x0TmQ,[MV] ABM - 'ヤラララ' (YARARARA) feat. 重音テト,53328833
2026-09-06 21:56:06,xJQ6KrmdpD0,【以心伝心】新人歌い手グループが『ヤラララ』を本気で歌ってみたら...【EL6】,1632499
2026-09-06 21:56:06,pRy8kStWlAw,'ヤラララ' (YARARARA) ／Cover -しゆん×ばぁう,1554002
2026-09-06 21:56:06,SnZvS3f5IrA,ヤラララ／Cover - KOMAINU.,2735123
2026-09-06 22:54:27,T24rF_x0TmQ,[MV] ABM - 'ヤラララ' (YARARARA) feat. 重音テト,53340570
2026-09-06 22:54:27,xJQ6KrmdpD0,【以心伝心】新人歌い手グループが『ヤラララ』を本気で歌ってみたら...【EL6】,1635113
2026-09-06 22:54:27,pRy8kStWlAw,'ヤラララ' (YARARARA) ／Cover -しゆん×ばぁう,1554339
2026-09-06 22:54:27,SnZvS3f5IrA,ヤラララ／Cover - KOMAINU.,2735802
2026-09-06 23:54:51,T24rF_x0TmQ,[MV] ABM - 'ヤラララ' (YARARARA) feat. 重音テト,53351534
2026-09-06 23:54:51,xJQ6KrmdpD0,【以心伝心】新人歌い手グループが『ヤラララ』を本気で歌ってみたら...【EL6】,1637265
2026-09-06 23:54:51,pRy8kStWlAw,'ヤラララ' (YARARARA) ／Cover -しゆん×ばぁう,1554611
2026-09-06 23:54:51,SnZvS3f5IrA,ヤラララ／Cover - KOMAINU.,2736355
2026-09-07 00:54:25,T24rF_x0TmQ,[MV] ABM - 'ヤラララ' (YARARARA) feat. 重音テト,53365438
2026-09-07 00:54:25,xJQ6KrmdpD0,【以心伝心】新人歌い手グループが『ヤラララ』を本気で歌ってみたら...【EL6】,1639589
2026-09-07 00:54:25,pRy8kStWlAw,'ヤラララ' (YARARARA) ／Cover -しゆん×ばぁう,1554768
2026-09-07 00:54:25,SnZvS3f5IrA,ヤラララ／Cover - KOMAINU.,2736991
2026-09-07 01:55:02,T24rF_x0TmQ,[MV] ABM - 'ヤラララ' (YARARARA) feat. 重音テト,53375251
2026-09-07 01:55:02,xJQ6KrmdpD0,【以心伝心】新人歌い手グループが『ヤラララ』を本気で歌ってみたら...【EL6】,1642200
2026-09-07 01:55:02,pRy8kStWlAw,'ヤラララ' (YARARARA) ／Cover -しゆん×ばぁう,1555129
2026-09-07 01:55:02,SnZvS3f5IrA,ヤラララ／Cover - KOMAINU.,2737701
2026-09-07 02:54:20,T24rF_x0TmQ,[MV] ABM - 'ヤラララ' (YARARARA) feat. 重音テト,53382234
2026-09-07 02:54:20,xJQ6KrmdpD0,【以心伝心】新人歌い手グループが『ヤラララ』を本気で歌ってみたら...【EL6】,1642937
2026-09-07 02:54:20,pRy8kStWlAw,'ヤラララ' (YARARARA) ／Cover -しゆん×ばぁう,1555245
2026-09-07 02:54:20,SnZvS3f5IrA,ヤラララ／Cover - KOMAINU.,2738030
2026-09-07 03:55:03,T24rF_x0TmQ,[MV] ABM - 'ヤラララ' (YARARARA) feat. 重音テト,53391087
2026-09-07 03:55:03,xJQ6KrmdpD0,【以心伝心】新人歌い手グループが『ヤラララ』を本気で歌ってみたら...【EL6】,1644058
2026-09-07 03:55:03,pRy8kStWlAw,'ヤラララ' (YARARARA) ／Cover -しゆん×ばぁう,1555407
2026-09-07 03:55:03,SnZvS3f5IrA,ヤラララ／Cover - KOMAINU.,2738489
2026-09-07 04:54:33,T24rF_x0TmQ,[MV] ABM - 'ヤラララ' (YARARARA) feat. 重音テト,53409145
2026-09-07 04:54:33,xJQ6KrmdpD0,【以心伝心】新人歌い手グループが『ヤラララ』を本気で歌ってみたら...【EL6】,1645844
2026-09-07 04:54:33,pRy8kStWlAw,'ヤラララ' (YARARARA) ／Cover -しゆん×ばぁう,1555683
2026-09-07 04:54:33,SnZvS3f5IrA,ヤラララ／Cover - KOMAINU.,2739306
2026-09-07 05:54:45,T24rF_x0TmQ,[MV] ABM - 'ヤラララ' (YARARARA) feat. 重音テト,53423383
2026-09-07 05:54:45,xJQ6KrmdpD0,【以心伝心】新人歌い手グループが『ヤラララ』を本気で歌ってみたら...【EL6】,1646838
2026-09-07 05:54:45,pRy8kStWlAw,'ヤラララ' (YARARARA) ／Cover -しゆん×ばぁう,1555863
2026-09-07 05:54:45,SnZvS3f5IrA,ヤラララ／Cover - KOMAINU.,2739910
2026-09-07 06:54:42,T24rF_x0TmQ,[MV] ABM - 'ヤラララ' (YARARARA) feat. 重音テト,53446921
2026-09-07 06:54:42,xJQ6KrmdpD0,【以心伝心】新人歌い手グループが『ヤラララ』を本気で歌ってみたら...【EL6】,1648262
2026-09-07 06:54:42,pRy8kStWlAw,'ヤラララ' (YARARARA) ／Cover -しゆん×ばぁう,1556097
2026-09-07 06:54:42,SnZvS3f5IrA,ヤラララ／Cover - KOMAINU.,2740909
2026-09-07 07:54:39,T24rF_x0TmQ,[MV] ABM - 'ヤラララ' (YARARARA) feat. 重音テト,53457394
2026-09-07 07:54:39,xJQ6KrmdpD0,【以心伝心】新人歌い手グループが『ヤラララ』を本気で歌ってみたら...【EL6】,1648795
2026-09-07 07:54:39,pRy8kStWlAw,'ヤラララ' (YARARARA) ／Cover -しゆん×ばぁう,1556214
2026-09-07 07:54:39,SnZvS3f5IrA,ヤラララ／Cover - KOMAINU.,2741342
2026-09-07 08:54:30,T24rF_x0TmQ,[MV] ABM - 'ヤラララ' (YARARARA) feat. 重音テト,53469687
2026-09-07 08:54:30,xJQ6KrmdpD0,【以心伝心】新人歌い手グループが『ヤラララ』を本気で歌ってみたら...【EL6】,1649906
2026-09-07 08:54:30,pRy8kStWlAw,'ヤラララ' (YARARARA) ／Cover -しゆん×ばぁう,1556389
2026-09-07 08:54:30,SnZvS3f5IrA,ヤラララ／Cover - KOMAINU.,2741851
2026-09-07 09:58:52,T24rF_x0TmQ,[MV] ABM - 'ヤラララ' (YARARARA) feat. 重音テト,53481908
2026-09-07 09:58:52,xJQ6KrmdpD0,【以心伝心】新人歌い手グループが『ヤラララ』を本気で歌ってみたら...【EL6】,1652177
2026-09-07 09:58:52,pRy8kStWlAw,'ヤラララ' (YARARARA) ／Cover -しゆん×ばぁう,1556694
2026-09-07 09:58:52,SnZvS3f5IrA,ヤラララ／Cover - KOMAINU.,2742498
2026-09-07 10:56:26,T24rF_x0TmQ,[MV] ABM - 'ヤラララ' (YARARARA) feat. 重音テト,53492791
2026-09-07 10:56:26,xJQ6KrmdpD0,【以心伝心】新人歌い手グループが『ヤラララ』を本気で歌ってみたら...【EL6】,1654184
2026-09-07 10:56:26,pRy8kStWlAw,'ヤラララ' (YARARARA) ／Cover -しゆん×ばぁう,1556937
2026-09-07 10:56:26,SnZvS3f5IrA,ヤラララ／Cover - KOMAINU.,2743038
2026-09-07 11:56:10,T24rF_x0TmQ,[MV] ABM - 'ヤラララ' (YARARARA) feat. 重音テト,53505325
2026-09-07 11:56:10,xJQ6KrmdpD0,【以心伝心】新人歌い手グループが『ヤラララ』を本気で歌ってみたら...【EL6】,1655866
2026-09-07 11:56:10,pRy8kStWlAw,'ヤラララ' (YARARARA) ／Cover -しゆん×ばぁう,1557167
2026-09-07 11:56:10,SnZvS3f5IrA,ヤラララ／Cover - KOMAINU.,2743664
2026-09-07 12:57:04,T24rF_x0TmQ,[MV] ABM - 'ヤラララ' (YARARARA) feat. 重音テト,53516265
2026-09-07 12:57:04,xJQ6KrmdpD0,【以心伝心】新人歌い手グループが『ヤラララ』を本気で歌ってみたら...【EL6】,1657330
2026-09-07 12:57:04,pRy8kStWlAw,'ヤラララ' (YARARARA) ／Cover -しゆん×ばぁう,1557384
2026-09-07 12:57:04,SnZvS3f5IrA,ヤラララ／Cover - KOMAINU.,2744204
2026-09-07 13:56:31,T24rF_x0TmQ,[MV] ABM - 'ヤラララ' (YARARARA) feat. 重音テト,53526976
2026-09-07 13:56:31,xJQ6KrmdpD0,【以心伝心】新人歌い手グループが『ヤラララ』を本気で歌ってみたら...【EL6】,1658775
2026-09-07 13:56:31,pRy8kStWlAw,'ヤラララ' (YARARARA) ／Cover -しゆん×ばぁう,1557607
2026-09-07 13:56:31,SnZvS3f5IrA,ヤラララ／Cover - KOMAINU.,2744724
2026-09-07 14:55:58,T24rF_x0TmQ,[MV] ABM - 'ヤラララ' (YARARARA) feat. 重音テト,53535105
2026-09-07 14:55:58,xJQ6KrmdpD0,【以心伝心】新人歌い手グループが『ヤラララ』を本気で歌ってみたら...【EL6】,1660330
2026-09-07 14:55:58,pRy8kStWlAw,'ヤラララ' (YARARARA) ／Cover -しゆん×ばぁう,1557790
2026-09-07 14:55:58,SnZvS3f5IrA,ヤラララ／Cover - KOMAINU.,2745149
2026-09-07 16:00:14,T24rF_x0TmQ,[MV] ABM - 'ヤラララ' (YARARARA) feat. 重音テト,53545971
2026-09-07 16:00:14,xJQ6KrmdpD0,【以心伝心】新人歌い手グループが『ヤラララ』を本気で歌ってみたら...【EL6】,1661996
2026-09-07 16:00:14,pRy8kStWlAw,'ヤラララ' (YARARARA) ／Cover -しゆん×ばぁう,1558056
2026-09-07 16:00:14,SnZvS3f5IrA,ヤラララ／Cover - KOMAINU.,2745816
2026-09-07 16:57:15,T24rF_x0TmQ,[MV] ABM - 'ヤラララ' (YARARARA) feat. 重音テト,53553722
2026-09-07 16:57:15,xJQ6KrmdpD0,【以心伝心】新人歌い手グループが『ヤラララ』を本気で歌ってみたら...【EL6】,1663460
2026-09-07 16:57:15,pRy8kStWlAw,'ヤラララ' (YARARARA) ／Cover -しゆん×ばぁう,1558285
2026-09-07 16:57:15,SnZvS3f5IrA,ヤラララ／Cover - KOMAINU.,2746305
2026-09-07 17:57:21,T24rF_x0TmQ,[MV] ABM - 'ヤラララ' (YARARARA) feat. 重音テト,53563649
2026-09-07 17:57:21,xJQ6KrmdpD0,【以心伝心】新人歌い手グループが『ヤラララ』を本気で歌ってみたら...【EL6】,1665449
2026-09-07 17:57:21,pRy8kStWlAw,'ヤラララ' (YARARARA) ／Cover -しゆん×ばぁう,1558635
2026-09-07 17:57:21,SnZvS3f5IrA,ヤラララ／Cover - KOMAINU.,2746937
2026-09-07 18:56:56,T24rF_x0TmQ,[MV] ABM - 'ヤラララ' (YARARARA) feat. 重音テト,53574515
2026-09-07 18:56:56,xJQ6KrmdpD0,【以心伝心】新人歌い手グループが『ヤラララ』を本気で歌ってみたら...【EL6】,1667978
2026-09-07 18:56:56,pRy8kStWlAw,'ヤラララ' (YARARARA) ／Cover -しゆん×ばぁう,1559036
2026-09-07 18:56:56,SnZvS3f5IrA,ヤラララ／Cover - KOMAINU.,2747604
2026-09-07 19:55:52,T24rF_x0TmQ,[MV] ABM - 'ヤラララ' (YARARARA) feat. 重音テト,53585326
2026-09-07 19:55:52,xJQ6KrmdpD0,【以心伝心】新人歌い手グループが『ヤラララ』を本気で歌ってみたら...【EL6】,1670705
2026-09-07 19:55:52,pRy8kStWlAw,'ヤラララ' (YARARARA) ／Cover -しゆん×ばぁう,1559346
2026-09-07 19:55:52,SnZvS3f5IrA,ヤラララ／Cover - KOMAINU.,2748327
2026-09-07 20:56:22,T24rF_x0TmQ,[MV] ABM - 'ヤラララ' (YARARARA) feat. 重音テト,53593650
2026-09-07 20:56:22,xJQ6KrmdpD0,【以心伝心】新人歌い手グループが『ヤラララ』を本気で歌ってみたら...【EL6】,1673080
2026-09-07 20:56:22,pRy8kStWlAw,'ヤラララ' (YARARARA) ／Cover -しゆん×ばぁう,1559687
2026-09-07 20:56:22,SnZvS3f5IrA,ヤラララ／Cover - KOMAINU.,2748901
2026-09-07 21:58:45,T24rF_x0TmQ,[MV] ABM - 'ヤラララ' (YARARARA) feat. 重音テト,53607905
2026-09-07 21:58:45,xJQ6KrmdpD0,【以心伝心】新人歌い手グループが『ヤラララ』を本気で歌ってみたら...【EL6】,1676462
2026-09-07 21:58:45,pRy8kStWlAw,'ヤラララ' (YARARARA) ／Cover -しゆん×ばぁう,1560240
2026-09-07 21:58:45,SnZvS3f5IrA,ヤラララ／Cover - KOMAINU.,2749878
2026-09-07 22:56:51,T24rF_x0TmQ,[MV] ABM - 'ヤラララ' (YARARARA) feat. 重音テト,53620698
2026-09-07 22:56:51,xJQ6KrmdpD0,【以心伝心】新人歌い手グループが『ヤラララ』を本気で歌ってみたら...【EL6】,1679228
2026-09-07 22:56:51,pRy8kStWlAw,'ヤラララ' (YARARARA) ／Cover -しゆん×ばぁう,1560656
2026-09-07 22:56:51,SnZvS3f5IrA,ヤラララ／Cover - KOMAINU.,2750603
2026-09-07 23:57:31,T24rF_x0TmQ,[MV] ABM - 'ヤラララ' (YARARARA) feat. 重音テト,53636650
2026-09-07 23:57:31,xJQ6KrmdpD0,【以心伝心】新人歌い手グループが『ヤラララ』を本気で歌ってみたら...【EL6】,1682349
2026-09-07 23:57:31,pRy8kStWlAw,'ヤラララ' (YARARARA) ／Cover -しゆん×ばぁう,1561155
2026-09-07 23:57:31,SnZvS3f5IrA,ヤラララ／Cover - KOMAINU.,2751486
2026-09-08 00:56:13,T24rF_x0TmQ,[MV] ABM - 'ヤラララ' (YARARARA) feat. 重音テト,53648652
2026-09-08 00:56:13,xJQ6KrmdpD0,【以心伝心】新人歌い手グループが『ヤラララ』を本気で歌ってみたら...【EL6】,1684698
2026-09-08 00:56:13,pRy8kStWlAw,'ヤラララ' (YARARARA) ／Cover -しゆん×ばぁう,1561462
2026-09-08 00:56:13,SnZvS3f5IrA,ヤラララ／Cover - KOMAINU.,2752272
2026-09-08 01:56:16,T24rF_x0TmQ,[MV] ABM - 'ヤラララ' (YARARARA) feat. 重音テト,53661186
2026-09-08 01:56:16,xJQ6KrmdpD0,【以心伝心】新人歌い手グループが『ヤラララ』を本気で歌ってみたら...【EL6】,1686430
2026-09-08 01:56:16,pRy8kStWlAw,'ヤラララ' (YARARARA) ／Cover -しゆん×ばぁう,1561689
2026-09-08 01:56:16,SnZvS3f5IrA,ヤラララ／Cover - KOMAINU.,2752879
2026-09-08 02:54:57,T24rF_x0TmQ,[MV] ABM - 'ヤラララ' (YARARARA) feat. 重音テト,53675787
2026-09-08 02:54:57,xJQ6KrmdpD0,【以心伝心】新人歌い手グループが『ヤラララ』を本気で歌ってみたら...【EL6】,1688445
2026-09-08 02:54:57,pRy8kStWlAw,'ヤラララ' (YARARARA) ／Cover -しゆん×ばぁう,1562004
2026-09-08 02:54:57,SnZvS3f5IrA,ヤラララ／Cover - KOMAINU.,2753741
2026-09-08 03:56:38,T24rF_x0TmQ,[MV] ABM - 'ヤラララ' (YARARARA) feat. 重音テト,53688973
2026-09-08 03:56:38,xJQ6KrmdpD0,【以心伝心】新人歌い手グループが『ヤラララ』を本気で歌ってみたら...【EL6】,1689651
2026-09-08 03:56:38,pRy8kStWlAw,'ヤラララ' (YARARARA) ／Cover -しゆん×ばぁう,1562194
2026-09-08 03:56:38,SnZvS3f5IrA,ヤラララ／Cover - KOMAINU.,2754347
2026-09-08 04:55:03,T24rF_x0TmQ,[MV] ABM - 'ヤラララ' (YARARARA) feat. 重音テト,53700547
2026-09-08 04:55:03,xJQ6KrmdpD0,【以心伝心】新人歌い手グループが『ヤラララ』を本気で歌ってみたら...【EL6】,1690587
2026-09-08 04:55:03,pRy8kStWlAw,'ヤラララ' (YARARARA) ／Cover -しゆん×ばぁう,1562391
2026-09-08 04:55:03,SnZvS3f5IrA,ヤラララ／Cover - KOMAINU.,2754976
2026-09-08 05:54:56,T24rF_x0TmQ,[MV] ABM - 'ヤラララ' (YARARARA) feat. 重音テト,53709644
2026-09-08 05:54:56,xJQ6KrmdpD0,【以心伝心】新人歌い手グループが『ヤラララ』を本気で歌ってみたら...【EL6】,1691238
2026-09-08 05:54:56,pRy8kStWlAw,'ヤラララ' (YARARARA) ／Cover -しゆん×ばぁう,1562490
2026-09-08 05:54:56,SnZvS3f5IrA,ヤラララ／Cover - KOMAINU.,2755330
2026-09-08 06:54:58,T24rF_x0TmQ,[MV] ABM - 'ヤラララ' (YARARARA) feat. 重音テト,53722176
2026-09-08 06:54:58,xJQ6KrmdpD0,【以心伝心】新人歌い手グループが『ヤラララ』を本気で歌ってみたら...【EL6】,1691782
2026-09-08 06:54:58,pRy8kStWlAw,'ヤラララ' (YARARARA) ／Cover -しゆん×ばぁう,1562624
2026-09-08 06:54:58,SnZvS3f5IrA,ヤラララ／Cover - KOMAINU.,2755916
2026-09-08 07:54:12,T24rF_x0TmQ,[MV] ABM - 'ヤラララ' (YARARARA) feat. 重音テト,53732667
2026-09-08 07:54:12,xJQ6KrmdpD0,【以心伝心】新人歌い手グループが『ヤラララ』を本気で歌ってみたら...【EL6】,1692372
2026-09-08 07:54:12,pRy8kStWlAw,'ヤラララ' (YARARARA) ／Cover -しゆん×ばぁう,1562777
2026-09-08 07:54:12,SnZvS3f5IrA,ヤラララ／Cover - KOMAINU.,2756381
2026-09-08 08:54:32,T24rF_x0TmQ,[MV] ABM - 'ヤラララ' (YARARARA) feat. 重音テト,53742974
2026-09-08 08:54:32,xJQ6KrmdpD0,【以心伝心】新人歌い手グループが『ヤラララ』を本気で歌ってみたら...【EL6】,1693502
2026-09-08 08:54:32,pRy8kStWlAw,'ヤラララ' (YARARARA) ／Cover -しゆん×ばぁう,1562984
2026-09-08 08:54:32,SnZvS3f5IrA,ヤラララ／Cover - KOMAINU.,2756819
2026-09-08 09:59:00,T24rF_x0TmQ,[MV] ABM - 'ヤラララ' (YARARARA) feat. 重音テト,53756569
2026-09-08 09:59:00,xJQ6KrmdpD0,【以心伝心】新人歌い手グループが『ヤラララ』を本気で歌ってみたら...【EL6】,1696304
2026-09-08 09:59:00,pRy8kStWlAw,'ヤラララ' (YARARARA) ／Cover -しゆん×ばぁう,1563343
2026-09-08 09:59:00,SnZvS3f5IrA,ヤラララ／Cover - KOMAINU.,2757643
2026-09-08 10:56:55,T24rF_x0TmQ,[MV] ABM - 'ヤラララ' (YARARARA) feat. 重音テト,53767750
2026-09-08 10:56:55,xJQ6KrmdpD0,【以心伝心】新人歌い手グループが『ヤラララ』を本気で歌ってみたら...【EL6】,1698411
2026-09-08 10:56:55,pRy8kStWlAw,'ヤラララ' (YARARARA) ／Cover -しゆん×ばぁう,1563585
2026-09-08 10:56:55,SnZvS3f5IrA,ヤラララ／Cover - KOMAINU.,2758194
2026-09-08 11:56:40,T24rF_x0TmQ,[MV] ABM - 'ヤラララ' (YARARARA) feat. 重音テト,53778665
2026-09-08 11:56:40,xJQ6KrmdpD0,【以心伝心】新人歌い手グループが『ヤラララ』を本気で歌ってみたら...【EL6】,1699723
2026-09-08 11:56:40,pRy8kStWlAw,'ヤラララ' (YARARARA) ／Cover -しゆん×ばぁう,1563784
2026-09-08 11:56:40,SnZvS3f5IrA,ヤラララ／Cover - KOMAINU.,2758704
2026-09-08 12:56:40,T24rF_x0TmQ,[MV] ABM - 'ヤラララ' (YARARARA) feat. 重音テト,53789893
2026-09-08 12:56:40,xJQ6KrmdpD0,【以心伝心】新人歌い手グループが『ヤラララ』を本気で歌ってみたら...【EL6】,1701128
2026-09-08 12:56:40,pRy8kStWlAw,'ヤラララ' (YARARARA) ／Cover -しゆん×ばぁう,1564004
2026-09-08 12:56:40,SnZvS3f5IrA,ヤラララ／Cover - KOMAINU.,2759306
2026-09-08 13:56:45,T24rF_x0TmQ,[MV] ABM - 'ヤラララ' (YARARARA) feat. 重音テト,53799732
2026-09-08 13:56:45,xJQ6KrmdpD0,【以心伝心】新人歌い手グループが『ヤラララ』を本気で歌ってみたら...【EL6】,1702497
2026-09-08 13:56:45,pRy8kStWlAw,'ヤラララ' (YARARARA) ／Cover -しゆん×ばぁう,1564165
2026-09-08 13:56:45,SnZvS3f5IrA,ヤラララ／Cover - KOMAINU.,2759804
2026-09-08 14:55:55,T24rF_x0TmQ,[MV] ABM - 'ヤラララ' (YARARARA) feat. 重音テト,53808633
2026-09-08 14:55:55,xJQ6KrmdpD0,【以心伝心】新人歌い手グループが『ヤラララ』を本気で歌ってみたら...【EL6】,1703857
2026-09-08 14:55:55,pRy8kStWlAw,'ヤラララ' (YARARARA) ／Cover -しゆん×ばぁう,1564371
2026-09-08 14:55:55,SnZvS3f5IrA,ヤラララ／Cover - KOMAINU.,2760355
2026-09-08 15:59:26,T24rF_x0TmQ,[MV] ABM - 'ヤラララ' (YARARARA) feat. 重音テト,53817475
2026-09-08 15:59:26,xJQ6KrmdpD0,【以心伝心】新人歌い手グループが『ヤラララ』を本気で歌ってみたら...【EL6】,1705362
2026-09-08 15:59:26,pRy8kStWlAw,'ヤラララ' (YARARARA) ／Cover -しゆん×ばぁう,1564581
2026-09-08 15:59:26,SnZvS3f5IrA,ヤラララ／Cover - KOMAINU.,2760889
2026-09-08 16:56:58,T24rF_x0TmQ,[MV] ABM - 'ヤラララ' (YARARARA) feat. 重音テト,53825749
2026-09-08 16:56:58,xJQ6KrmdpD0,【以心伝心】新人歌い手グループが『ヤラララ』を本気で歌ってみたら...【EL6】,1706909
2026-09-08 16:56:58,pRy8kStWlAw,'ヤラララ' (YARARARA) ／Cover -しゆん×ばぁう,1564803
2026-09-08 16:56:58,SnZvS3f5IrA,ヤラララ／Cover - KOMAINU.,2761325
2026-09-08 17:57:18,T24rF_x0TmQ,[MV] ABM - 'ヤラララ' (YARARARA) feat. 重音テト,53834774
2026-09-08 17:57:18,xJQ6KrmdpD0,【以心伝心】新人歌い手グループが『ヤラララ』を本気で歌ってみたら...【EL6】,1708803
2026-09-08 17:57:18,pRy8kStWlAw,'ヤラララ' (YARARARA) ／Cover -しゆん×ばぁう,1565071
2026-09-08 17:57:18,SnZvS3f5IrA,ヤラララ／Cover - KOMAINU.,2761921
2026-09-08 18:57:02,T24rF_x0TmQ,[MV] ABM - 'ヤラララ' (YARARARA) feat. 重音テト,53844040
2026-09-08 18:57:02,xJQ6KrmdpD0,【以心伝心】新人歌い手グループが『ヤラララ』を本気で歌ってみたら...【EL6】,1711043
2026-09-08 18:57:02,pRy8kStWlAw,'ヤラララ' (YARARARA) ／Cover -しゆん×ばぁう,1565376
2026-09-08 18:57:02,SnZvS3f5IrA,ヤラララ／Cover - KOMAINU.,2762524
2026-09-08 19:55:55,T24rF_x0TmQ,[MV] ABM - 'ヤラララ' (YARARARA) feat. 重音テト,53855606
2026-09-08 19:55:55,xJQ6KrmdpD0,【以心伝心】新人歌い手グループが『ヤラララ』を本気で歌ってみたら...【EL6】,1714117
2026-09-08 19:55:55,pRy8kStWlAw,'ヤラララ' (YARARARA) ／Cover -しゆん×ばぁう,1565820
2026-09-08 19:55:55,SnZvS3f5IrA,ヤラララ／Cover - KOMAINU.,2763359
2026-09-08 20:56:07,T24rF_x0TmQ,[MV] ABM - 'ヤラララ' (YARARARA) feat. 重音テト,53864334
2026-09-08 20:56:07,xJQ6KrmdpD0,【以心伝心】新人歌い手グループが『ヤラララ』を本気で歌ってみたら...【EL6】,1716750
2026-09-08 20:56:07,pRy8kStWlAw,'ヤラララ' (YARARARA) ／Cover -しゆん×ばぁう,1566245
2026-09-08 20:56:07,SnZvS3f5IrA,ヤラララ／Cover - KOMAINU.,2763912
2026-09-08 21:59:36,T24rF_x0TmQ,[MV] ABM - 'ヤラララ' (YARARARA) feat. 重音テト,53874894
2026-09-08 21:59:36,xJQ6KrmdpD0,【以心伝心】新人歌い手グループが『ヤラララ』を本気で歌ってみたら...【EL6】,1719276
2026-09-08 21:59:36,pRy8kStWlAw,'ヤラララ' (YARARARA) ／Cover -しゆん×ばぁう,1566591
2026-09-08 21:59:36,SnZvS3f5IrA,ヤラララ／Cover - KOMAINU.,2764605
2026-09-08 22:57:59,T24rF_x0TmQ,[MV] ABM - 'ヤラララ' (YARARARA) feat. 重音テト,53888907
2026-09-08 22:57:59,xJQ6KrmdpD0,【以心伝心】新人歌い手グループが『ヤラララ』を本気で歌ってみたら...【EL6】,1722632
2026-09-08 22:57:59,pRy8kStWlAw,'ヤラララ' (YARARARA) ／Cover -しゆん×ばぁう,1567032
2026-09-08 22:57:59,SnZvS3f5IrA,ヤラララ／Cover - KOMAINU.,2765378
2026-09-08 23:58:10,T24rF_x0TmQ,[MV] ABM - 'ヤラララ' (YARARARA) feat. 重音テト,53903723
2026-09-08 23:58:10,xJQ6KrmdpD0,【以心伝心】新人歌い手グループが『ヤラララ』を本気で歌ってみたら...【EL6】,1725780
2026-09-08 23:58:10,pRy8kStWlAw,'ヤラララ' (YARARARA) ／Cover -しゆん×ばぁう,1567422
2026-09-08 23:58:10,SnZvS3f5IrA,ヤラララ／Cover - KOMAINU.,2766288
2026-09-09 00:57:25,T24rF_x0TmQ,[MV] ABM - 'ヤラララ' (YARARARA) feat. 重音テト,53919446
2026-09-09 00:57:25,xJQ6KrmdpD0,【以心伝心】新人歌い手グループが『ヤラララ』を本気で歌ってみたら...【EL6】,1728886
2026-09-09 00:57:25,pRy8kStWlAw,'ヤラララ' (YARARARA) ／Cover -しゆん×ばぁう,1567838
2026-09-09 00:57:25,SnZvS3f5IrA,ヤラララ／Cover - KOMAINU.,2767195
2026-09-09 01:55:55,T24rF_x0TmQ,[MV] ABM - 'ヤラララ' (YARARARA) feat. 重音テト,53929365
2026-09-09 01:55:55,xJQ6KrmdpD0,【以心伝心】新人歌い手グループが『ヤラララ』を本気で歌ってみたら...【EL6】,1730492
2026-09-09 01:55:55,pRy8kStWlAw,'ヤラララ' (YARARARA) ／Cover -しゆん×ばぁう,1568024
2026-09-09 01:55:55,SnZvS3f5IrA,ヤラララ／Cover - KOMAINU.,2767767
2026-09-09 02:55:13,T24rF_x0TmQ,[MV] ABM - 'ヤラララ' (YARARARA) feat. 重音テト,53940572
2026-09-09 02:55:13,xJQ6KrmdpD0,【以心伝心】新人歌い手グループが『ヤラララ』を本気で歌ってみたら...【EL6】,1732080
2026-09-09 02:55:13,pRy8kStWlAw,'ヤラララ' (YARARARA) ／Cover -しゆん×ばぁう,1568262
2026-09-09 02:55:13,SnZvS3f5IrA,ヤラララ／Cover - KOMAINU.,2768510
2026-09-09 03:58:18,T24rF_x0TmQ,[MV] ABM - 'ヤラララ' (YARARARA) feat. 重音テト,53947120
2026-09-09 03:58:18,xJQ6KrmdpD0,【以心伝心】新人歌い手グループが『ヤラララ』を本気で歌ってみたら...【EL6】,1732767
2026-09-09 03:58:18,pRy8kStWlAw,'ヤラララ' (YARARARA) ／Cover -しゆん×ばぁう,1568379
2026-09-09 03:58:18,SnZvS3f5IrA,ヤラララ／Cover - KOMAINU.,2768806
2026-09-09 04:55:06,T24rF_x0TmQ,[MV] ABM - 'ヤラララ' (YARARARA) feat. 重音テト,53960315
2026-09-09 04:55:06,xJQ6KrmdpD0,【以心伝心】新人歌い手グループが『ヤラララ』を本気で歌ってみたら...【EL6】,1733955
2026-09-09 04:55:06,pRy8kStWlAw,'ヤラララ' (YARARARA) ／Cover -しゆん×ばぁう,1568567
2026-09-09 04:55:06,SnZvS3f5IrA,ヤラララ／Cover - KOMAINU.,2769446
2026-09-09 05:55:45,T24rF_x0TmQ,[MV] ABM - 'ヤラララ' (YARARARA) feat. 重音テト,53969474
2026-09-09 05:55:45,xJQ6KrmdpD0,【以心伝心】新人歌い手グループが『ヤラララ』を本気で歌ってみたら...【EL6】,1734979
2026-09-09 05:55:45,pRy8kStWlAw,'ヤラララ' (YARARARA) ／Cover -しゆん×ばぁう,1568705
2026-09-09 05:55:45,SnZvS3f5IrA,ヤラララ／Cover - KOMAINU.,2769903
2026-09-09 06:54:21,T24rF_x0TmQ,[MV] ABM - 'ヤラララ' (YARARARA) feat. 重音テト,53979747
2026-09-09 06:54:21,xJQ6KrmdpD0,【以心伝心】新人歌い手グループが『ヤラララ』を本気で歌ってみたら...【EL6】,1735575
2026-09-09 06:54:21,pRy8kStWlAw,'ヤラララ' (YARARARA) ／Cover -しゆん×ばぁう,1568841
2026-09-09 06:54:21,SnZvS3f5IrA,ヤラララ／Cover - KOMAINU.,2770463
2026-09-09 07:54:56,T24rF_x0TmQ,[MV] ABM - 'ヤラララ' (YARARARA) feat. 重音テト,53995687
2026-09-09 07:54:56,xJQ6KrmdpD0,【以心伝心】新人歌い手グループが『ヤラララ』を本気で歌ってみたら...【EL6】,1736578
2026-09-09 07:54:56,pRy8kStWlAw,'ヤラララ' (YARARARA) ／Cover -しゆん×ばぁう,1569015
2026-09-09 07:54:56,SnZvS3f5IrA,ヤラララ／Cover - KOMAINU.,2771155
2026-09-09 08:54:20,T24rF_x0TmQ,[MV] ABM - 'ヤラララ' (YARARARA) feat. 重音テト,54005861
2026-09-09 08:54:20,xJQ6KrmdpD0,【以心伝心】新人歌い手グループが『ヤラララ』を本気で歌ってみたら...【EL6】,1737616
2026-09-09 08:54:20,pRy8kStWlAw,'ヤラララ' (YARARARA) ／Cover -しゆん×ばぁう,1569149
2026-09-09 08:54:20,SnZvS3f5IrA,ヤラララ／Cover - KOMAINU.,2771605
2026-09-09 09:58:23,T24rF_x0TmQ,[MV] ABM - 'ヤラララ' (YARARARA) feat. 重音テト,54020213
2026-09-09 09:58:23,xJQ6KrmdpD0,【以心伝心】新人歌い手グループが『ヤラララ』を本気で歌ってみたら...【EL6】,1740397
2026-09-09 09:58:23,pRy8kStWlAw,'ヤラララ' (YARARARA) ／Cover -しゆん×ばぁう,1569512
2026-09-09 09:58:23,SnZvS3f5IrA,ヤラララ／Cover - KOMAINU.,2772446
2026-09-09 10:57:07,T24rF_x0TmQ,[MV] ABM - 'ヤラララ' (YARARARA) feat. 重音テト,54032293
2026-09-09 10:57:07,xJQ6KrmdpD0,【以心伝心】新人歌い手グループが『ヤラララ』を本気で歌ってみたら...【EL6】,1742680
2026-09-09 10:57:07,pRy8kStWlAw,'ヤラララ' (YARARARA) ／Cover -しゆん×ばぁう,1569798
2026-09-09 10:57:07,SnZvS3f5IrA,ヤラララ／Cover - KOMAINU.,2773133
2026-09-09 11:56:18,T24rF_x0TmQ,[MV] ABM - 'ヤラララ' (YARARARA) feat. 重音テト,54043221
2026-09-09 11:56:18,xJQ6KrmdpD0,【以心伝心】新人歌い手グループが『ヤラララ』を本気で歌ってみたら...【EL6】,1744109
2026-09-09 11:56:18,pRy8kStWlAw,'ヤラララ' (YARARARA) ／Cover -しゆん×ばぁう,1569976
2026-09-09 11:56:18,SnZvS3f5IrA,ヤラララ／Cover - KOMAINU.,2773681
2026-09-09 12:56:25,T24rF_x0TmQ,[MV] ABM - 'ヤラララ' (YARARARA) feat. 重音テト,54052877
2026-09-09 12:56:25,xJQ6KrmdpD0,【以心伝心】新人歌い手グループが『ヤラララ』を本気で歌ってみたら...【EL6】,1745289
2026-09-09 12:56:25,pRy8kStWlAw,'ヤラララ' (YARARARA) ／Cover -しゆん×ばぁう,1570121
2026-09-09 12:56:25,SnZvS3f5IrA,ヤラララ／Cover - KOMAINU.,2774149
2026-09-09 13:56:23,T24rF_x0TmQ,[MV] ABM - 'ヤラララ' (YARARARA) feat. 重音テト,54063696
2026-09-09 13:56:23,xJQ6KrmdpD0,【以心伝心】新人歌い手グループが『ヤラララ』を本気で歌ってみたら...【EL6】,1746949
2026-09-09 13:56:23,pRy8kStWlAw,'ヤラララ' (YARARARA) ／Cover -しゆん×ばぁう,1570360
2026-09-09 13:56:23,SnZvS3f5IrA,ヤラララ／Cover - KOMAINU.,2774797
2026-09-09 14:55:36,T24rF_x0TmQ,[MV] ABM - 'ヤラララ' (YARARARA) feat. 重音テト,54073586
2026-09-09 14:55:36,xJQ6KrmdpD0,【以心伝心】新人歌い手グループが『ヤラララ』を本気で歌ってみたら...【EL6】,1748559
2026-09-09 14:55:36,pRy8kStWlAw,'ヤラララ' (YARARARA) ／Cover -しゆん×ばぁう,1570570
2026-09-09 14:55:36,SnZvS3f5IrA,ヤラララ／Cover - KOMAINU.,2775435
2026-09-09 15:59:07,T24rF_x0TmQ,[MV] ABM - 'ヤラララ' (YARARARA) feat. 重音テト,54082336
2026-09-09 15:59:07,xJQ6KrmdpD0,【以心伝心】新人歌い手グループが『ヤラララ』を本気で歌ってみたら...【EL6】,1750135
2026-09-09 15:59:07,pRy8kStWlAw,'ヤラララ' (YARARARA) ／Cover -しゆん×ばぁう,1570796
2026-09-09 15:59:07,SnZvS3f5IrA,ヤラララ／Cover - KOMAINU.,2776016
2026-09-09 16:56:32,T24rF_x0TmQ,[MV] ABM - 'ヤラララ' (YARARARA) feat. 重音テト,54091265
2026-09-09 16:56:32,xJQ6KrmdpD0,【以心伝心】新人歌い手グループが『ヤラララ』を本気で歌ってみたら...【EL6】,1752037
2026-09-09 16:56:32,pRy8kStWlAw,'ヤラララ' (YARARARA) ／Cover -しゆん×ばぁう,1571002
2026-09-09 16:56:32,SnZvS3f5IrA,ヤラララ／Cover - KOMAINU.,2776549
2026-09-09 17:56:41,T24rF_x0TmQ,[MV] ABM - 'ヤラララ' (YARARARA) feat. 重音テト,54100476
2026-09-09 17:56:41,xJQ6KrmdpD0,【以心伝心】新人歌い手グループが『ヤラララ』を本気で歌ってみたら...【EL6】,1754010
2026-09-09 17:56:41,pRy8kStWlAw,'ヤラララ' (YARARARA) ／Cover -しゆん×ばぁう,1571290
2026-09-09 17:56:41,SnZvS3f5IrA,ヤラララ／Cover - KOMAINU.,2777161
2026-09-09 18:56:23,T24rF_x0TmQ,[MV] ABM - 'ヤラララ' (YARARARA) feat. 重音テト,54110075
2026-09-09 18:56:23,xJQ6KrmdpD0,【以心伝心】新人歌い手グループが『ヤラララ』を本気で歌ってみたら...【EL6】,1756399
2026-09-09 18:56:23,pRy8kStWlAw,'ヤラララ' (YARARARA) ／Cover -しゆん×ばぁう,1571590
2026-09-09 18:56:23,SnZvS3f5IrA,ヤラララ／Cover - KOMAINU.,2777764
2026-09-09 19:56:10,T24rF_x0TmQ,[MV] ABM - 'ヤラララ' (YARARARA) feat. 重音テト,54121383
2026-09-09 19:56:10,xJQ6KrmdpD0,【以心伝心】新人歌い手グループが『ヤラララ』を本気で歌ってみたら...【EL6】,1759486
2026-09-09 19:56:10,pRy8kStWlAw,'ヤラララ' (YARARARA) ／Cover -しゆん×ばぁう,1572007
2026-09-09 19:56:10,SnZvS3f5IrA,ヤラララ／Cover - KOMAINU.,2778520
2026-09-09 20:55:56,T24rF_x0TmQ,[MV] ABM - 'ヤラララ' (YARARARA) feat. 重音テト,54131765
2026-09-09 20:55:56,xJQ6KrmdpD0,【以心伝心】新人歌い手グループが『ヤラララ』を本気で歌ってみたら...【EL6】,1762382
2026-09-09 20:55:56,pRy8kStWlAw,'ヤラララ' (YARARARA) ／Cover -しゆん×ばぁう,1572371
2026-09-09 20:55:56,SnZvS3f5IrA,ヤラララ／Cover - KOMAINU.,2779268
2026-09-09 21:59:23,T24rF_x0TmQ,[MV] ABM - 'ヤラララ' (YARARARA) feat. 重音テト,54143140
2026-09-09 21:59:23,xJQ6KrmdpD0,【以心伝心】新人歌い手グループが『ヤラララ』を本気で歌ってみたら...【EL6】,1765243
2026-09-09 21:59:23,pRy8kStWlAw,'ヤラララ' (YARARARA) ／Cover -しゆん×ばぁう,1572745
2026-09-09 21:59:23,SnZvS3f5IrA,ヤラララ／Cover - KOMAINU.,2780030
2026-09-09 22:56:35,T24rF_x0TmQ,[MV] ABM - 'ヤラララ' (YARARARA) feat. 重音テト,54154742
2026-09-09 22:56:35,xJQ6KrmdpD0,【以心伝心】新人歌い手グループが『ヤラララ』を本気で歌ってみたら...【EL6】,1767831
2026-09-09 22:56:35,pRy8kStWlAw,'ヤラララ' (YARARARA) ／Cover -しゆん×ばぁう,1573045
2026-09-09 22:56:35,SnZvS3f5IrA,ヤラララ／Cover - KOMAINU.,2780647
2026-09-09 23:57:27,T24rF_x0TmQ,[MV] ABM - 'ヤラララ' (YARARARA) feat. 重音テト,54165883
2026-09-09 23:57:27,xJQ6KrmdpD0,【以心伝心】新人歌い手グループが『ヤラララ』を本気で歌ってみたら...【EL6】,1770208
2026-09-09 23:57:27,pRy8kStWlAw,'ヤラララ' (YARARARA) ／Cover -しゆん×ばぁう,1573290
2026-09-09 23:57:27,SnZvS3f5IrA,ヤラララ／Cover - KOMAINU.,2781227
2026-09-10 00:56:07,T24rF_x0TmQ,[MV] ABM - 'ヤラララ' (YARARARA) feat. 重音テト,54173529
2026-09-10 00:56:07,xJQ6KrmdpD0,【以心伝心】新人歌い手グループが『ヤラララ』を本気で歌ってみたら...【EL6】,1771754
2026-09-10 00:56:07,pRy8kStWlAw,'ヤラララ' (YARARARA) ／Cover -しゆん×ばぁう,1573504
2026-09-10 00:56:07,SnZvS3f5IrA,ヤラララ／Cover - KOMAINU.,2781705
2026-09-10 01:55:59,T24rF_x0TmQ,[MV] ABM - 'ヤラララ' (YARARARA) feat. 重音テト,54182170
2026-09-10 01:55:59,xJQ6KrmdpD0,【以心伝心】新人歌い手グループが『ヤラララ』を本気で歌ってみたら...【EL6】,1772790
2026-09-10 01:55:59,pRy8kStWlAw,'ヤラララ' (YARARARA) ／Cover -しゆん×ばぁう,1573657
2026-09-10 01:55:59,SnZvS3f5IrA,ヤラララ／Cover - KOMAINU.,2782109
2026-09-10 02:54:48,T24rF_x0TmQ,[MV] ABM - 'ヤラララ' (YARARARA) feat. 重音テト,54197327
2026-09-10 02:54:48,xJQ6KrmdpD0,【以心伝心】新人歌い手グループが『ヤラララ』を本気で歌ってみたら...【EL6】,1775984
2026-09-10 02:54:48,pRy8kStWlAw,'ヤラララ' (YARARARA) ／Cover -しゆん×ばぁう,1573956
2026-09-10 02:54:48,SnZvS3f5IrA,ヤラララ／Cover - KOMAINU.,2783026
2026-09-10 03:55:34,T24rF_x0TmQ,[MV] ABM - 'ヤラララ' (YARARARA) feat. 重音テト,54203968
2026-09-10 03:55:34,xJQ6KrmdpD0,【以心伝心】新人歌い手グループが『ヤラララ』を本気で歌ってみたら...【EL6】,1776819
2026-09-10 03:55:34,pRy8kStWlAw,'ヤラララ' (YARARARA) ／Cover -しゆん×ばぁう,1574151
2026-09-10 03:55:34,SnZvS3f5IrA,ヤラララ／Cover - KOMAINU.,2783336
2026-09-10 04:54:37,T24rF_x0TmQ,[MV] ABM - 'ヤラララ' (YARARARA) feat. 重音テト,54219289
2026-09-10 04:54:37,xJQ6KrmdpD0,【以心伝心】新人歌い手グループが『ヤラララ』を本気で歌ってみたら...【EL6】,1778666
2026-09-10 04:54:37,pRy8kStWlAw,'ヤラララ' (YARARARA) ／Cover -しゆん×ばぁう,1574500
2026-09-10 04:54:37,SnZvS3f5IrA,ヤラララ／Cover - KOMAINU.,2784265
2026-09-10 05:54:33,T24rF_x0TmQ,[MV] ABM - 'ヤラララ' (YARARARA) feat. 重音テト,54226734
2026-09-10 05:54:33,xJQ6KrmdpD0,【以心伝心】新人歌い手グループが『ヤラララ』を本気で歌ってみたら...【EL6】,1779628
2026-09-10 05:54:33,pRy8kStWlAw,'ヤラララ' (YARARARA) ／Cover -しゆん×ばぁう,1574602
2026-09-10 05:54:33,SnZvS3f5IrA,ヤラララ／Cover - KOMAINU.,2784625
2026-09-10 06:54:22,T24rF_x0TmQ,[MV] ABM - 'ヤラララ' (YARARARA) feat. 重音テト,54237968
2026-09-10 06:54:22,xJQ6KrmdpD0,【以心伝心】新人歌い手グループが『ヤラララ』を本気で歌ってみたら...【EL6】,1780522
2026-09-10 06:54:22,pRy8kStWlAw,'ヤラララ' (YARARARA) ／Cover -しゆん×ばぁう,1574752
2026-09-10 06:54:22,SnZvS3f5IrA,ヤラララ／Cover - KOMAINU.,2785130
2026-09-10 07:54:47,T24rF_x0TmQ,[MV] ABM - 'ヤラララ' (YARARARA) feat. 重音テト,54250281
2026-09-10 07:54:47,xJQ6KrmdpD0,【以心伝心】新人歌い手グループが『ヤラララ』を本気で歌ってみたら...【EL6】,1781417
2026-09-10 07:54:47,pRy8kStWlAw,'ヤラララ' (YARARARA) ／Cover -しゆん×ばぁう,1574881
2026-09-10 07:54:47,SnZvS3f5IrA,ヤラララ／Cover - KOMAINU.,2785675
2026-09-10 08:54:38,T24rF_x0TmQ,[MV] ABM - 'ヤラララ' (YARARARA) feat. 重音テト,54270148
2026-09-10 08:54:38,xJQ6KrmdpD0,【以心伝心】新人歌い手グループが『ヤラララ』を本気で歌ってみたら...【EL6】,1782907
2026-09-10 08:54:38,pRy8kStWlAw,'ヤラララ' (YARARARA) ／Cover -しゆん×ばぁう,1575052
2026-09-10 08:54:38,SnZvS3f5IrA,ヤラララ／Cover - KOMAINU.,2786488
2026-09-10 09:58:27,T24rF_x0TmQ,[MV] ABM - 'ヤラララ' (YARARARA) feat. 重音テト,54276593
2026-09-10 09:58:27,xJQ6KrmdpD0,【以心伝心】新人歌い手グループが『ヤラララ』を本気で歌ってみたら...【EL6】,1784111
2026-09-10 09:58:27,pRy8kStWlAw,'ヤラララ' (YARARARA) ／Cover -しゆん×ばぁう,1575270
2026-09-10 09:58:27,SnZvS3f5IrA,ヤラララ／Cover - KOMAINU.,2786871
2026-09-10 10:57:16,T24rF_x0TmQ,[MV] ABM - 'ヤラララ' (YARARARA) feat. 重音テト,54282936
2026-09-10 10:57:16,xJQ6KrmdpD0,【以心伝心】新人歌い手グループが『ヤラララ』を本気で歌ってみたら...【EL6】,1785066
2026-09-10 10:57:16,pRy8kStWlAw,'ヤラララ' (YARARARA) ／Cover -しゆん×ばぁう,1575377
2026-09-10 10:57:16,SnZvS3f5IrA,ヤラララ／Cover - KOMAINU.,2787115
2026-09-10 11:56:37,T24rF_x0TmQ,[MV] ABM - 'ヤラララ' (YARARARA) feat. 重音テト,54294553
2026-09-10 11:56:37,xJQ6KrmdpD0,【以心伝心】新人歌い手グループが『ヤラララ』を本気で歌ってみたら...【EL6】,1786781
2026-09-10 11:56:37,pRy8kStWlAw,'ヤラララ' (YARARARA) ／Cover -しゆん×ばぁう,1575572
2026-09-10 11:56:37,SnZvS3f5IrA,ヤラララ／Cover - KOMAINU.,2787719
2026-09-10 12:56:44,T24rF_x0TmQ,[MV] ABM - 'ヤラララ' (YARARARA) feat. 重音テト,54306140
2026-09-10 12:56:44,xJQ6KrmdpD0,【以心伝心】新人歌い手グループが『ヤラララ』を本気で歌ってみたら...【EL6】,1788947
2026-09-10 12:56:44,pRy8kStWlAw,'ヤラララ' (YARARARA) ／Cover -しゆん×ばぁう,1575867
2026-09-10 12:56:44,SnZvS3f5IrA,ヤラララ／Cover - KOMAINU.,2788339
2026-09-10 13:56:30,T24rF_x0TmQ,[MV] ABM - 'ヤラララ' (YARARARA) feat. 重音テト,54327913
2026-09-10 13:56:30,xJQ6KrmdpD0,【以心伝心】新人歌い手グループが『ヤラララ』を本気で歌ってみたら...【EL6】,1792195
2026-09-10 13:56:30,pRy8kStWlAw,'ヤラララ' (YARARARA) ／Cover -しゆん×ばぁう,1576295
2026-09-10 13:56:30,SnZvS3f5IrA,ヤラララ／Cover - KOMAINU.,2789417
2026-09-10 14:55:36,T24rF_x0TmQ,[MV] ABM - 'ヤラララ' (YARARARA) feat. 重音テト,54331443
2026-09-10 14:55:36,xJQ6KrmdpD0,【以心伝心】新人歌い手グループが『ヤラララ』を本気で歌ってみたら...【EL6】,1792729
2026-09-10 14:55:36,pRy8kStWlAw,'ヤラララ' (YARARARA) ／Cover -しゆん×ばぁう,1576362
2026-09-10 14:55:36,SnZvS3f5IrA,ヤラララ／Cover - KOMAINU.,2789565
2026-09-10 15:59:13,T24rF_x0TmQ,[MV] ABM - 'ヤラララ' (YARARARA) feat. 重音テト,54335742
2026-09-10 15:59:13,xJQ6KrmdpD0,【以心伝心】新人歌い手グループが『ヤラララ』を本気で歌ってみたら...【EL6】,1793422
2026-09-10 15:59:13,pRy8kStWlAw,'ヤラララ' (YARARARA) ／Cover -しゆん×ばぁう,1576469
2026-09-10 15:59:13,SnZvS3f5IrA,ヤラララ／Cover - KOMAINU.,2789831
2026-09-10 16:56:15,T24rF_x0TmQ,[MV] ABM - 'ヤラララ' (YARARARA) feat. 重音テト,54345211
2026-09-10 16:56:15,xJQ6KrmdpD0,【以心伝心】新人歌い手グループが『ヤラララ』を本気で歌ってみたら...【EL6】,1794903
2026-09-10 16:56:15,pRy8kStWlAw,'ヤラララ' (YARARARA) ／Cover -しゆん×ばぁう,1576669
2026-09-10 16:56:15,SnZvS3f5IrA,ヤラララ／Cover - KOMAINU.,2790378
2026-09-10 17:57:03,T24rF_x0TmQ,[MV] ABM - 'ヤラララ' (YARARARA) feat. 重音テト,54354567
2026-09-10 17:57:03,xJQ6KrmdpD0,【以心伝心】新人歌い手グループが『ヤラララ』を本気で歌ってみたら...【EL6】,1796729
2026-09-10 17:57:03,pRy8kStWlAw,'ヤラララ' (YARARARA) ／Cover -しゆん×ばぁう,1576933
2026-09-10 17:57:03,SnZvS3f5IrA,ヤラララ／Cover - KOMAINU.,2791017
2026-09-10 18:56:32,T24rF_x0TmQ,[MV] ABM - 'ヤラララ' (YARARARA) feat. 重音テト,54365119
2026-09-10 18:56:32,xJQ6KrmdpD0,【以心伝心】新人歌い手グループが『ヤラララ』を本気で歌ってみたら...【EL6】,1799160
2026-09-10 18:56:32,pRy8kStWlAw,'ヤラララ' (YARARARA) ／Cover -しゆん×ばぁう,1577290
2026-09-10 18:56:32,SnZvS3f5IrA,ヤラララ／Cover - KOMAINU.,2791771
2026-09-10 19:56:23,T24rF_x0TmQ,[MV] ABM - 'ヤラララ' (YARARARA) feat. 重音テト,54381602
2026-09-10 19:56:23,xJQ6KrmdpD0,【以心伝心】新人歌い手グループが『ヤラララ』を本気で歌ってみたら...【EL6】,1803168
2026-09-10 19:56:23,pRy8kStWlAw,'ヤラララ' (YARARARA) ／Cover -しゆん×ばぁう,1577789
2026-09-10 19:56:23,SnZvS3f5IrA,ヤラララ／Cover - KOMAINU.,2792876
2026-09-10 20:55:45,T24rF_x0TmQ,[MV] ABM - 'ヤラララ' (YARARARA) feat. 重音テト,54385895
2026-09-10 20:55:45,xJQ6KrmdpD0,【以心伝心】新人歌い手グループが『ヤラララ』を本気で歌ってみたら...【EL6】,1804335
2026-09-10 20:55:45,pRy8kStWlAw,'ヤラララ' (YARARARA) ／Cover -しゆん×ばぁう,1577937
2026-09-10 20:55:45,SnZvS3f5IrA,ヤラララ／Cover - KOMAINU.,2793066
2026-09-10 21:58:53,T24rF_x0TmQ,[MV] ABM - 'ヤラララ' (YARARARA) feat. 重音テト,54392143
2026-09-10 21:58:53,xJQ6KrmdpD0,【以心伝心】新人歌い手グループが『ヤラララ』を本気で歌ってみたら...【EL6】,1805879
2026-09-10 21:58:53,pRy8kStWlAw,'ヤラララ' (YARARARA) ／Cover -しゆん×ばぁう,1578187
2026-09-10 21:58:53,SnZvS3f5IrA,ヤラララ／Cover - KOMAINU.,2793415
2026-09-10 22:56:22,T24rF_x0TmQ,[MV] ABM - 'ヤラララ' (YARARARA) feat. 重音テト,54404040
2026-09-10 22:56:22,xJQ6KrmdpD0,【以心伝心】新人歌い手グループが『ヤラララ』を本気で歌ってみたら...【EL6】,1809002
2026-09-10 22:56:22,pRy8kStWlAw,'ヤラララ' (YARARARA) ／Cover -しゆん×ばぁう,1578567
2026-09-10 22:56:22,SnZvS3f5IrA,ヤラララ／Cover - KOMAINU.,2794122
2026-09-10 23:57:42,T24rF_x0TmQ,[MV] ABM - 'ヤラララ' (YARARARA) feat. 重音テト,54416743
2026-09-10 23:57:42,xJQ6KrmdpD0,【以心伝心】新人歌い手グループが『ヤラララ』を本気で歌ってみたら...【EL6】,1812078
2026-09-10 23:57:42,pRy8kStWlAw,'ヤラララ' (YARARARA) ／Cover -しゆん×ばぁう,1578992
2026-09-10 23:57:42,SnZvS3f5IrA,ヤラララ／Cover - KOMAINU.,2794893
2026-09-11 00:55:10,T24rF_x0TmQ,[MV] ABM - 'ヤラララ' (YARARARA) feat. 重音テト,54428604
2026-09-11 00:55:10,xJQ6KrmdpD0,【以心伝心】新人歌い手グループが『ヤラララ』を本気で歌ってみたら...【EL6】,1814637
2026-09-11 00:55:10,pRy8kStWlAw,'ヤラララ' (YARARARA) ／Cover -しゆん×ばぁう,1579329
2026-09-11 00:55:10,SnZvS3f5IrA,ヤラララ／Cover - KOMAINU.,2795655
2026-09-11 01:55:36,T24rF_x0TmQ,[MV] ABM - 'ヤラララ' (YARARARA) feat. 重音テト,54442748
2026-09-11 01:55:36,xJQ6KrmdpD0,【以心伝心】新人歌い手グループが『ヤラララ』を本気で歌ってみたら...【EL6】,1817622
2026-09-11 01:55:36,pRy8kStWlAw,'ヤラララ' (YARARARA) ／Cover -しゆん×ばぁう,1579708
2026-09-11 01:55:36,SnZvS3f5IrA,ヤラララ／Cover - KOMAINU.,2796421
2026-09-11 02:55:08,T24rF_x0TmQ,[MV] ABM - 'ヤラララ' (YARARARA) feat. 重音テト,54458225
2026-09-11 02:55:08,xJQ6KrmdpD0,【以心伝心】新人歌い手グループが『ヤラララ』を本気で歌ってみたら...【EL6】,1820477
2026-09-11 02:55:08,pRy8kStWlAw,'ヤラララ' (YARARARA) ／Cover -しゆん×ばぁう,1580089
2026-09-11 02:55:08,SnZvS3f5IrA,ヤラララ／Cover - KOMAINU.,2797225
2026-09-11 03:57:05,T24rF_x0TmQ,[MV] ABM - 'ヤラララ' (YARARARA) feat. 重音テト,54472606
2026-09-11 03:57:05,xJQ6KrmdpD0,【以心伝心】新人歌い手グループが『ヤラララ』を本気で歌ってみたら...【EL6】,1822583
2026-09-11 03:57:05,pRy8kStWlAw,'ヤラララ' (YARARARA) ／Cover -しゆん×ばぁう,1580412
2026-09-11 03:57:05,SnZvS3f5IrA,ヤラララ／Cover - KOMAINU.,2797931
2026-09-11 04:54:25,T24rF_x0TmQ,[MV] ABM - 'ヤラララ' (YARARARA) feat. 重音テト,54485148
2026-09-11 04:54:25,xJQ6KrmdpD0,【以心伝心】新人歌い手グループが『ヤラララ』を本気で歌ってみたら...【EL6】,1824083
2026-09-11 04:54:25,pRy8kStWlAw,'ヤラララ' (YARARARA) ／Cover -しゆん×ばぁう,1580649
2026-09-11 04:54:25,SnZvS3f5IrA,ヤラララ／Cover - KOMAINU.,2798653
2026-09-11 05:55:11,T24rF_x0TmQ,[MV] ABM - 'ヤラララ' (YARARARA) feat. 重音テト,54493534
2026-09-11 05:55:11,xJQ6KrmdpD0,【以心伝心】新人歌い手グループが『ヤラララ』を本気で歌ってみたら...【EL6】,1825074
2026-09-11 05:55:11,pRy8kStWlAw,'ヤラララ' (YARARARA) ／Cover -しゆん×ばぁう,1580661
2026-09-11 05:55:11,SnZvS3f5IrA,ヤラララ／Cover - KOMAINU.,2799005
2026-09-11 06:54:27,T24rF_x0TmQ,[MV] ABM - 'ヤラララ' (YARARARA) feat. 重音テト,54510655
2026-09-11 06:54:27,xJQ6KrmdpD0,【以心伝心】新人歌い手グループが『ヤラララ』を本気で歌ってみたら...【EL6】,1825875
2026-09-11 06:54:27,pRy8kStWlAw,'ヤラララ' (YARARARA) ／Cover -しゆん×ばぁう,1580823
2026-09-11 06:54:27,SnZvS3f5IrA,ヤラララ／Cover - KOMAINU.,2799707
2026-09-11 07:54:35,T24rF_x0TmQ,[MV] ABM - 'ヤラララ' (YARARARA) feat. 重音テト,54515162
2026-09-11 07:54:35,xJQ6KrmdpD0,【以心伝心】新人歌い手グループが『ヤラララ』を本気で歌ってみたら...【EL6】,1826422
2026-09-11 07:54:35,pRy8kStWlAw,'ヤラララ' (YARARARA) ／Cover -しゆん×ばぁう,1581014
2026-09-11 07:54:35,SnZvS3f5IrA,ヤラララ／Cover - KOMAINU.,2799996
2026-09-11 08:54:23,T24rF_x0TmQ,[MV] ABM - 'ヤラララ' (YARARARA) feat. 重音テト,54524990
2026-09-11 08:54:23,xJQ6KrmdpD0,【以心伝心】新人歌い手グループが『ヤラララ』を本気で歌ってみたら...【EL6】,1827195
2026-09-11 08:54:23,pRy8kStWlAw,'ヤラララ' (YARARARA) ／Cover -しゆん×ばぁう,1581174
2026-09-11 08:54:23,SnZvS3f5IrA,ヤラララ／Cover - KOMAINU.,2800480
2026-09-11 09:57:00,T24rF_x0TmQ,[MV] ABM - 'ヤラララ' (YARARARA) feat. 重音テト,54537580
2026-09-11 09:57:00,xJQ6KrmdpD0,【以心伝心】新人歌い手グループが『ヤラララ』を本気で歌ってみたら...【EL6】,1828697
2026-09-11 09:57:00,pRy8kStWlAw,'ヤラララ' (YARARARA) ／Cover -しゆん×ばぁう,1581405
2026-09-11 09:57:00,SnZvS3f5IrA,ヤラララ／Cover - KOMAINU.,2800977
2026-09-11 10:56:15,T24rF_x0TmQ,[MV] ABM - 'ヤラララ' (YARARARA) feat. 重音テト,54548901
2026-09-11 10:56:15,xJQ6KrmdpD0,【以心伝心】新人歌い手グループが『ヤラララ』を本気で歌ってみたら...【EL6】,1830092
2026-09-11 10:56:15,pRy8kStWlAw,'ヤラララ' (YARARARA) ／Cover -しゆん×ばぁう,1581578
2026-09-11 10:56:15,SnZvS3f5IrA,ヤラララ／Cover - KOMAINU.,2801520
2026-09-11 11:56:13,T24rF_x0TmQ,[MV] ABM - 'ヤラララ' (YARARARA) feat. 重音テト,54560566
2026-09-11 11:56:13,xJQ6KrmdpD0,【以心伝心】新人歌い手グループが『ヤラララ』を本気で歌ってみたら...【EL6】,1831847
2026-09-11 11:56:13,pRy8kStWlAw,'ヤラララ' (YARARARA) ／Cover -しゆん×ばぁう,1581769
2026-09-11 11:56:13,SnZvS3f5IrA,ヤラララ／Cover - KOMAINU.,2802086
2026-09-11 12:55:59,T24rF_x0TmQ,[MV] ABM - 'ヤラララ' (YARARARA) feat. 重音テト,54572439
2026-09-11 12:55:59,xJQ6KrmdpD0,【以心伝心】新人歌い手グループが『ヤラララ』を本気で歌ってみたら...【EL6】,1833884
2026-09-11 12:55:59,pRy8kStWlAw,'ヤラララ' (YARARARA) ／Cover -しゆん×ばぁう,1582066
2026-09-11 12:55:59,SnZvS3f5IrA,ヤラララ／Cover - KOMAINU.,2802674
2026-09-11 13:55:43,T24rF_x0TmQ,[MV] ABM - 'ヤラララ' (YARARARA) feat. 重音テト,54583075
2026-09-11 13:55:43,xJQ6KrmdpD0,【以心伝心】新人歌い手グループが『ヤラララ』を本気で歌ってみたら...【EL6】,1835517
2026-09-11 13:55:43,pRy8kStWlAw,'ヤラララ' (YARARARA) ／Cover -しゆん×ばぁう,1582326
2026-09-11 13:55:43,SnZvS3f5IrA,ヤラララ／Cover - KOMAINU.,2803244
2026-09-11 14:55:44,T24rF_x0TmQ,[MV] ABM - 'ヤラララ' (YARARARA) feat. 重音テト,54593265
2026-09-11 14:55:44,xJQ6KrmdpD0,【以心伝心】新人歌い手グループが『ヤラララ』を本気で歌ってみたら...【EL6】,1836999
2026-09-11 14:55:44,pRy8kStWlAw,'ヤラララ' (YARARARA) ／Cover -しゆん×ばぁう,1582485
2026-09-11 14:55:44,SnZvS3f5IrA,ヤラララ／Cover - KOMAINU.,2803792
2026-09-11 15:58:45,T24rF_x0TmQ,[MV] ABM - 'ヤラララ' (YARARARA) feat. 重音テト,54600090
2026-09-11 15:58:45,xJQ6KrmdpD0,【以心伝心】新人歌い手グループが『ヤラララ』を本気で歌ってみたら...【EL6】,1838266
2026-09-11 15:58:45,pRy8kStWlAw,'ヤラララ' (YARARARA) ／Cover -しゆん×ばぁう,1582734
2026-09-11 15:58:45,SnZvS3f5IrA,ヤラララ／Cover - KOMAINU.,2804181
2026-09-11 16:56:02,T24rF_x0TmQ,[MV] ABM - 'ヤラララ' (YARARARA) feat. 重音テト,54614830
2026-09-11 16:56:02,xJQ6KrmdpD0,【以心伝心】新人歌い手グループが『ヤラララ』を本気で歌ってみたら...【EL6】,1840454
2026-09-11 16:56:02,pRy8kStWlAw,'ヤラララ' (YARARARA) ／Cover -しゆん×ばぁう,1583034
2026-09-11 16:56:02,SnZvS3f5IrA,ヤラララ／Cover - KOMAINU.,2804949
2026-09-11 17:56:55,T24rF_x0TmQ,[MV] ABM - 'ヤラララ' (YARARARA) feat. 重音テト,54618876
2026-09-11 17:56:55,xJQ6KrmdpD0,【以心伝心】新人歌い手グループが『ヤラララ』を本気で歌ってみたら...【EL6】,1841307
2026-09-11 17:56:55,pRy8kStWlAw,'ヤラララ' (YARARARA) ／Cover -しゆん×ばぁう,1583127
2026-09-11 17:56:55,SnZvS3f5IrA,ヤラララ／Cover - KOMAINU.,2805204
2026-09-11 18:56:07,T24rF_x0TmQ,[MV] ABM - 'ヤラララ' (YARARARA) feat. 重音テト,54635190
2026-09-11 18:56:07,xJQ6KrmdpD0,【以心伝心】新人歌い手グループが『ヤラララ』を本気で歌ってみたら...【EL6】,1844712
2026-09-11 18:56:07,pRy8kStWlAw,'ヤラララ' (YARARARA) ／Cover -しゆん×ばぁう,1583568
2026-09-11 18:56:07,SnZvS3f5IrA,ヤラララ／Cover - KOMAINU.,2806167
2026-09-11 19:55:44,T24rF_x0TmQ,[MV] ABM - 'ヤラララ' (YARARARA) feat. 重音テト,54641490
2026-09-11 19:55:44,xJQ6KrmdpD0,【以心伝心】新人歌い手グループが『ヤラララ』を本気で歌ってみたら...【EL6】,1846128
2026-09-11 19:55:44,pRy8kStWlAw,'ヤラララ' (YARARARA) ／Cover -しゆん×ばぁう,1583836
2026-09-11 19:55:44,SnZvS3f5IrA,ヤラララ／Cover - KOMAINU.,2806611
2026-09-11 20:54:44,T24rF_x0TmQ,[MV] ABM - 'ヤラララ' (YARARARA) feat. 重音テト,54647669
2026-09-11 20:54:44,xJQ6KrmdpD0,【以心伝心】新人歌い手グループが『ヤラララ』を本気で歌ってみたら...【EL6】,1847908
2026-09-11 20:54:44,pRy8kStWlAw,'ヤラララ' (YARARARA) ／Cover -しゆん×ばぁう,1584058
2026-09-11 20:54:44,SnZvS3f5IrA,ヤラララ／Cover - KOMAINU.,2807010
2026-09-11 21:57:46,T24rF_x0TmQ,[MV] ABM - 'ヤラララ' (YARARARA) feat. 重音テト,54659269
2026-09-11 21:57:46,xJQ6KrmdpD0,【以心伝心】新人歌い手グループが『ヤラララ』を本気で歌ってみたら...【EL6】,1850659
2026-09-11 21:57:46,pRy8kStWlAw,'ヤラララ' (YARARARA) ／Cover -しゆん×ばぁう,1584484
2026-09-11 21:57:46,SnZvS3f5IrA,ヤラララ／Cover - KOMAINU.,2807692
2026-09-11 22:56:07,T24rF_x0TmQ,[MV] ABM - 'ヤラララ' (YARARARA) feat. 重音テト,54672070
2026-09-11 22:56:07,xJQ6KrmdpD0,【以心伝心】新人歌い手グループが『ヤラララ』を本気で歌ってみたら...【EL6】,1853758
2026-09-11 22:56:07,pRy8kStWlAw,'ヤラララ' (YARARARA) ／Cover -しゆん×ばぁう,1584865
2026-09-11 22:56:07,SnZvS3f5IrA,ヤラララ／Cover - KOMAINU.,2808460
2026-09-11 23:57:12,T24rF_x0TmQ,[MV] ABM - 'ヤラララ' (YARARARA) feat. 重音テト,54684694
2026-09-11 23:57:12,xJQ6KrmdpD0,【以心伝心】新人歌い手グループが『ヤラララ』を本気で歌ってみたら...【EL6】,1856577
2026-09-11 23:57:12,pRy8kStWlAw,'ヤラララ' (YARARARA) ／Cover -しゆん×ばぁう,1585240
2026-09-11 23:57:12,SnZvS3f5IrA,ヤラララ／Cover - KOMAINU.,2809162
2026-09-12 00:55:55,T24rF_x0TmQ,[MV] ABM - 'ヤラララ' (YARARARA) feat. 重音テト,54695649
2026-09-12 00:55:55,xJQ6KrmdpD0,【以心伝心】新人歌い手グループが『ヤラララ』を本気で歌ってみたら...【EL6】,1858890
2026-09-12 00:55:55,pRy8kStWlAw,'ヤラララ' (YARARARA) ／Cover -しゆん×ばぁう,1585549
2026-09-12 00:55:55,SnZvS3f5IrA,ヤラララ／Cover - KOMAINU.,2809855
2026-09-12 01:54:38,T24rF_x0TmQ,[MV] ABM - 'ヤラララ' (YARARARA) feat. 重音テト,54711556
2026-09-12 01:54:38,xJQ6KrmdpD0,【以心伝心】新人歌い手グループが『ヤラララ』を本気で歌ってみたら...【EL6】,1861626
2026-09-12 01:54:38,pRy8kStWlAw,'ヤラララ' (YARARARA) ／Cover -しゆん×ばぁう,1585935
2026-09-12 01:54:38,SnZvS3f5IrA,ヤラララ／Cover - KOMAINU.,2810646
2026-09-12 02:54:27,T24rF_x0TmQ,[MV] ABM - 'ヤラララ' (YARARARA) feat. 重音テト,54725803
2026-09-12 02:54:27,xJQ6KrmdpD0,【以心伝心】新人歌い手グループが『ヤラララ』を本気で歌ってみたら...【EL6】,1863777
2026-09-12 02:54:27,pRy8kStWlAw,'ヤラララ' (YARARARA) ／Cover -しゆん×ばぁう,1586274
2026-09-12 02:54:27,SnZvS3f5IrA,ヤラララ／Cover - KOMAINU.,2811488
2026-09-12 03:55:15,T24rF_x0TmQ,[MV] ABM - 'ヤラララ' (YARARARA) feat. 重音テト,54738982
2026-09-12 03:55:15,xJQ6KrmdpD0,【以心伝心】新人歌い手グループが『ヤラララ』を本気で歌ってみたら...【EL6】,1865921
2026-09-12 03:55:15,pRy8kStWlAw,'ヤラララ' (YARARARA) ／Cover -しゆん×ばぁう,1586567
2026-09-12 03:55:15,SnZvS3f5IrA,ヤラララ／Cover - KOMAINU.,2812141
2026-09-12 04:54:42,T24rF_x0TmQ,[MV] ABM - 'ヤラララ' (YARARARA) feat. 重音テト,54755547
2026-09-12 04:54:42,xJQ6KrmdpD0,【以心伝心】新人歌い手グループが『ヤラララ』を本気で歌ってみたら...【EL6】,1867898
2026-09-12 04:54:42,pRy8kStWlAw,'ヤラララ' (YARARARA) ／Cover -しゆん×ばぁう,1586784
2026-09-12 04:54:42,SnZvS3f5IrA,ヤラララ／Cover - KOMAINU.,2813057
2026-09-12 05:55:26,T24rF_x0TmQ,[MV] ABM - 'ヤラララ' (YARARARA) feat. 重音テト,54766207
2026-09-12 05:55:26,xJQ6KrmdpD0,【以心伝心】新人歌い手グループが『ヤラララ』を本気で歌ってみたら...【EL6】,1868850
2026-09-12 05:55:26,pRy8kStWlAw,'ヤラララ' (YARARARA) ／Cover -しゆん×ばぁう,1586957
2026-09-12 05:55:26,SnZvS3f5IrA,ヤラララ／Cover - KOMAINU.,2813483
2026-09-12 06:55:00,T24rF_x0TmQ,[MV] ABM - 'ヤラララ' (YARARARA) feat. 重音テト,54777069
2026-09-12 06:55:00,xJQ6KrmdpD0,【以心伝心】新人歌い手グループが『ヤラララ』を本気で歌ってみたら...【EL6】,1869846
2026-09-12 06:55:00,pRy8kStWlAw,'ヤラララ' (YARARARA) ／Cover -しゆん×ばぁう,1587116
2026-09-12 06:55:00,SnZvS3f5IrA,ヤラララ／Cover - KOMAINU.,2814066
2026-09-12 07:54:18,T24rF_x0TmQ,[MV] ABM - 'ヤラララ' (YARARARA) feat. 重音テト,54788658
2026-09-12 07:54:18,xJQ6KrmdpD0,【以心伝心】新人歌い手グループが『ヤラララ』を本気で歌ってみたら...【EL6】,1870596
2026-09-12 07:54:18,pRy8kStWlAw,'ヤラララ' (YARARARA) ／Cover -しゆん×ばぁう,1587260
2026-09-12 07:54:18,SnZvS3f5IrA,ヤラララ／Cover - KOMAINU.,2814589
2026-09-12 08:54:46,T24rF_x0TmQ,[MV] ABM - 'ヤラララ' (YARARARA) feat. 重音テト,54802952
2026-09-12 08:54:46,xJQ6KrmdpD0,【以心伝心】新人歌い手グループが『ヤラララ』を本気で歌ってみたら...【EL6】,1871644
2026-09-12 08:54:46,pRy8kStWlAw,'ヤラララ' (YARARARA) ／Cover -しゆん×ばぁう,1587433
2026-09-12 08:54:46,SnZvS3f5IrA,ヤラララ／Cover - KOMAINU.,2815217
2026-09-12 09:57:12,T24rF_x0TmQ,[MV] ABM - 'ヤラララ' (YARARARA) feat. 重音テト,54815242
2026-09-12 09:57:12,xJQ6KrmdpD0,【以心伝心】新人歌い手グループが『ヤラララ』を本気で歌ってみたら...【EL6】,1872824
2026-09-12 09:57:12,pRy8kStWlAw,'ヤラララ' (YARARARA) ／Cover -しゆん×ばぁう,1587633
2026-09-12 09:57:12,SnZvS3f5IrA,ヤラララ／Cover - KOMAINU.,2815705
2026-09-12 10:54:40,T24rF_x0TmQ,[MV] ABM - 'ヤラララ' (YARARARA) feat. 重音テト,54821099
2026-09-12 10:54:40,xJQ6KrmdpD0,【以心伝心】新人歌い手グループが『ヤラララ』を本気で歌ってみたら...【EL6】,1873975
2026-09-12 10:54:40,pRy8kStWlAw,'ヤラララ' (YARARARA) ／Cover -しゆん×ばぁう,1587761
2026-09-12 10:54:40,SnZvS3f5IrA,ヤラララ／Cover - KOMAINU.,2816006
2026-09-12 11:55:15,T24rF_x0TmQ,[MV] ABM - 'ヤラララ' (YARARARA) feat. 重音テト,54834927
2026-09-12 11:55:15,xJQ6KrmdpD0,【以心伝心】新人歌い手グループが『ヤラララ』を本気で歌ってみたら...【EL6】,1875633
2026-09-12 11:55:15,pRy8kStWlAw,'ヤラララ' (YARARARA) ／Cover -しゆん×ばぁう,1588020
2026-09-12 11:55:15,SnZvS3f5IrA,ヤラララ／Cover - KOMAINU.,2816588
2026-09-12 12:54:38,T24rF_x0TmQ,[MV] ABM - 'ヤラララ' (YARARARA) feat. 重音テト,54847041
2026-09-12 12:54:38,xJQ6KrmdpD0,【以心伝心】新人歌い手グループが『ヤラララ』を本気で歌ってみたら...【EL6】,1877658
2026-09-12 12:54:38,pRy8kStWlAw,'ヤラララ' (YARARARA) ／Cover -しゆん×ばぁう,1588280
2026-09-12 12:54:38,SnZvS3f5IrA,ヤラララ／Cover - KOMAINU.,2817169
2026-09-12 13:54:54,T24rF_x0TmQ,[MV] ABM - 'ヤラララ' (YARARARA) feat. 重音テト,54860383
2026-09-12 13:54:54,xJQ6KrmdpD0,【以心伝心】新人歌い手グループが『ヤラララ』を本気で歌ってみたら...【EL6】,1879650
2026-09-12 13:54:54,pRy8kStWlAw,'ヤラララ' (YARARARA) ／Cover -しゆん×ばぁう,1588507
2026-09-12 13:54:54,SnZvS3f5IrA,ヤラララ／Cover - KOMAINU.,2817775
2026-09-12 14:54:14,T24rF_x0TmQ,[MV] ABM - 'ヤラララ' (YARARARA) feat. 重音テト,54874829
2026-09-12 14:54:14,xJQ6KrmdpD0,【以心伝心】新人歌い手グループが『ヤラララ』を本気で歌ってみたら...【EL6】,1881753
2026-09-12 14:54:14,pRy8kStWlAw,'ヤラララ' (YARARARA) ／Cover -しゆん×ばぁう,1588776
2026-09-12 14:54:14,SnZvS3f5IrA,ヤラララ／Cover - KOMAINU.,2818409
2026-09-12 15:56:55,T24rF_x0TmQ,[MV] ABM - 'ヤラララ' (YARARARA) feat. 重音テト,54889491
2026-09-12 15:56:55,xJQ6KrmdpD0,【以心伝心】新人歌い手グループが『ヤラララ』を本気で歌ってみたら...【EL6】,1884257
2026-09-12 15:56:55,pRy8kStWlAw,'ヤラララ' (YARARARA) ／Cover -しゆん×ばぁう,1589104
2026-09-12 15:56:55,SnZvS3f5IrA,ヤラララ／Cover - KOMAINU.,2819095
2026-09-12 16:54:25,T24rF_x0TmQ,[MV] ABM - 'ヤラララ' (YARARARA) feat. 重音テト,54901295
2026-09-12 16:54:25,xJQ6KrmdpD0,【以心伝心】新人歌い手グループが『ヤラララ』を本気で歌ってみたら...【EL6】,1886523
2026-09-12 16:54:25,pRy8kStWlAw,'ヤラララ' (YARARARA) ／Cover -しゆん×ばぁう,1589405
2026-09-12 16:54:25,SnZvS3f5IrA,ヤラララ／Cover - KOMAINU.,2819839
2026-09-12 17:54:48,T24rF_x0TmQ,[MV] ABM - 'ヤラララ' (YARARARA) feat. 重音テト,54914087
2026-09-12 17:54:48,xJQ6KrmdpD0,【以心伝心】新人歌い手グループが『ヤラララ』を本気で歌ってみたら...【EL6】,1889010
2026-09-12 17:54:48,pRy8kStWlAw,'ヤラララ' (YARARARA) ／Cover -しゆん×ばぁう,1589710
2026-09-12 17:54:48,SnZvS3f5IrA,ヤラララ／Cover - KOMAINU.,2820420
2026-09-12 18:54:18,T24rF_x0TmQ,[MV] ABM - 'ヤラララ' (YARARARA) feat. 重音テト,54936606
2026-09-12 18:54:18,xJQ6KrmdpD0,【以心伝心】新人歌い手グループが『ヤラララ』を本気で歌ってみたら...【EL6】,1893455
2026-09-12 18:54:18,pRy8kStWlAw,'ヤラララ' (YARARARA) ／Cover -しゆん×ばぁう,1590282
2026-09-12 18:54:18,SnZvS3f5IrA,ヤラララ／Cover - KOMAINU.,2821501
2026-09-12 19:54:17,T24rF_x0TmQ,[MV] ABM - 'ヤラララ' (YARARARA) feat. 重音テト,54944432
2026-09-12 19:54:17,xJQ6KrmdpD0,【以心伝心】新人歌い手グループが『ヤラララ』を本気で歌ってみたら...【EL6】,1895406
2026-09-12 19:54:17,pRy8kStWlAw,'ヤラララ' (YARARARA) ／Cover -しゆん×ばぁう,1590602
2026-09-12 19:54:17,SnZvS3f5IrA,ヤラララ／Cover - KOMAINU.,2822082
2026-09-12 20:54:19,T24rF_x0TmQ,[MV] ABM - 'ヤラララ' (YARARARA) feat. 重音テト,54949676
2026-09-12 20:54:19,xJQ6KrmdpD0,【以心伝心】新人歌い手グループが『ヤラララ』を本気で歌ってみたら...【EL6】,1896594
2026-09-12 20:54:19,pRy8kStWlAw,'ヤラララ' (YARARARA) ／Cover -しゆん×ばぁう,1590750
2026-09-12 20:54:19,SnZvS3f5IrA,ヤラララ／Cover - KOMAINU.,2822311
2026-09-12 21:56:23,T24rF_x0TmQ,[MV] ABM - 'ヤラララ' (YARARARA) feat. 重音テト,54961050
2026-09-12 21:56:23,xJQ6KrmdpD0,【以心伝心】新人歌い手グループが『ヤラララ』を本気で歌ってみたら...【EL6】,1899136
2026-09-12 21:56:23,pRy8kStWlAw,'ヤラララ' (YARARARA) ／Cover -しゆん×ばぁう,1591044
2026-09-12 21:56:23,SnZvS3f5IrA,ヤラララ／Cover - KOMAINU.,2822918
2026-09-12 22:54:37,T24rF_x0TmQ,[MV] ABM - 'ヤラララ' (YARARARA) feat. 重音テト,54974949
2026-09-12 22:54:37,xJQ6KrmdpD0,【以心伝心】新人歌い手グループが『ヤラララ』を本気で歌ってみたら...【EL6】,1902294
2026-09-12 22:54:37,pRy8kStWlAw,'ヤラララ' (YARARARA) ／Cover -しゆん×ばぁう,1591419
2026-09-12 22:54:37,SnZvS3f5IrA,ヤラララ／Cover - KOMAINU.,2823746
2026-09-12 23:54:15,T24rF_x0TmQ,[MV] ABM - 'ヤラララ' (YARARARA) feat. 重音テト,54987581
2026-09-12 23:54:15,xJQ6KrmdpD0,【以心伝心】新人歌い手グループが『ヤラララ』を本気で歌ってみたら...【EL6】,1904881
2026-09-12 23:54:15,pRy8kStWlAw,'ヤラララ' (YARARARA) ／Cover -しゆん×ばぁう,1591789
2026-09-12 23:54:15,SnZvS3f5IrA,ヤラララ／Cover - KOMAINU.,2824474
2026-09-13 00:54:47,T24rF_x0TmQ,[MV] ABM - 'ヤラララ' (YARARARA) feat. 重音テト,55002695
2026-09-13 00:54:47,xJQ6KrmdpD0,【以心伝心】新人歌い手グループが『ヤラララ』を本気で歌ってみたら...【EL6】,1908034
2026-09-13 00:54:47,pRy8kStWlAw,'ヤラララ' (YARARARA) ／Cover -しゆん×ばぁう,1592135
2026-09-13 00:54:47,SnZvS3f5IrA,ヤラララ／Cover - KOMAINU.,2825196
2026-09-13 01:54:19,T24rF_x0TmQ,[MV] ABM - 'ヤラララ' (YARARARA) feat. 重音テト,55019005
2026-09-13 01:54:19,xJQ6KrmdpD0,【以心伝心】新人歌い手グループが『ヤラララ』を本気で歌ってみたら...【EL6】,1910677
2026-09-13 01:54:19,pRy8kStWlAw,'ヤラララ' (YARARARA) ／Cover -しゆん×ばぁう,1592519
2026-09-13 01:54:19,SnZvS3f5IrA,ヤラララ／Cover - KOMAINU.,2826052
2026-09-13 02:54:20,T24rF_x0TmQ,[MV] ABM - 'ヤラララ' (YARARARA) feat. 重音テト,55034147
2026-09-13 02:54:20,xJQ6KrmdpD0,【以心伝心】新人歌い手グループが『ヤラララ』を本気で歌ってみたら...【EL6】,1913359
2026-09-13 02:54:20,pRy8kStWlAw,'ヤラララ' (YARARARA) ／Cover -しゆん×ばぁう,1592870
2026-09-13 02:54:20,SnZvS3f5IrA,ヤラララ／Cover - KOMAINU.,2826831
2026-09-13 03:54:15,T24rF_x0TmQ,[MV] ABM - 'ヤラララ' (YARARARA) feat. 重音テト,55050468
2026-09-13 03:54:15,xJQ6KrmdpD0,【以心伝心】新人歌い手グループが『ヤラララ』を本気で歌ってみたら...【EL6】,1915743
2026-09-13 03:54:15,pRy8kStWlAw,'ヤラララ' (YARARARA) ／Cover -しゆん×ばぁう,1593170
2026-09-13 03:54:15,SnZvS3f5IrA,ヤラララ／Cover - KOMAINU.,2827663
2026-09-13 04:54:45,T24rF_x0TmQ,[MV] ABM - 'ヤラララ' (YARARARA) feat. 重音テト,55065689
2026-09-13 04:54:45,xJQ6KrmdpD0,【以心伝心】新人歌い手グループが『ヤラララ』を本気で歌ってみたら...【EL6】,1917728
2026-09-13 04:54:45,pRy8kStWlAw,'ヤラララ' (YARARARA) ／Cover -しゆん×ばぁう,1593402
2026-09-13 04:54:45,SnZvS3f5IrA,ヤラララ／Cover - KOMAINU.,2828337
2026-09-13 05:56:48,T24rF_x0TmQ,[MV] ABM - 'ヤラララ' (YARARARA) feat. 重音テト,55081000
2026-09-13 05:56:48,xJQ6KrmdpD0,【以心伝心】新人歌い手グループが『ヤラララ』を本気で歌ってみたら...【EL6】,1919161
2026-09-13 05:56:48,pRy8kStWlAw,'ヤラララ' (YARARARA) ／Cover -しゆん×ばぁう,1593601
2026-09-13 05:56:48,SnZvS3f5IrA,ヤラララ／Cover - KOMAINU.,2828967
2026-09-13 06:54:15,T24rF_x0TmQ,[MV] ABM - 'ヤラララ' (YARARARA) feat. 重音テト,55093618
2026-09-13 06:54:15,xJQ6KrmdpD0,【以心伝心】新人歌い手グループが『ヤラララ』を本気で歌ってみたら...【EL6】,1920216
2026-09-13 06:54:15,pRy8kStWlAw,'ヤラララ' (YARARARA) ／Cover -しゆん×ばぁう,1593762
2026-09-13 06:54:15,SnZvS3f5IrA,ヤラララ／Cover - KOMAINU.,2829571
2026-09-13 07:54:22,T24rF_x0TmQ,[MV] ABM - 'ヤラララ' (YARARARA) feat. 重音テト,55105352
2026-09-13 07:54:22,xJQ6KrmdpD0,【以心伝心】新人歌い手グループが『ヤラララ』を本気で歌ってみたら...【EL6】,1920975
2026-09-13 07:54:22,pRy8kStWlAw,'ヤラララ' (YARARARA) ／Cover -しゆん×ばぁう,1593892
2026-09-13 07:54:22,SnZvS3f5IrA,ヤラララ／Cover - KOMAINU.,2830036
2026-09-13 08:54:44,T24rF_x0TmQ,[MV] ABM - 'ヤラララ' (YARARARA) feat. 重音テト,55120343
2026-09-13 08:54:44,xJQ6KrmdpD0,【以心伝心】新人歌い手グループが『ヤラララ』を本気で歌ってみたら...【EL6】,1921750
2026-09-13 08:54:44,pRy8kStWlAw,'ヤラララ' (YARARARA) ／Cover -しゆん×ばぁう,1593927
2026-09-13 08:54:44,SnZvS3f5IrA,ヤラララ／Cover - KOMAINU.,2830221
2026-09-13 09:57:25,T24rF_x0TmQ,[MV] ABM - 'ヤラララ' (YARARARA) feat. 重音テト,55130162
2026-09-13 09:57:25,xJQ6KrmdpD0,【以心伝心】新人歌い手グループが『ヤラララ』を本気で歌ってみたら...【EL6】,1922499
2026-09-13 09:57:25,pRy8kStWlAw,'ヤラララ' (YARARARA) ／Cover -しゆん×ばぁう,1594203
2026-09-13 09:57:25,SnZvS3f5IrA,ヤラララ／Cover - KOMAINU.,2831069
2026-09-13 10:55:33,T24rF_x0TmQ,[MV] ABM - 'ヤラララ' (YARARARA) feat. 重音テト,55136485
2026-09-13 10:55:33,xJQ6KrmdpD0,【以心伝心】新人歌い手グループが『ヤラララ』を本気で歌ってみたら...【EL6】,1923419
2026-09-13 10:55:33,pRy8kStWlAw,'ヤラララ' (YARARARA) ／Cover -しゆん×ばぁう,1594301
2026-09-13 10:55:33,SnZvS3f5IrA,ヤラララ／Cover - KOMAINU.,2831391
2026-09-13 11:55:17,T24rF_x0TmQ,[MV] ABM - 'ヤラララ' (YARARARA) feat. 重音テト,55147934
2026-09-13 11:55:17,xJQ6KrmdpD0,【以心伝心】新人歌い手グループが『ヤラララ』を本気で歌ってみたら...【EL6】,1924961
2026-09-13 11:55:17,pRy8kStWlAw,'ヤラララ' (YARARARA) ／Cover -しゆん×ばぁう,1594489
2026-09-13 11:55:17,SnZvS3f5IrA,ヤラララ／Cover - KOMAINU.,2831892
2026-09-13 12:54:55,T24rF_x0TmQ,[MV] ABM - 'ヤラララ' (YARARARA) feat. 重音テト,55159500
2026-09-13 12:54:55,xJQ6KrmdpD0,【以心伝心】新人歌い手グループが『ヤラララ』を本気で歌ってみたら...【EL6】,1926683
2026-09-13 12:54:55,pRy8kStWlAw,'ヤラララ' (YARARARA) ／Cover -しゆん×ばぁう,1594743
2026-09-13 12:54:55,SnZvS3f5IrA,ヤラララ／Cover - KOMAINU.,2832532
2026-09-13 13:54:53,T24rF_x0TmQ,[MV] ABM - 'ヤラララ' (YARARARA) feat. 重音テト,55171631
2026-09-13 13:54:53,xJQ6KrmdpD0,【以心伝心】新人歌い手グループが『ヤラララ』を本気で歌ってみたら...【EL6】,1928510
2026-09-13 13:54:53,pRy8kStWlAw,'ヤラララ' (YARARARA) ／Cover -しゆん×ばぁう,1594962
2026-09-13 13:54:53,SnZvS3f5IrA,ヤラララ／Cover - KOMAINU.,2833115
2026-09-13 14:54:41,T24rF_x0TmQ,[MV] ABM - 'ヤラララ' (YARARARA) feat. 重音テト,55185180
2026-09-13 14:54:41,xJQ6KrmdpD0,【以心伝心】新人歌い手グループが『ヤラララ』を本気で歌ってみたら...【EL6】,1930922
2026-09-13 14:54:41,pRy8kStWlAw,'ヤラララ' (YARARARA) ／Cover -しゆん×ばぁう,1595272
2026-09-13 14:54:41,SnZvS3f5IrA,ヤラララ／Cover - KOMAINU.,2833812
2026-09-13 15:57:51,T24rF_x0TmQ,[MV] ABM - 'ヤラララ' (YARARARA) feat. 重音テト,55201012
2026-09-13 15:57:51,xJQ6KrmdpD0,【以心伝心】新人歌い手グループが『ヤラララ』を本気で歌ってみたら...【EL6】,1933311
2026-09-13 15:57:51,pRy8kStWlAw,'ヤラララ' (YARARARA) ／Cover -しゆん×ばぁう,1595629
2026-09-13 15:57:51,SnZvS3f5IrA,ヤラララ／Cover - KOMAINU.,2834526
2026-09-13 16:55:27,T24rF_x0TmQ,[MV] ABM - 'ヤラララ' (YARARARA) feat. 重音テト,55215928
2026-09-13 16:55:27,xJQ6KrmdpD0,【以心伝心】新人歌い手グループが『ヤラララ』を本気で歌ってみたら...【EL6】,1935774
2026-09-13 16:55:27,pRy8kStWlAw,'ヤラララ' (YARARARA) ／Cover -しゆん×ばぁう,1595945
2026-09-13 16:55:27,SnZvS3f5IrA,ヤラララ／Cover - KOMAINU.,2835336
2026-09-13 18:34:24,T24rF_x0TmQ,[MV] ABM - 'ヤラララ' (YARARARA) feat. 重音テト,55238539
2026-09-13 18:34:24,xJQ6KrmdpD0,【以心伝心】新人歌い手グループが『ヤラララ』を本気で歌ってみたら...【EL6】,1940104
2026-09-13 18:34:24,pRy8kStWlAw,'ヤラララ' (YARARARA) ／Cover -しゆん×ばぁう,1596577
2026-09-13 18:34:24,SnZvS3f5IrA,ヤラララ／Cover - KOMAINU.,2836833
2026-09-13 19:08:42,T24rF_x0TmQ,[MV] ABM - 'ヤラララ' (YARARARA) feat. 重音テト,55256047
2026-09-13 19:08:42,xJQ6KrmdpD0,【以心伝心】新人歌い手グループが『ヤラララ』を本気で歌ってみたら...【EL6】,1943689
2026-09-13 19:08:42,pRy8kStWlAw,'ヤラララ' (YARARARA) ／Cover -しゆん×ばぁう,1597038
2026-09-13 19:08:42,SnZvS3f5IrA,ヤラララ／Cover - KOMAINU.,2837821
2026-09-13 19:54:50,T24rF_x0TmQ,[MV] ABM - 'ヤラララ' (YARARARA) feat. 重音テト,55258967
2026-09-13 19:54:50,xJQ6KrmdpD0,【以心伝心】新人歌い手グループが『ヤラララ』を本気で歌ってみたら...【EL6】,1944460
2026-09-13 19:54:50,pRy8kStWlAw,'ヤラララ' (YARARARA) ／Cover -しゆん×ばぁう,1597148
2026-09-13 19:54:50,SnZvS3f5IrA,ヤラララ／Cover - KOMAINU.,2838002
2026-09-13 20:54:20,T24rF_x0TmQ,[MV] ABM - 'ヤラララ' (YARARARA) feat. 重音テト,55266138
2026-09-13 20:54:20,xJQ6KrmdpD0,【以心伝心】新人歌い手グループが『ヤラララ』を本気で歌ってみたら...【EL6】,1945967
2026-09-13 20:54:20,pRy8kStWlAw,'ヤラララ' (YARARARA) ／Cover -しゆん×ばぁう,1597355
2026-09-13 20:54:20,SnZvS3f5IrA,ヤラララ／Cover - KOMAINU.,2838477
2026-09-13 21:56:29,T24rF_x0TmQ,[MV] ABM - 'ヤラララ' (YARARARA) feat. 重音テト,55279340
2026-09-13 21:56:29,xJQ6KrmdpD0,【以心伝心】新人歌い手グループが『ヤラララ』を本気で歌ってみたら...【EL6】,1948856
2026-09-13 21:56:29,pRy8kStWlAw,'ヤラララ' (YARARARA) ／Cover -しゆん×ばぁう,1597740
2026-09-13 21:56:29,SnZvS3f5IrA,ヤラララ／Cover - KOMAINU.,2839231
2026-09-13 22:54:17,T24rF_x0TmQ,[MV] ABM - 'ヤラララ' (YARARARA) feat. 重音テト,55290188
2026-09-13 22:54:17,xJQ6KrmdpD0,【以心伝心】新人歌い手グループが『ヤラララ』を本気で歌ってみたら...【EL6】,1951244
2026-09-13 22:54:17,pRy8kStWlAw,'ヤラララ' (YARARARA) ／Cover -しゆん×ばぁう,1598068
2026-09-13 22:54:17,SnZvS3f5IrA,ヤラララ／Cover - KOMAINU.,2840001
2026-09-13 23:54:28,T24rF_x0TmQ,[MV] ABM - 'ヤラララ' (YARARARA) feat. 重音テト,55304775
2026-09-13 23:54:28,xJQ6KrmdpD0,【以心伝心】新人歌い手グループが『ヤラララ』を本気で歌ってみたら...【EL6】,1954444
2026-09-13 23:54:28,pRy8kStWlAw,'ヤラララ' (YARARARA) ／Cover -しゆん×ばぁう,1598460
2026-09-13 23:54:28,SnZvS3f5IrA,ヤラララ／Cover - KOMAINU.,2840818
2026-09-14 00:54:21,T24rF_x0TmQ,[MV] ABM - 'ヤラララ' (YARARARA) feat. 重音テト,55317862
2026-09-14 00:54:21,xJQ6KrmdpD0,【以心伝心】新人歌い手グループが『ヤラララ』を本気で歌ってみたら...【EL6】,1957188
2026-09-14 00:54:21,pRy8kStWlAw,'ヤラララ' (YARARARA) ／Cover -しゆん×ばぁう,1598832
2026-09-14 00:54:21,SnZvS3f5IrA,ヤラララ／Cover - KOMAINU.,2841625
2026-09-14 01:55:05,T24rF_x0TmQ,[MV] ABM - 'ヤラララ' (YARARARA) feat. 重音テト,55332940
2026-09-14 01:55:05,xJQ6KrmdpD0,【以心伝心】新人歌い手グループが『ヤラララ』を本気で歌ってみたら...【EL6】,1960212
2026-09-14 01:55:05,pRy8kStWlAw,'ヤラララ' (YARARARA) ／Cover -しゆん×ばぁう,1598832
2026-09-14 01:55:05,SnZvS3f5IrA,ヤラララ／Cover - KOMAINU.,2842521
2026-09-14 02:54:21,T24rF_x0TmQ,[MV] ABM - 'ヤラララ' (YARARARA) feat. 重音テト,55346257
2026-09-14 02:54:21,xJQ6KrmdpD0,【以心伝心】新人歌い手グループが『ヤラララ』を本気で歌ってみたら...【EL6】,1962498
2026-09-14 02:54:21,pRy8kStWlAw,'ヤラララ' (YARARARA) ／Cover -しゆん×ばぁう,1599456
2026-09-14 02:54:21,SnZvS3f5IrA,ヤラララ／Cover - KOMAINU.,2843292
2026-09-14 03:56:03,T24rF_x0TmQ,[MV] ABM - 'ヤラララ' (YARARARA) feat. 重音テト,55349747
2026-09-14 03:56:03,xJQ6KrmdpD0,【以心伝心】新人歌い手グループが『ヤラララ』を本気で歌ってみたら...【EL6】,1963007
2026-09-14 03:56:03,pRy8kStWlAw,'ヤラララ' (YARARARA) ／Cover -しゆん×ばぁう,1599488
2026-09-14 03:56:03,SnZvS3f5IrA,ヤラララ／Cover - KOMAINU.,2843374
2026-09-14 04:54:15,T24rF_x0TmQ,[MV] ABM - 'ヤラララ' (YARARARA) feat. 重音テト,55365029
2026-09-14 04:54:15,xJQ6KrmdpD0,【以心伝心】新人歌い手グループが『ヤラララ』を本気で歌ってみたら...【EL6】,1964365
2026-09-14 04:54:15,pRy8kStWlAw,'ヤラララ' (YARARARA) ／Cover -しゆん×ばぁう,1599668
2026-09-14 04:54:15,SnZvS3f5IrA,ヤラララ／Cover - KOMAINU.,2843720
2026-09-14 05:54:43,T24rF_x0TmQ,[MV] ABM - 'ヤラララ' (YARARARA) feat. 重音テト,55380114
2026-09-14 05:54:43,xJQ6KrmdpD0,【以心伝心】新人歌い手グループが『ヤラララ』を本気で歌ってみたら...【EL6】,1966427
2026-09-14 05:54:43,pRy8kStWlAw,'ヤラララ' (YARARARA) ／Cover -しゆん×ばぁう,1600089
2026-09-14 05:54:43,SnZvS3f5IrA,ヤラララ／Cover - KOMAINU.,2844876
2026-09-14 06:54:53,T24rF_x0TmQ,[MV] ABM - 'ヤラララ' (YARARARA) feat. 重音テト,55391513
2026-09-14 06:54:53,xJQ6KrmdpD0,【以心伝心】新人歌い手グループが『ヤラララ』を本気で歌ってみたら...【EL6】,1967356
2026-09-14 06:54:53,pRy8kStWlAw,'ヤラララ' (YARARARA) ／Cover -しゆん×ばぁう,1600263
2026-09-14 06:54:53,SnZvS3f5IrA,ヤラララ／Cover - KOMAINU.,2845433
2026-09-14 07:55:07,T24rF_x0TmQ,[MV] ABM - 'ヤラララ' (YARARARA) feat. 重音テト,55414996
2026-09-14 07:55:07,xJQ6KrmdpD0,【以心伝心】新人歌い手グループが『ヤラララ』を本気で歌ってみたら...【EL6】,1968785
2026-09-14 07:55:07,pRy8kStWlAw,'ヤラララ' (YARARARA) ／Cover -しゆん×ばぁう,1600477
2026-09-14 07:55:07,SnZvS3f5IrA,ヤラララ／Cover - KOMAINU.,2846418
2026-09-14 08:54:17,T24rF_x0TmQ,[MV] ABM - 'ヤラララ' (YARARARA) feat. 重音テト,55418919
2026-09-14 08:54:17,xJQ6KrmdpD0,【以心伝心】新人歌い手グループが『ヤラララ』を本気で歌ってみたら...【EL6】,1969400
2026-09-14 08:54:17,pRy8kStWlAw,'ヤラララ' (YARARARA) ／Cover -しゆん×ばぁう,1600619
2026-09-14 08:54:17,SnZvS3f5IrA,ヤラララ／Cover - KOMAINU.,2846633
2026-09-14 09:58:42,T24rF_x0TmQ,[MV] ABM - 'ヤラララ' (YARARARA) feat. 重音テト,55423129
2026-09-14 09:58:42,xJQ6KrmdpD0,【以心伝心】新人歌い手グループが『ヤラララ』を本気で歌ってみたら...【EL6】,1970437
2026-09-14 09:58:42,pRy8kStWlAw,'ヤラララ' (YARARARA) ／Cover -しゆん×ばぁう,1600732
2026-09-14 09:58:42,SnZvS3f5IrA,ヤラララ／Cover - KOMAINU.,2846922
2026-09-14 10:57:01,T24rF_x0TmQ,[MV] ABM - 'ヤラララ' (YARARARA) feat. 重音テト,55444278
2026-09-14 10:57:01,xJQ6KrmdpD0,【以心伝心】新人歌い手グループが『ヤラララ』を本気で歌ってみたら...【EL6】,1974149
2026-09-14 10:57:01,pRy8kStWlAw,'ヤラララ' (YARARARA) ／Cover -しゆん×ばぁう,1601194
2026-09-14 10:57:01,SnZvS3f5IrA,ヤラララ／Cover - KOMAINU.,2848140
2026-09-14 11:56:31,T24rF_x0TmQ,[MV] ABM - 'ヤラララ' (YARARARA) feat. 重音テト,55450040
2026-09-14 11:56:31,xJQ6KrmdpD0,【以心伝心】新人歌い手グループが『ヤラララ』を本気で歌ってみたら...【EL6】,1975168
2026-09-14 11:56:31,pRy8kStWlAw,'ヤラララ' (YARARARA) ／Cover -しゆん×ばぁう,1601324
2026-09-14 11:56:31,SnZvS3f5IrA,ヤラララ／Cover - KOMAINU.,2848367
2026-09-14 12:57:33,T24rF_x0TmQ,[MV] ABM - 'ヤラララ' (YARARARA) feat. 重音テト,55465482
2026-09-14 12:57:33,xJQ6KrmdpD0,【以心伝心】新人歌い手グループが『ヤラララ』を本気で歌ってみたら...【EL6】,1977550
2026-09-14 12:57:33,pRy8kStWlAw,'ヤラララ' (YARARARA) ／Cover -しゆん×ばぁう,1601619
2026-09-14 12:57:33,SnZvS3f5IrA,ヤラララ／Cover - KOMAINU.,2849241
2026-09-14 13:57:15,T24rF_x0TmQ,[MV] ABM - 'ヤラララ' (YARARARA) feat. 重音テト,55468971
2026-09-14 13:57:15,xJQ6KrmdpD0,【以心伝心】新人歌い手グループが『ヤラララ』を本気で歌ってみたら...【EL6】,1978110
2026-09-14 13:57:15,pRy8kStWlAw,'ヤラララ' (YARARARA) ／Cover -しゆん×ばぁう,1601659
2026-09-14 13:57:15,SnZvS3f5IrA,ヤラララ／Cover - KOMAINU.,2849463
2026-09-14 14:55:50,T24rF_x0TmQ,[MV] ABM - 'ヤラララ' (YARARARA) feat. 重音テト,55480568
2026-09-14 14:55:50,xJQ6KrmdpD0,【以心伝心】新人歌い手グループが『ヤラララ』を本気で歌ってみたら...【EL6】,1979858
2026-09-14 14:55:50,pRy8kStWlAw,'ヤラララ' (YARARARA) ／Cover -しゆん×ばぁう,1601903
2026-09-14 14:55:50,SnZvS3f5IrA,ヤラララ／Cover - KOMAINU.,2850216
2026-09-14 16:00:01,T24rF_x0TmQ,[MV] ABM - 'ヤラララ' (YARARARA) feat. 重音テト,55483910
2026-09-14 16:00:01,xJQ6KrmdpD0,【以心伝心】新人歌い手グループが『ヤラララ』を本気で歌ってみたら...【EL6】,1980463
2026-09-14 16:00:01,pRy8kStWlAw,'ヤラララ' (YARARARA) ／Cover -しゆん×ばぁう,1602000
2026-09-14 16:00:01,SnZvS3f5IrA,ヤラララ／Cover - KOMAINU.,2850421
2026-09-14 16:57:28,T24rF_x0TmQ,[MV] ABM - 'ヤラララ' (YARARARA) feat. 重音テト,55488613
2026-09-14 16:57:28,xJQ6KrmdpD0,【以心伝心】新人歌い手グループが『ヤラララ』を本気で歌ってみたら...【EL6】,1981356
2026-09-14 16:57:28,pRy8kStWlAw,'ヤラララ' (YARARARA) ／Cover -しゆん×ばぁう,1602151
2026-09-14 16:57:28,SnZvS3f5IrA,ヤラララ／Cover - KOMAINU.,2850714
2026-09-14 17:57:50,T24rF_x0TmQ,[MV] ABM - 'ヤラララ' (YARARARA) feat. 重音テト,55503787
2026-09-14 17:57:50,xJQ6KrmdpD0,【以心伝心】新人歌い手グループが『ヤラララ』を本気で歌ってみたら...【EL6】,1984351
2026-09-14 17:57:50,pRy8kStWlAw,'ヤラララ' (YARARARA) ／Cover -しゆん×ばぁう,1602549
2026-09-14 17:57:50,SnZvS3f5IrA,ヤラララ／Cover - KOMAINU.,2851851
2026-09-14 18:57:55,T24rF_x0TmQ,[MV] ABM - 'ヤラララ' (YARARARA) feat. 重音テト,55517906
2026-09-14 18:57:55,xJQ6KrmdpD0,【以心伝心】新人歌い手グループが『ヤラララ』を本気で歌ってみたら...【EL6】,1987895
2026-09-14 18:57:55,pRy8kStWlAw,'ヤラララ' (YARARARA) ／Cover -しゆん×ばぁう,1603114
2026-09-14 18:57:55,SnZvS3f5IrA,ヤラララ／Cover - KOMAINU.,2852794
2026-09-14 19:56:43,T24rF_x0TmQ,[MV] ABM - 'ヤラララ' (YARARARA) feat. 重音テト,55522505
2026-09-14 19:56:43,xJQ6KrmdpD0,【以心伝心】新人歌い手グループが『ヤラララ』を本気で歌ってみたら...【EL6】,1989191
2026-09-14 19:56:43,pRy8kStWlAw,'ヤラララ' (YARARARA) ／Cover -しゆん×ばぁう,1603259
2026-09-14 19:56:43,SnZvS3f5IrA,ヤラララ／Cover - KOMAINU.,2853164
2026-09-14 20:57:15,T24rF_x0TmQ,[MV] ABM - 'ヤラララ' (YARARARA) feat. 重音テト,55526488
2026-09-14 20:57:15,xJQ6KrmdpD0,【以心伝心】新人歌い手グループが『ヤラララ』を本気で歌ってみたら...【EL6】,1990439
2026-09-14 20:57:15,pRy8kStWlAw,'ヤラララ' (YARARARA) ／Cover -しゆん×ばぁう,1603407
2026-09-14 20:57:15,SnZvS3f5IrA,ヤラララ／Cover - KOMAINU.,2853416
2026-09-14 22:00:24,T24rF_x0TmQ,[MV] ABM - 'ヤラララ' (YARARARA) feat. 重音テト,55535300
2026-09-14 22:00:24,xJQ6KrmdpD0,【以心伝心】新人歌い手グループが『ヤラララ』を本気で歌ってみたら...【EL6】,1992817
2026-09-14 22:00:24,pRy8kStWlAw,'ヤラララ' (YARARARA) ／Cover -しゆん×ばぁう,1603677
2026-09-14 22:00:24,SnZvS3f5IrA,ヤラララ／Cover - KOMAINU.,2854073
2026-09-14 22:57:25,T24rF_x0TmQ,[MV] ABM - 'ヤラララ' (YARARARA) feat. 重音テト,55544623
2026-09-14 22:57:25,xJQ6KrmdpD0,【以心伝心】新人歌い手グループが『ヤラララ』を本気で歌ってみたら...【EL6】,1995319
2026-09-14 22:57:25,pRy8kStWlAw,'ヤラララ' (YARARARA) ／Cover -しゆん×ばぁう,1603979
2026-09-14 22:57:25,SnZvS3f5IrA,ヤラララ／Cover - KOMAINU.,2854750
2026-09-14 23:59:41,T24rF_x0TmQ,[MV] ABM - 'ヤラララ' (YARARARA) feat. 重音テト,55559657
2026-09-14 23:59:41,xJQ6KrmdpD0,【以心伝心】新人歌い手グループが『ヤラララ』を本気で歌ってみたら...【EL6】,1998864
2026-09-14 23:59:41,pRy8kStWlAw,'ヤラララ' (YARARARA) ／Cover -しゆん×ばぁう,1604451
2026-09-14 23:59:41,SnZvS3f5IrA,ヤラララ／Cover - KOMAINU.,2855868
2026-09-15 00:56:35,T24rF_x0TmQ,[MV] ABM - 'ヤラララ' (YARARARA) feat. 重音テト,55579408
2026-09-15 00:56:35,xJQ6KrmdpD0,【以心伝心】新人歌い手グループが『ヤラララ』を本気で歌ってみたら...【EL6】,2004664
2026-09-15 00:56:35,pRy8kStWlAw,'ヤラララ' (YARARARA) ／Cover -しゆん×ばぁう,1605082
2026-09-15 00:56:35,SnZvS3f5IrA,ヤラララ／Cover - KOMAINU.,2857475
2026-09-15 01:57:39,T24rF_x0TmQ,[MV] ABM - 'ヤラララ' (YARARARA) feat. 重音テト,55592064
2026-09-15 01:57:39,xJQ6KrmdpD0,【以心伝心】新人歌い手グループが『ヤラララ』を本気で歌ってみたら...【EL6】,2007110
2026-09-15 01:57:39,pRy8kStWlAw,'ヤラララ' (YARARARA) ／Cover -しゆん×ばぁう,1605359
2026-09-15 01:57:39,SnZvS3f5IrA,ヤラララ／Cover - KOMAINU.,2858354
2026-09-15 02:56:47,T24rF_x0TmQ,[MV] ABM - 'ヤラララ' (YARARARA) feat. 重音テト,55603100
2026-09-15 02:56:47,xJQ6KrmdpD0,【以心伝心】新人歌い手グループが『ヤラララ』を本気で歌ってみたら...【EL6】,2008863
2026-09-15 02:56:47,pRy8kStWlAw,'ヤラララ' (YARARARA) ／Cover -しゆん×ばぁう,1605541
2026-09-15 02:56:47,SnZvS3f5IrA,ヤラララ／Cover - KOMAINU.,2859108
2026-09-15 03:59:19,T24rF_x0TmQ,[MV] ABM - 'ヤラララ' (YARARARA) feat. 重音テト,55613899
2026-09-15 03:59:19,xJQ6KrmdpD0,【以心伝心】新人歌い手グループが『ヤラララ』を本気で歌ってみたら...【EL6】,2010349
2026-09-15 03:59:19,pRy8kStWlAw,'ヤラララ' (YARARARA) ／Cover -しゆん×ばぁう,1605774
2026-09-15 03:59:19,SnZvS3f5IrA,ヤラララ／Cover - KOMAINU.,2859921
2026-09-15 04:55:42,T24rF_x0TmQ,[MV] ABM - 'ヤラララ' (YARARARA) feat. 重音テト,55624133
2026-09-15 04:55:42,xJQ6KrmdpD0,【以心伝心】新人歌い手グループが『ヤラララ』を本気で歌ってみたら...【EL6】,2011502
2026-09-15 04:55:42,pRy8kStWlAw,'ヤラララ' (YARARARA) ／Cover -しゆん×ばぁう,1605935
2026-09-15 04:55:42,SnZvS3f5IrA,ヤラララ／Cover - KOMAINU.,2860554
2026-09-15 05:56:24,T24rF_x0TmQ,[MV] ABM - 'ヤラララ' (YARARARA) feat. 重音テト,55633716
2026-09-15 05:56:24,xJQ6KrmdpD0,【以心伝心】新人歌い手グループが『ヤラララ』を本気で歌ってみたら...【EL6】,2012356
2026-09-15 05:56:24,pRy8kStWlAw,'ヤラララ' (YARARARA) ／Cover -しゆん×ばぁう,1606104
2026-09-15 05:56:24,SnZvS3f5IrA,ヤラララ／Cover - KOMAINU.,2861168
2026-09-15 06:56:02,T24rF_x0TmQ,[MV] ABM - 'ヤラララ' (YARARARA) feat. 重音テト,55642462
2026-09-15 06:56:02,xJQ6KrmdpD0,【以心伝心】新人歌い手グループが『ヤラララ』を本気で歌ってみたら...【EL6】,2013044
2026-09-15 06:56:02,pRy8kStWlAw,'ヤラララ' (YARARARA) ／Cover -しゆん×ばぁう,1606218
2026-09-15 06:56:02,SnZvS3f5IrA,ヤラララ／Cover - KOMAINU.,2861736
2026-09-15 07:55:51,T24rF_x0TmQ,[MV] ABM - 'ヤラララ' (YARARARA) feat. 重音テト,55651819
2026-09-15 07:55:51,xJQ6KrmdpD0,【以心伝心】新人歌い手グループが『ヤラララ』を本気で歌ってみたら...【EL6】,2013713
2026-09-15 07:55:51,pRy8kStWlAw,'ヤラララ' (YARARARA) ／Cover -しゆん×ばぁう,1606372
2026-09-15 07:55:51,SnZvS3f5IrA,ヤラララ／Cover - KOMAINU.,2862278
2026-09-15 08:54:40,T24rF_x0TmQ,[MV] ABM - 'ヤラララ' (YARARARA) feat. 重音テト,55661206
2026-09-15 08:54:40,xJQ6KrmdpD0,【以心伝心】新人歌い手グループが『ヤラララ』を本気で歌ってみたら...【EL6】,2015065
2026-09-15 08:54:40,pRy8kStWlAw,'ヤラララ' (YARARARA) ／Cover -しゆん×ばぁう,1606597
2026-09-15 08:54:40,SnZvS3f5IrA,ヤラララ／Cover - KOMAINU.,2862878
2026-09-15 09:59:19,T24rF_x0TmQ,[MV] ABM - 'ヤラララ' (YARARARA) feat. 重音テト,55672469
2026-09-15 09:59:19,xJQ6KrmdpD0,【以心伝心】新人歌い手グループが『ヤラララ』を本気で歌ってみたら...【EL6】,2017037
2026-09-15 09:59:19,pRy8kStWlAw,'ヤラララ' (YARARARA) ／Cover -しゆん×ばぁう,1606908
2026-09-15 09:59:19,SnZvS3f5IrA,ヤラララ／Cover - KOMAINU.,2863552
2026-09-15 10:57:47,T24rF_x0TmQ,[MV] ABM - 'ヤラララ' (YARARARA) feat. 重音テト,55680253
2026-09-15 10:57:47,xJQ6KrmdpD0,【以心伝心】新人歌い手グループが『ヤラララ』を本気で歌ってみたら...【EL6】,2018673
2026-09-15 10:57:47,pRy8kStWlAw,'ヤラララ' (YARARARA) ／Cover -しゆん×ばぁう,1607065
2026-09-15 10:57:47,SnZvS3f5IrA,ヤラララ／Cover - KOMAINU.,2864031
2026-09-15 11:57:23,T24rF_x0TmQ,[MV] ABM - 'ヤラララ' (YARARARA) feat. 重音テト,55690248
2026-09-15 11:57:23,xJQ6KrmdpD0,【以心伝心】新人歌い手グループが『ヤラララ』を本気で歌ってみたら...【EL6】,2020115
2026-09-15 11:57:23,pRy8kStWlAw,'ヤラララ' (YARARARA) ／Cover -しゆん×ばぁう,1607281
2026-09-15 11:57:23,SnZvS3f5IrA,ヤラララ／Cover - KOMAINU.,2864572
2026-09-15 12:57:25,T24rF_x0TmQ,[MV] ABM - 'ヤラララ' (YARARARA) feat. 重音テト,55704716
2026-09-15 12:57:25,xJQ6KrmdpD0,【以心伝心】新人歌い手グループが『ヤラララ』を本気で歌ってみたら...【EL6】,2022570
2026-09-15 12:57:25,pRy8kStWlAw,'ヤラララ' (YARARARA) ／Cover -しゆん×ばぁう,1607661
2026-09-15 12:57:25,SnZvS3f5IrA,ヤラララ／Cover - KOMAINU.,2865545
2026-09-15 13:57:33,T24rF_x0TmQ,[MV] ABM - 'ヤラララ' (YARARARA) feat. 重音テト,55711759
2026-09-15 13:57:33,xJQ6KrmdpD0,【以心伝心】新人歌い手グループが『ヤラララ』を本気で歌ってみたら...【EL6】,2023505
2026-09-15 13:57:33,pRy8kStWlAw,'ヤラララ' (YARARARA) ／Cover -しゆん×ばぁう,1607795
2026-09-15 13:57:33,SnZvS3f5IrA,ヤラララ／Cover - KOMAINU.,2865951
2026-09-15 14:57:08,T24rF_x0TmQ,[MV] ABM - 'ヤラララ' (YARARARA) feat. 重音テト,55719362
2026-09-15 14:57:08,xJQ6KrmdpD0,【以心伝心】新人歌い手グループが『ヤラララ』を本気で歌ってみたら...【EL6】,2024822
2026-09-15 14:57:08,pRy8kStWlAw,'ヤラララ' (YARARARA) ／Cover -しゆん×ばぁう,1607984
2026-09-15 14:57:08,SnZvS3f5IrA,ヤラララ／Cover - KOMAINU.,2866474
2026-09-15 16:00:24,T24rF_x0TmQ,[MV] ABM - 'ヤラララ' (YARARARA) feat. 重音テト,55724548
2026-09-15 16:00:24,xJQ6KrmdpD0,【以心伝心】新人歌い手グループが『ヤラララ』を本気で歌ってみたら...【EL6】,2025964
2026-09-15 16:00:24,pRy8kStWlAw,'ヤラララ' (YARARARA) ／Cover -しゆん×ばぁう,1608120
2026-09-15 16:00:24,SnZvS3f5IrA,ヤラララ／Cover - KOMAINU.,2866933
2026-09-15 16:57:41,T24rF_x0TmQ,[MV] ABM - 'ヤラララ' (YARARARA) feat. 重音テト,55733296
2026-09-15 16:57:41,xJQ6KrmdpD0,【以心伝心】新人歌い手グループが『ヤラララ』を本気で歌ってみたら...【EL6】,2027540
2026-09-15 16:57:41,pRy8kStWlAw,'ヤラララ' (YARARARA) ／Cover -しゆん×ばぁう,1608347
2026-09-15 16:57:41,SnZvS3f5IrA,ヤラララ／Cover - KOMAINU.,2867475
2026-09-15 17:59:23,T24rF_x0TmQ,[MV] ABM - 'ヤラララ' (YARARARA) feat. 重音テト,55741213
2026-09-15 17:59:23,xJQ6KrmdpD0,【以心伝心】新人歌い手グループが『ヤラララ』を本気で歌ってみたら...【EL6】,2029252
2026-09-15 17:59:23,pRy8kStWlAw,'ヤラララ' (YARARARA) ／Cover -しゆん×ばぁう,1608607
2026-09-15 17:59:23,SnZvS3f5IrA,ヤラララ／Cover - KOMAINU.,2867994
2026-09-15 18:59:52,T24rF_x0TmQ,[MV] ABM - 'ヤラララ' (YARARARA) feat. 重音テト,55754815
2026-09-15 18:59:52,xJQ6KrmdpD0,【以心伝心】新人歌い手グループが『ヤラララ』を本気で歌ってみたら...【EL6】,2032222
2026-09-15 18:59:52,pRy8kStWlAw,'ヤラララ' (YARARARA) ／Cover -しゆん×ばぁう,1609085
2026-09-15 18:59:52,SnZvS3f5IrA,ヤラララ／Cover - KOMAINU.,2868924
2026-09-15 19:56:32,T24rF_x0TmQ,[MV] ABM - 'ヤラララ' (YARARARA) feat. 重音テト,55762787
2026-09-15 19:56:32,xJQ6KrmdpD0,【以心伝心】新人歌い手グループが『ヤラララ』を本気で歌ってみたら...【EL6】,2034378
2026-09-15 19:56:32,pRy8kStWlAw,'ヤラララ' (YARARARA) ／Cover -しゆん×ばぁう,1609340
2026-09-15 19:56:32,SnZvS3f5IrA,ヤラララ／Cover - KOMAINU.,2869449
2026-09-15 20:54:54,T24rF_x0TmQ,[MV] ABM - 'ヤラララ' (YARARARA) feat. 重音テト,55768944
2026-09-15 20:54:54,xJQ6KrmdpD0,【以心伝心】新人歌い手グループが『ヤラララ』を本気で歌ってみたら...【EL6】,2036283
2026-09-15 20:54:54,pRy8kStWlAw,'ヤラララ' (YARARARA) ／Cover -しゆん×ばぁう,1609620
2026-09-15 20:54:54,SnZvS3f5IrA,ヤラララ／Cover - KOMAINU.,2870026
2026-09-15 21:59:26,T24rF_x0TmQ,[MV] ABM - 'ヤラララ' (YARARARA) feat. 重音テト,55780322
2026-09-15 21:59:26,xJQ6KrmdpD0,【以心伝心】新人歌い手グループが『ヤラララ』を本気で歌ってみたら...【EL6】,2038983
2026-09-15 21:59:26,pRy8kStWlAw,'ヤラララ' (YARARARA) ／Cover -しゆん×ばぁう,1610100
2026-09-15 21:59:26,SnZvS3f5IrA,ヤラララ／Cover - KOMAINU.,2870975
2026-09-15 22:57:12,T24rF_x0TmQ,[MV] ABM - 'ヤラララ' (YARARARA) feat. 重音テト,55792898
2026-09-15 22:57:12,xJQ6KrmdpD0,【以心伝心】新人歌い手グループが『ヤラララ』を本気で歌ってみたら...【EL6】,2042143
2026-09-15 22:57:12,pRy8kStWlAw,'ヤラララ' (YARARARA) ／Cover -しゆん×ばぁう,1610500
2026-09-15 22:57:12,SnZvS3f5IrA,ヤラララ／Cover - KOMAINU.,2871773
2026-09-15 23:57:27,T24rF_x0TmQ,[MV] ABM - 'ヤラララ' (YARARARA) feat. 重音テト,55807093
2026-09-15 23:57:27,xJQ6KrmdpD0,【以心伝心】新人歌い手グループが『ヤラララ』を本気で歌ってみたら...【EL6】,2045349
2026-09-15 23:57:27,pRy8kStWlAw,'ヤラララ' (YARARARA) ／Cover -しゆん×ばぁう,1610937
2026-09-15 23:57:27,SnZvS3f5IrA,ヤラララ／Cover - KOMAINU.,2872678
2026-09-16 00:56:03,T24rF_x0TmQ,[MV] ABM - 'ヤラララ' (YARARARA) feat. 重音テト,55820787
2026-09-16 00:56:03,xJQ6KrmdpD0,【以心伝心】新人歌い手グループが『ヤラララ』を本気で歌ってみたら...【EL6】,2048313
2026-09-16 00:56:03,pRy8kStWlAw,'ヤラララ' (YARARARA) ／Cover -しゆん×ばぁう,1611351
2026-09-16 00:56:03,SnZvS3f5IrA,ヤラララ／Cover - KOMAINU.,2873610
2026-09-16 01:56:40,T24rF_x0TmQ,[MV] ABM - 'ヤラララ' (YARARARA) feat. 重音テト,55827821
2026-09-16 01:56:40,xJQ6KrmdpD0,【以心伝心】新人歌い手グループが『ヤラララ』を本気で歌ってみたら...【EL6】,2049735
2026-09-16 01:56:40,pRy8kStWlAw,'ヤラララ' (YARARARA) ／Cover -しゆん×ばぁう,1611552
2026-09-16 01:56:40,SnZvS3f5IrA,ヤラララ／Cover - KOMAINU.,2874060
2026-09-16 02:55:00,T24rF_x0TmQ,[MV] ABM - 'ヤラララ' (YARARARA) feat. 重音テト,55831198
2026-09-16 02:55:00,xJQ6KrmdpD0,【以心伝心】新人歌い手グループが『ヤラララ』を本気で歌ってみたら...【EL6】,2050387
2026-09-16 02:55:00,pRy8kStWlAw,'ヤラララ' (YARARARA) ／Cover -しゆん×ばぁう,1611632
2026-09-16 02:55:00,SnZvS3f5IrA,ヤラララ／Cover - KOMAINU.,2874236
2026-09-16 03:57:07,T24rF_x0TmQ,[MV] ABM - 'ヤラララ' (YARARARA) feat. 重音テト,55836398
2026-09-16 03:57:07,xJQ6KrmdpD0,【以心伝心】新人歌い手グループが『ヤラララ』を本気で歌ってみたら...【EL6】,2051274
2026-09-16 03:57:07,pRy8kStWlAw,'ヤラララ' (YARARARA) ／Cover -しゆん×ばぁう,1611727
2026-09-16 03:57:07,SnZvS3f5IrA,ヤラララ／Cover - KOMAINU.,2874525
2026-09-16 04:55:26,T24rF_x0TmQ,[MV] ABM - 'ヤラララ' (YARARARA) feat. 重音テト,55846251
2026-09-16 04:55:26,xJQ6KrmdpD0,【以心伝心】新人歌い手グループが『ヤラララ』を本気で歌ってみたら...【EL6】,2052808
2026-09-16 04:55:26,pRy8kStWlAw,'ヤラララ' (YARARARA) ／Cover -しゆん×ばぁう,1611953
2026-09-16 04:55:26,SnZvS3f5IrA,ヤラララ／Cover - KOMAINU.,2875143
2026-09-16 05:55:09,T24rF_x0TmQ,[MV] ABM - 'ヤラララ' (YARARARA) feat. 重音テト,55856766
2026-09-16 05:55:09,xJQ6KrmdpD0,【以心伝心】新人歌い手グループが『ヤラララ』を本気で歌ってみたら...【EL6】,2054319
2026-09-16 05:55:09,pRy8kStWlAw,'ヤラララ' (YARARARA) ／Cover -しゆん×ばぁう,1612165
2026-09-16 05:55:09,SnZvS3f5IrA,ヤラララ／Cover - KOMAINU.,2875843
2026-09-16 06:54:57,T24rF_x0TmQ,[MV] ABM - 'ヤラララ' (YARARARA) feat. 重音テト,55866892
2026-09-16 06:54:57,xJQ6KrmdpD0,【以心伝心】新人歌い手グループが『ヤラララ』を本気で歌ってみたら...【EL6】,2055314
2026-09-16 06:54:57,pRy8kStWlAw,'ヤラララ' (YARARARA) ／Cover -しゆん×ばぁう,1612345
2026-09-16 06:54:57,SnZvS3f5IrA,ヤラララ／Cover - KOMAINU.,2876459
2026-09-16 07:54:29,T24rF_x0TmQ,[MV] ABM - 'ヤラララ' (YARARARA) feat. 重音テト,55876579
2026-09-16 07:54:29,xJQ6KrmdpD0,【以心伝心】新人歌い手グループが『ヤラララ』を本気で歌ってみたら...【EL6】,2056109
2026-09-16 07:54:29,pRy8kStWlAw,'ヤラララ' (YARARARA) ／Cover -しゆん×ばぁう,1612493
2026-09-16 07:54:29,SnZvS3f5IrA,ヤラララ／Cover - KOMAINU.,2876990
2026-09-16 08:54:46,T24rF_x0TmQ,[MV] ABM - 'ヤラララ' (YARARARA) feat. 重音テト,55885841
2026-09-16 08:54:46,xJQ6KrmdpD0,【以心伝心】新人歌い手グループが『ヤラララ』を本気で歌ってみたら...【EL6】,2056764
2026-09-16 08:54:46,pRy8kStWlAw,'ヤラララ' (YARARARA) ／Cover -しゆん×ばぁう,1612622
2026-09-16 08:54:46,SnZvS3f5IrA,ヤラララ／Cover - KOMAINU.,2877440
2026-09-16 09:57:59,T24rF_x0TmQ,[MV] ABM - 'ヤラララ' (YARARARA) feat. 重音テト,55896436
2026-09-16 09:57:59,xJQ6KrmdpD0,【以心伝心】新人歌い手グループが『ヤラララ』を本気で歌ってみたら...【EL6】,2057533
2026-09-16 09:57:59,pRy8kStWlAw,'ヤラララ' (YARARARA) ／Cover -しゆん×ばぁう,1612765
2026-09-16 09:57:59,SnZvS3f5IrA,ヤラララ／Cover - KOMAINU.,2877942
2026-09-16 10:55:58,T24rF_x0TmQ,[MV] ABM - 'ヤラララ' (YARARARA) feat. 重音テト,55905502
2026-09-16 10:55:58,xJQ6KrmdpD0,【以心伝心】新人歌い手グループが『ヤラララ』を本気で歌ってみたら...【EL6】,2058506
2026-09-16 10:55:58,pRy8kStWlAw,'ヤラララ' (YARARARA) ／Cover -しゆん×ばぁう,1612901
2026-09-16 10:55:58,SnZvS3f5IrA,ヤラララ／Cover - KOMAINU.,2878397
2026-09-16 11:56:18,T24rF_x0TmQ,[MV] ABM - 'ヤラララ' (YARARARA) feat. 重音テト,55915063
2026-09-16 11:56:18,xJQ6KrmdpD0,【以心伝心】新人歌い手グループが『ヤラララ』を本気で歌ってみたら...【EL6】,2060330
2026-09-16 11:56:18,pRy8kStWlAw,'ヤラララ' (YARARARA) ／Cover -しゆん×ばぁう,1613178
2026-09-16 11:56:18,SnZvS3f5IrA,ヤラララ／Cover - KOMAINU.,2878800
2026-09-16 12:56:46,T24rF_x0TmQ,[MV] ABM - 'ヤラララ' (YARARARA) feat. 重音テト,55927689
2026-09-16 12:56:46,xJQ6KrmdpD0,【以心伝心】新人歌い手グループが『ヤラララ』を本気で歌ってみたら...【EL6】,2062944
2026-09-16 12:56:46,pRy8kStWlAw,'ヤラララ' (YARARARA) ／Cover -しゆん×ばぁう,1613595
2026-09-16 12:56:46,SnZvS3f5IrA,ヤラララ／Cover - KOMAINU.,2879583
2026-09-16 13:56:31,T24rF_x0TmQ,[MV] ABM - 'ヤラララ' (YARARARA) feat. 重音テト,55938949
2026-09-16 13:56:31,xJQ6KrmdpD0,【以心伝心】新人歌い手グループが『ヤラララ』を本気で歌ってみたら...【EL6】,2064323
2026-09-16 13:56:31,pRy8kStWlAw,'ヤラララ' (YARARARA) ／Cover -しゆん×ばぁう,1613814
2026-09-16 13:56:31,SnZvS3f5IrA,ヤラララ／Cover - KOMAINU.,2880154
2026-09-16 14:55:51,T24rF_x0TmQ,[MV] ABM - 'ヤラララ' (YARARARA) feat. 重音テト,55949508
2026-09-16 14:55:51,xJQ6KrmdpD0,【以心伝心】新人歌い手グループが『ヤラララ』を本気で歌ってみたら...【EL6】,2065739
2026-09-16 14:55:51,pRy8kStWlAw,'ヤラララ' (YARARARA) ／Cover -しゆん×ばぁう,1614001
2026-09-16 14:55:51,SnZvS3f5IrA,ヤラララ／Cover - KOMAINU.,2880780
2026-09-16 15:59:35,T24rF_x0TmQ,[MV] ABM - 'ヤラララ' (YARARARA) feat. 重音テト,55959946
2026-09-16 15:59:35,xJQ6KrmdpD0,【以心伝心】新人歌い手グループが『ヤラララ』を本気で歌ってみたら...【EL6】,2067142
2026-09-16 15:59:35,pRy8kStWlAw,'ヤラララ' (YARARARA) ／Cover -しゆん×ばぁう,1614248
2026-09-16 15:59:35,SnZvS3f5IrA,ヤラララ／Cover - KOMAINU.,2881379
2026-09-16 16:56:26,T24rF_x0TmQ,[MV] ABM - 'ヤラララ' (YARARARA) feat. 重音テト,55969155
2026-09-16 16:56:26,xJQ6KrmdpD0,【以心伝心】新人歌い手グループが『ヤラララ』を本気で歌ってみたら...【EL6】,2068463
2026-09-16 16:56:26,pRy8kStWlAw,'ヤラララ' (YARARARA) ／Cover -しゆん×ばぁう,1614456
2026-09-16 16:56:26,SnZvS3f5IrA,ヤラララ／Cover - KOMAINU.,2881885
2026-09-16 17:56:45,T24rF_x0TmQ,[MV] ABM - 'ヤラララ' (YARARARA) feat. 重音テト,55978332
2026-09-16 17:56:45,xJQ6KrmdpD0,【以心伝心】新人歌い手グループが『ヤラララ』を本気で歌ってみたら...【EL6】,2070102
2026-09-16 17:56:45,pRy8kStWlAw,'ヤラララ' (YARARARA) ／Cover -しゆん×ばぁう,1614766
2026-09-16 17:56:45,SnZvS3f5IrA,ヤラララ／Cover - KOMAINU.,2882504
2026-09-16 18:56:30,T24rF_x0TmQ,[MV] ABM - 'ヤラララ' (YARARARA) feat. 重音テト,55999147
2026-09-16 18:56:30,xJQ6KrmdpD0,【以心伝心】新人歌い手グループが『ヤラララ』を本気で歌ってみたら...【EL6】,2074261
2026-09-16 18:56:30,pRy8kStWlAw,'ヤラララ' (YARARARA) ／Cover -しゆん×ばぁう,1615336
2026-09-16 18:56:30,SnZvS3f5IrA,ヤラララ／Cover - KOMAINU.,2883958
2026-09-16 19:56:12,T24rF_x0TmQ,[MV] ABM - 'ヤラララ' (YARARARA) feat. 重音テト,56001735
2026-09-16 19:56:12,xJQ6KrmdpD0,【以心伝心】新人歌い手グループが『ヤラララ』を本気で歌ってみたら...【EL6】,2074959
2026-09-16 19:56:12,pRy8kStWlAw,'ヤラララ' (YARARARA) ／Cover -しゆん×ばぁう,1615475
2026-09-16 19:56:12,SnZvS3f5IrA,ヤラララ／Cover - KOMAINU.,2884235
2026-09-16 20:55:32,T24rF_x0TmQ,[MV] ABM - 'ヤラララ' (YARARARA) feat. 重音テト,56005606
2026-09-16 20:55:32,xJQ6KrmdpD0,【以心伝心】新人歌い手グループが『ヤラララ』を本気で歌ってみたら...【EL6】,2076152
2026-09-16 20:55:32,pRy8kStWlAw,'ヤラララ' (YARARARA) ／Cover -しゆん×ばぁう,1615632
2026-09-16 20:55:32,SnZvS3f5IrA,ヤラララ／Cover - KOMAINU.,2884499
2026-09-16 21:59:53,T24rF_x0TmQ,[MV] ABM - 'ヤラララ' (YARARARA) feat. 重音テト,56016625
2026-09-16 21:59:53,xJQ6KrmdpD0,【以心伝心】新人歌い手グループが『ヤラララ』を本気で歌ってみたら...【EL6】,2079273
2026-09-16 21:59:53,pRy8kStWlAw,'ヤラララ' (YARARARA) ／Cover -しゆん×ばぁう,1616049
2026-09-16 21:59:53,SnZvS3f5IrA,ヤラララ／Cover - KOMAINU.,2885403
2026-09-16 22:57:50,T24rF_x0TmQ,[MV] ABM - 'ヤラララ' (YARARARA) feat. 重音テト,56027631
2026-09-16 22:57:50,xJQ6KrmdpD0,【以心伝心】新人歌い手グループが『ヤラララ』を本気で歌ってみたら...【EL6】,2082146
2026-09-16 22:57:50,pRy8kStWlAw,'ヤラララ' (YARARARA) ／Cover -しゆん×ばぁう,1616447
2026-09-16 22:57:50,SnZvS3f5IrA,ヤラララ／Cover - KOMAINU.,2886201
2026-09-16 23:57:23,T24rF_x0TmQ,[MV] ABM - 'ヤラララ' (YARARARA) feat. 重音テト,56038090
2026-09-16 23:57:23,xJQ6KrmdpD0,【以心伝心】新人歌い手グループが『ヤラララ』を本気で歌ってみたら...【EL6】,2085099
2026-09-16 23:57:23,pRy8kStWlAw,'ヤラララ' (YARARARA) ／Cover -しゆん×ばぁう,1616822
2026-09-16 23:57:23,SnZvS3f5IrA,ヤラララ／Cover - KOMAINU.,2887015
2026-09-17 00:56:54,T24rF_x0TmQ,[MV] ABM - 'ヤラララ' (YARARARA) feat. 重音テト,56050335
2026-09-17 00:56:54,xJQ6KrmdpD0,【以心伝心】新人歌い手グループが『ヤラララ』を本気で歌ってみたら...【EL6】,2088234
2026-09-17 00:56:54,pRy8kStWlAw,'ヤラララ' (YARARARA) ／Cover -しゆん×ばぁう,1617175
2026-09-17 00:56:54,SnZvS3f5IrA,ヤラララ／Cover - KOMAINU.,2887909
2026-09-17 01:56:42,T24rF_x0TmQ,[MV] ABM - 'ヤラララ' (YARARARA) feat. 重音テト,56064356
2026-09-17 01:56:42,xJQ6KrmdpD0,【以心伝心】新人歌い手グループが『ヤラララ』を本気で歌ってみたら...【EL6】,2091350
2026-09-17 01:56:42,pRy8kStWlAw,'ヤラララ' (YARARARA) ／Cover -しゆん×ばぁう,1617556
2026-09-17 01:56:42,SnZvS3f5IrA,ヤラララ／Cover - KOMAINU.,2889030
2026-09-17 02:55:54,T24rF_x0TmQ,[MV] ABM - 'ヤラララ' (YARARARA) feat. 重音テト,56082876
2026-09-17 02:55:54,xJQ6KrmdpD0,【以心伝心】新人歌い手グループが『ヤラララ』を本気で歌ってみたら...【EL6】,2094353
2026-09-17 02:55:54,pRy8kStWlAw,'ヤラララ' (YARARARA) ／Cover -しゆん×ばぁう,1618066
2026-09-17 02:55:54,SnZvS3f5IrA,ヤラララ／Cover - KOMAINU.,2890058
2026-09-17 03:56:40,T24rF_x0TmQ,[MV] ABM - 'ヤラララ' (YARARARA) feat. 重音テト,56097028
2026-09-17 03:56:40,xJQ6KrmdpD0,【以心伝心】新人歌い手グループが『ヤラララ』を本気で歌ってみたら...【EL6】,2096806
2026-09-17 03:56:40,pRy8kStWlAw,'ヤラララ' (YARARARA) ／Cover -しゆん×ばぁう,1618421
2026-09-17 03:56:40,SnZvS3f5IrA,ヤラララ／Cover - KOMAINU.,2891030
2026-09-17 04:54:24,T24rF_x0TmQ,[MV] ABM - 'ヤラララ' (YARARARA) feat. 重音テト,56109893
2026-09-17 04:54:24,xJQ6KrmdpD0,【以心伝心】新人歌い手グループが『ヤラララ』を本気で歌ってみたら...【EL6】,2098743
2026-09-17 04:54:24,pRy8kStWlAw,'ヤラララ' (YARARARA) ／Cover -しゆん×ばぁう,1618740
2026-09-17 04:54:24,SnZvS3f5IrA,ヤラララ／Cover - KOMAINU.,2891982
2026-09-17 05:55:46,T24rF_x0TmQ,[MV] ABM - 'ヤラララ' (YARARARA) feat. 重音テト,56122957
2026-09-17 05:55:46,xJQ6KrmdpD0,【以心伝心】新人歌い手グループが『ヤラララ』を本気で歌ってみたら...【EL6】,2100253
2026-09-17 05:55:46,pRy8kStWlAw,'ヤラララ' (YARARARA) ／Cover -しゆん×ばぁう,1619004
2026-09-17 05:55:46,SnZvS3f5IrA,ヤラララ／Cover - KOMAINU.,2892834
2026-09-17 06:54:43,T24rF_x0TmQ,[MV] ABM - 'ヤラララ' (YARARARA) feat. 重音テト,56133786
2026-09-17 06:54:43,xJQ6KrmdpD0,【以心伝心】新人歌い手グループが『ヤラララ』を本気で歌ってみたら...【EL6】,2101379
2026-09-17 06:54:43,pRy8kStWlAw,'ヤラララ' (YARARARA) ／Cover -しゆん×ばぁう,1619169
2026-09-17 06:54:43,SnZvS3f5IrA,ヤラララ／Cover - KOMAINU.,2893521
2026-09-17 07:54:28,T24rF_x0TmQ,[MV] ABM - 'ヤラララ' (YARARARA) feat. 重音テト,56144656
2026-09-17 07:54:28,xJQ6KrmdpD0,【以心伝心】新人歌い手グループが『ヤラララ』を本気で歌ってみたら...【EL6】,2102105
2026-09-17 07:54:28,pRy8kStWlAw,'ヤラララ' (YARARARA) ／Cover -しゆん×ばぁう,1619300
2026-09-17 07:54:28,SnZvS3f5IrA,ヤラララ／Cover - KOMAINU.,2894099
2026-09-17 08:54:34,T24rF_x0TmQ,[MV] ABM - 'ヤラララ' (YARARARA) feat. 重音テト,56155095
2026-09-17 08:54:34,xJQ6KrmdpD0,【以心伝心】新人歌い手グループが『ヤラララ』を本気で歌ってみたら...【EL6】,2102833
2026-09-17 08:54:34,pRy8kStWlAw,'ヤラララ' (YARARARA) ／Cover -しゆん×ばぁう,1619444
2026-09-17 08:54:34,SnZvS3f5IrA,ヤラララ／Cover - KOMAINU.,2894638
2026-09-17 09:58:42,T24rF_x0TmQ,[MV] ABM - 'ヤラララ' (YARARARA) feat. 重音テト,56165949
2026-09-17 09:58:42,xJQ6KrmdpD0,【以心伝心】新人歌い手グループが『ヤラララ』を本気で歌ってみたら...【EL6】,2103823
2026-09-17 09:58:42,pRy8kStWlAw,'ヤラララ' (YARARARA) ／Cover -しゆん×ばぁう,1619594
2026-09-17 09:58:42,SnZvS3f5IrA,ヤラララ／Cover - KOMAINU.,2895279
2026-09-17 10:56:56,T24rF_x0TmQ,[MV] ABM - 'ヤラララ' (YARARARA) feat. 重音テト,56176779
2026-09-17 10:56:56,xJQ6KrmdpD0,【以心伝心】新人歌い手グループが『ヤラララ』を本気で歌ってみたら...【EL6】,2104928
2026-09-17 10:56:56,pRy8kStWlAw,'ヤラララ' (YARARARA) ／Cover -しゆん×ばぁう,1619765
2026-09-17 10:56:56,SnZvS3f5IrA,ヤラララ／Cover - KOMAINU.,2895834
2026-09-17 11:56:39,T24rF_x0TmQ,[MV] ABM - 'ヤラララ' (YARARARA) feat. 重音テト,56187782
2026-09-17 11:56:39,xJQ6KrmdpD0,【以心伝心】新人歌い手グループが『ヤラララ』を本気で歌ってみたら...【EL6】,2106759
2026-09-17 11:56:39,pRy8kStWlAw,'ヤラララ' (YARARARA) ／Cover -しゆん×ばぁう,1619976
2026-09-17 11:56:39,SnZvS3f5IrA,ヤラララ／Cover - KOMAINU.,2896488
2026-09-17 12:56:41,T24rF_x0TmQ,[MV] ABM - 'ヤラララ' (YARARARA) feat. 重音テト,56201104
2026-09-17 12:56:41,xJQ6KrmdpD0,【以心伝心】新人歌い手グループが『ヤラララ』を本気で歌ってみたら...【EL6】,2109552
2026-09-17 12:56:41,pRy8kStWlAw,'ヤラララ' (YARARARA) ／Cover -しゆん×ばぁう,1620319
2026-09-17 12:56:41,SnZvS3f5IrA,ヤラララ／Cover - KOMAINU.,2897271
2026-09-17 13:56:59,T24rF_x0TmQ,[MV] ABM - 'ヤラララ' (YARARARA) feat. 重音テト,56212487
2026-09-17 13:56:59,xJQ6KrmdpD0,【以心伝心】新人歌い手グループが『ヤラララ』を本気で歌ってみたら...【EL6】,2111361
2026-09-17 13:56:59,pRy8kStWlAw,'ヤラララ' (YARARARA) ／Cover -しゆん×ばぁう,1620604
2026-09-17 13:56:59,SnZvS3f5IrA,ヤラララ／Cover - KOMAINU.,2897962
2026-09-17 14:55:50,T24rF_x0TmQ,[MV] ABM - 'ヤラララ' (YARARARA) feat. 重音テト,56223842
2026-09-17 14:55:50,xJQ6KrmdpD0,【以心伝心】新人歌い手グループが『ヤラララ』を本気で歌ってみたら...【EL6】,2112808
2026-09-17 14:55:50,pRy8kStWlAw,'ヤラララ' (YARARARA) ／Cover -しゆん×ばぁう,1620791
2026-09-17 14:55:50,SnZvS3f5IrA,ヤラララ／Cover - KOMAINU.,2898577
2026-09-17 15:59:43,T24rF_x0TmQ,[MV] ABM - 'ヤラララ' (YARARARA) feat. 重音テト,56234131
2026-09-17 15:59:43,xJQ6KrmdpD0,【以心伝心】新人歌い手グループが『ヤラララ』を本気で歌ってみたら...【EL6】,2114288
2026-09-17 15:59:43,pRy8kStWlAw,'ヤラララ' (YARARARA) ／Cover -しゆん×ばぁう,1620977
2026-09-17 15:59:43,SnZvS3f5IrA,ヤラララ／Cover - KOMAINU.,2899185
2026-09-17 16:56:03,T24rF_x0TmQ,[MV] ABM - 'ヤラララ' (YARARARA) feat. 重音テト,56243704
2026-09-17 16:56:03,xJQ6KrmdpD0,【以心伝心】新人歌い手グループが『ヤラララ』を本気で歌ってみたら...【EL6】,2115598
2026-09-17 16:56:03,pRy8kStWlAw,'ヤラララ' (YARARARA) ／Cover -しゆん×ばぁう,1621149
2026-09-17 16:56:03,SnZvS3f5IrA,ヤラララ／Cover - KOMAINU.,2899706
2026-09-17 17:56:20,T24rF_x0TmQ,[MV] ABM - 'ヤラララ' (YARARARA) feat. 重音テト,56252507
2026-09-17 17:56:20,xJQ6KrmdpD0,【以心伝心】新人歌い手グループが『ヤラララ』を本気で歌ってみたら...【EL6】,2117133
2026-09-17 17:56:20,pRy8kStWlAw,'ヤラララ' (YARARARA) ／Cover -しゆん×ばぁう,1621312
2026-09-17 17:56:20,SnZvS3f5IrA,ヤラララ／Cover - KOMAINU.,2900224
2026-09-17 18:56:48,T24rF_x0TmQ,[MV] ABM - 'ヤラララ' (YARARARA) feat. 重音テト,56271178
2026-09-17 18:56:48,xJQ6KrmdpD0,【以心伝心】新人歌い手グループが『ヤラララ』を本気で歌ってみたら...【EL6】,2120606
2026-09-17 18:56:48,pRy8kStWlAw,'ヤラララ' (YARARARA) ／Cover -しゆん×ばぁう,1621861
2026-09-17 18:56:48,SnZvS3f5IrA,ヤラララ／Cover - KOMAINU.,2901715
2026-09-17 19:55:46,T24rF_x0TmQ,[MV] ABM - 'ヤラララ' (YARARARA) feat. 重音テト,56276065
2026-09-17 19:55:46,xJQ6KrmdpD0,【以心伝心】新人歌い手グループが『ヤラララ』を本気で歌ってみたら...【EL6】,2121875
2026-09-17 19:55:46,pRy8kStWlAw,'ヤラララ' (YARARARA) ／Cover -しゆん×ばぁう,1621986
2026-09-17 19:55:46,SnZvS3f5IrA,ヤラララ／Cover - KOMAINU.,2901981
2026-09-17 20:55:52,T24rF_x0TmQ,[MV] ABM - 'ヤラララ' (YARARARA) feat. 重音テト,56280138
2026-09-17 20:55:52,xJQ6KrmdpD0,【以心伝心】新人歌い手グループが『ヤラララ』を本気で歌ってみたら...【EL6】,2123058
2026-09-17 20:55:52,pRy8kStWlAw,'ヤラララ' (YARARARA) ／Cover -しゆん×ばぁう,1622084
2026-09-17 20:55:52,SnZvS3f5IrA,ヤラララ／Cover - KOMAINU.,2902230
2026-09-17 21:58:55,T24rF_x0TmQ,[MV] ABM - 'ヤラララ' (YARARARA) feat. 重音テト,56290063
2026-09-17 21:58:55,xJQ6KrmdpD0,【以心伝心】新人歌い手グループが『ヤラララ』を本気で歌ってみたら...【EL6】,2125802
2026-09-17 21:58:55,pRy8kStWlAw,'ヤラララ' (YARARARA) ／Cover -しゆん×ばぁう,1622486
2026-09-17 21:58:55,SnZvS3f5IrA,ヤラララ／Cover - KOMAINU.,2903008
2026-09-17 22:56:30,T24rF_x0TmQ,[MV] ABM - 'ヤラララ' (YARARARA) feat. 重音テト,56300760
2026-09-17 22:56:30,xJQ6KrmdpD0,【以心伝心】新人歌い手グループが『ヤラララ』を本気で歌ってみたら...【EL6】,2128911
2026-09-17 22:56:30,pRy8kStWlAw,'ヤラララ' (YARARARA) ／Cover -しゆん×ばぁう,1622851
2026-09-17 22:56:30,SnZvS3f5IrA,ヤラララ／Cover - KOMAINU.,2903707
2026-09-17 23:56:56,T24rF_x0TmQ,[MV] ABM - 'ヤラララ' (YARARARA) feat. 重音テト,56313616
2026-09-17 23:56:56,xJQ6KrmdpD0,【以心伝心】新人歌い手グループが『ヤラララ』を本気で歌ってみたら...【EL6】,2132344
2026-09-17 23:56:56,pRy8kStWlAw,'ヤラララ' (YARARARA) ／Cover -しゆん×ばぁう,1623311
2026-09-17 23:56:56,SnZvS3f5IrA,ヤラララ／Cover - KOMAINU.,2904529
2026-09-18 00:55:54,T24rF_x0TmQ,[MV] ABM - 'ヤラララ' (YARARARA) feat. 重音テト,56326583
2026-09-18 00:55:54,xJQ6KrmdpD0,【以心伝心】新人歌い手グループが『ヤラララ』を本気で歌ってみたら...【EL6】,2135223
2026-09-18 00:55:54,pRy8kStWlAw,'ヤラララ' (YARARARA) ／Cover -しゆん×ばぁう,1623688
2026-09-18 00:55:54,SnZvS3f5IrA,ヤラララ／Cover - KOMAINU.,2905435
2026-09-18 01:56:03,T24rF_x0TmQ,[MV] ABM - 'ヤラララ' (YARARARA) feat. 重音テト,56342011
2026-09-18 01:56:03,xJQ6KrmdpD0,【以心伝心】新人歌い手グループが『ヤラララ』を本気で歌ってみたら...【EL6】,2138425
2026-09-18 01:56:03,pRy8kStWlAw,'ヤラララ' (YARARARA) ／Cover -しゆん×ばぁう,1624124
2026-09-18 01:56:03,SnZvS3f5IrA,ヤラララ／Cover - KOMAINU.,2906459
2026-09-18 02:55:10,T24rF_x0TmQ,[MV] ABM - 'ヤラララ' (YARARARA) feat. 重音テト,56358165
2026-09-18 02:55:10,xJQ6KrmdpD0,【以心伝心】新人歌い手グループが『ヤラララ』を本気で歌ってみたら...【EL6】,2141560
2026-09-18 02:55:10,pRy8kStWlAw,'ヤラララ' (YARARARA) ／Cover -しゆん×ばぁう,1624540
2026-09-18 02:55:10,SnZvS3f5IrA,ヤラララ／Cover - KOMAINU.,2907345
2026-09-18 03:57:47,T24rF_x0TmQ,[MV] ABM - 'ヤラララ' (YARARARA) feat. 重音テト,56372464
2026-09-18 03:57:47,xJQ6KrmdpD0,【以心伝心】新人歌い手グループが『ヤラララ』を本気で歌ってみたら...【EL6】,2144153
2026-09-18 03:57:47,pRy8kStWlAw,'ヤラララ' (YARARARA) ／Cover -しゆん×ばぁう,1624937
2026-09-18 03:57:47,SnZvS3f5IrA,ヤラララ／Cover - KOMAINU.,2908258
2026-09-18 04:54:44,T24rF_x0TmQ,[MV] ABM - 'ヤラララ' (YARARARA) feat. 重音テト,56384603
2026-09-18 04:54:44,xJQ6KrmdpD0,【以心伝心】新人歌い手グループが『ヤラララ』を本気で歌ってみたら...【EL6】,2146185
2026-09-18 04:54:44,pRy8kStWlAw,'ヤラララ' (YARARARA) ／Cover -しゆん×ばぁう,1625241
2026-09-18 04:54:44,SnZvS3f5IrA,ヤラララ／Cover - KOMAINU.,2909118
2026-09-18 05:54:30,T24rF_x0TmQ,[MV] ABM - 'ヤラララ' (YARARARA) feat. 重音テト,56396383
2026-09-18 05:54:30,xJQ6KrmdpD0,【以心伝心】新人歌い手グループが『ヤラララ』を本気で歌ってみたら...【EL6】,2147570
2026-09-18 05:54:30,pRy8kStWlAw,'ヤラララ' (YARARARA) ／Cover -しゆん×ばぁう,1625461
2026-09-18 05:54:30,SnZvS3f5IrA,ヤラララ／Cover - KOMAINU.,2909923
2026-09-18 06:54:40,T24rF_x0TmQ,[MV] ABM - 'ヤラララ' (YARARARA) feat. 重音テト,56407353
2026-09-18 06:54:40,xJQ6KrmdpD0,【以心伝心】新人歌い手グループが『ヤラララ』を本気で歌ってみたら...【EL6】,2148773
2026-09-18 06:54:40,pRy8kStWlAw,'ヤラララ' (YARARARA) ／Cover -しゆん×ばぁう,1625601
2026-09-18 06:54:40,SnZvS3f5IrA,ヤラララ／Cover - KOMAINU.,2910595
2026-09-18 07:54:23,T24rF_x0TmQ,[MV] ABM - 'ヤラララ' (YARARARA) feat. 重音テト,56417681
2026-09-18 07:54:23,xJQ6KrmdpD0,【以心伝心】新人歌い手グループが『ヤラララ』を本気で歌ってみたら...【EL6】,2149514
2026-09-18 07:54:23,pRy8kStWlAw,'ヤラララ' (YARARARA) ／Cover -しゆん×ばぁう,1625737
2026-09-18 07:54:23,SnZvS3f5IrA,ヤラララ／Cover - KOMAINU.,2911088
2026-09-18 08:54:21,T24rF_x0TmQ,[MV] ABM - 'ヤラララ' (YARARARA) feat. 重音テト,56432943
2026-09-18 08:54:21,xJQ6KrmdpD0,【以心伝心】新人歌い手グループが『ヤラララ』を本気で歌ってみたら...【EL6】,2150152
2026-09-18 08:54:21,pRy8kStWlAw,'ヤラララ' (YARARARA) ／Cover -しゆん×ばぁう,1625834
2026-09-18 08:54:21,SnZvS3f5IrA,ヤラララ／Cover - KOMAINU.,2912170
2026-09-18 09:57:14,T24rF_x0TmQ,[MV] ABM - 'ヤラララ' (YARARARA) feat. 重音テト,56443666
2026-09-18 09:57:14,xJQ6KrmdpD0,【以心伝心】新人歌い手グループが『ヤラララ』を本気で歌ってみたら...【EL6】,2150808
2026-09-18 09:57:14,pRy8kStWlAw,'ヤラララ' (YARARARA) ／Cover -しゆん×ばぁう,1626160
2026-09-18 09:57:14,SnZvS3f5IrA,ヤラララ／Cover - KOMAINU.,2912714
2026-09-18 10:55:06,T24rF_x0TmQ,[MV] ABM - 'ヤラララ' (YARARARA) feat. 重音テト,56453331
2026-09-18 10:55:06,xJQ6KrmdpD0,【以心伝心】新人歌い手グループが『ヤラララ』を本気で歌ってみたら...【EL6】,2152955
2026-09-18 10:55:06,pRy8kStWlAw,'ヤラララ' (YARARARA) ／Cover -しゆん×ばぁう,1626312
2026-09-18 10:55:06,SnZvS3f5IrA,ヤラララ／Cover - KOMAINU.,2913303
2026-09-18 11:55:14,T24rF_x0TmQ,[MV] ABM - 'ヤラララ' (YARARARA) feat. 重音テト,56464721
2026-09-18 11:55:14,xJQ6KrmdpD0,【以心伝心】新人歌い手グループが『ヤラララ』を本気で歌ってみたら...【EL6】,2154882
2026-09-18 11:55:14,pRy8kStWlAw,'ヤラララ' (YARARARA) ／Cover -しゆん×ばぁう,1626572
2026-09-18 11:55:14,SnZvS3f5IrA,ヤラララ／Cover - KOMAINU.,2914028
2026-09-18 12:55:35,T24rF_x0TmQ,[MV] ABM - 'ヤラララ' (YARARARA) feat. 重音テト,56479368
2026-09-18 12:55:35,xJQ6KrmdpD0,【以心伝心】新人歌い手グループが『ヤラララ』を本気で歌ってみたら...【EL6】,2157761
2026-09-18 12:55:35,pRy8kStWlAw,'ヤラララ' (YARARARA) ／Cover -しゆん×ばぁう,1626930
2026-09-18 12:55:35,SnZvS3f5IrA,ヤラララ／Cover - KOMAINU.,2914812
2026-09-18 13:55:32,T24rF_x0TmQ,[MV] ABM - 'ヤラララ' (YARARARA) feat. 重音テト,56492177
2026-09-18 13:55:32,xJQ6KrmdpD0,【以心伝心】新人歌い手グループが『ヤラララ』を本気で歌ってみたら...【EL6】,2159802
2026-09-18 13:55:32,pRy8kStWlAw,'ヤラララ' (YARARARA) ／Cover -しゆん×ばぁう,1627226
2026-09-18 13:55:32,SnZvS3f5IrA,ヤラララ／Cover - KOMAINU.,2915561
2026-09-18 14:54:26,T24rF_x0TmQ,[MV] ABM - 'ヤラララ' (YARARARA) feat. 重音テト,56502738
2026-09-18 14:54:26,xJQ6KrmdpD0,【以心伝心】新人歌い手グループが『ヤラララ』を本気で歌ってみたら...【EL6】,2161234
2026-09-18 14:54:26,pRy8kStWlAw,'ヤラララ' (YARARARA) ／Cover -しゆん×ばぁう,1627412
2026-09-18 14:54:26,SnZvS3f5IrA,ヤラララ／Cover - KOMAINU.,2916193
2026-09-18 15:57:39,T24rF_x0TmQ,[MV] ABM - 'ヤラララ' (YARARARA) feat. 重音テト,56512091
2026-09-18 15:57:39,xJQ6KrmdpD0,【以心伝心】新人歌い手グループが『ヤラララ』を本気で歌ってみたら...【EL6】,2162296
2026-09-18 15:57:39,pRy8kStWlAw,'ヤラララ' (YARARARA) ／Cover -しゆん×ばぁう,1627575
2026-09-18 15:57:39,SnZvS3f5IrA,ヤラララ／Cover - KOMAINU.,2916656
2026-09-18 16:55:19,T24rF_x0TmQ,[MV] ABM - 'ヤラララ' (YARARARA) feat. 重音テト,56519963
2026-09-18 16:55:19,xJQ6KrmdpD0,【以心伝心】新人歌い手グループが『ヤラララ』を本気で歌ってみたら...【EL6】,2163355
2026-09-18 16:55:19,pRy8kStWlAw,'ヤラララ' (YARARARA) ／Cover -しゆん×ばぁう,1627708
2026-09-18 16:55:19,SnZvS3f5IrA,ヤラララ／Cover - KOMAINU.,2917114
2026-09-18 17:55:52,T24rF_x0TmQ,[MV] ABM - 'ヤラララ' (YARARARA) feat. 重音テト,56527366
2026-09-18 17:55:52,xJQ6KrmdpD0,【以心伝心】新人歌い手グループが『ヤラララ』を本気で歌ってみたら...【EL6】,2164563
2026-09-18 17:55:52,pRy8kStWlAw,'ヤラララ' (YARARARA) ／Cover -しゆん×ばぁう,1627843
2026-09-18 17:55:52,SnZvS3f5IrA,ヤラララ／Cover - KOMAINU.,2917558
2026-09-18 18:54:58,T24rF_x0TmQ,[MV] ABM - 'ヤラララ' (YARARARA) feat. 重音テト,56544340
2026-09-18 18:54:58,xJQ6KrmdpD0,【以心伝心】新人歌い手グループが『ヤラララ』を本気で歌ってみたら...【EL6】,2167520
2026-09-18 18:54:58,pRy8kStWlAw,'ヤラララ' (YARARARA) ／Cover -しゆん×ばぁう,1628310
2026-09-18 18:54:58,SnZvS3f5IrA,ヤラララ／Cover - KOMAINU.,2918804
2026-09-18 19:54:57,T24rF_x0TmQ,[MV] ABM - 'ヤラララ' (YARARARA) feat. 重音テト,56549276
2026-09-18 19:54:57,xJQ6KrmdpD0,【以心伝心】新人歌い手グループが『ヤラララ』を本気で歌ってみたら...【EL6】,2168906
2026-09-18 19:54:57,pRy8kStWlAw,'ヤラララ' (YARARARA) ／Cover -しゆん×ばぁう,1628414
2026-09-18 19:54:57,SnZvS3f5IrA,ヤラララ／Cover - KOMAINU.,2919027
2026-09-18 20:54:23,T24rF_x0TmQ,[MV] ABM - 'ヤラララ' (YARARARA) feat. 重音テト,56549276
2026-09-18 20:54:23,xJQ6KrmdpD0,【以心伝心】新人歌い手グループが『ヤラララ』を本気で歌ってみたら...【EL6】,2169488
2026-09-18 20:54:23,pRy8kStWlAw,'ヤラララ' (YARARARA) ／Cover -しゆん×ばぁう,1628438
2026-09-18 20:54:23,SnZvS3f5IrA,ヤラララ／Cover - KOMAINU.,2919027
2026-09-18 21:57:05,T24rF_x0TmQ,[MV] ABM - 'ヤラララ' (YARARARA) feat. 重音テト,56557947
2026-09-18 21:57:05,xJQ6KrmdpD0,【以心伝心】新人歌い手グループが『ヤラララ』を本気で歌ってみたら...【EL6】,2172185
2026-09-18 21:57:05,pRy8kStWlAw,'ヤラララ' (YARARARA) ／Cover -しゆん×ばぁう,1628818
2026-09-18 21:57:05,SnZvS3f5IrA,ヤラララ／Cover - KOMAINU.,2919562
2026-09-18 22:55:47,T24rF_x0TmQ,[MV] ABM - 'ヤラララ' (YARARARA) feat. 重音テト,56571366
2026-09-18 22:55:47,xJQ6KrmdpD0,【以心伝心】新人歌い手グループが『ヤラララ』を本気で歌ってみたら...【EL6】,2176022
2026-09-18 22:55:47,pRy8kStWlAw,'ヤラララ' (YARARARA) ／Cover -しゆん×ばぁう,1629280
2026-09-18 22:55:47,SnZvS3f5IrA,ヤラララ／Cover - KOMAINU.,2920504
2026-09-18 23:56:23,T24rF_x0TmQ,[MV] ABM - 'ヤラララ' (YARARARA) feat. 重音テト,56594175
2026-09-18 23:56:23,xJQ6KrmdpD0,【以心伝心】新人歌い手グループが『ヤラララ』を本気で歌ってみたら...【EL6】,2181465
2026-09-18 23:56:23,pRy8kStWlAw,'ヤラララ' (YARARARA) ／Cover -しゆん×ばぁう,1629918
2026-09-18 23:56:23,SnZvS3f5IrA,ヤラララ／Cover - KOMAINU.,2921899
2026-09-19 00:55:16,T24rF_x0TmQ,[MV] ABM - 'ヤラララ' (YARARARA) feat. 重音テト,56616060
2026-09-19 00:55:16,xJQ6KrmdpD0,【以心伝心】新人歌い手グループが『ヤラララ』を本気で歌ってみたら...【EL6】,2185920
2026-09-19 00:55:16,pRy8kStWlAw,'ヤラララ' (YARARARA) ／Cover -しゆん×ばぁう,1630575
2026-09-19 00:55:16,SnZvS3f5IrA,ヤラララ／Cover - KOMAINU.,2923410
2026-09-19 01:54:42,T24rF_x0TmQ,[MV] ABM - 'ヤラララ' (YARARARA) feat. 重音テト,56638176
2026-09-19 01:54:42,xJQ6KrmdpD0,【以心伝心】新人歌い手グループが『ヤラララ』を本気で歌ってみたら...【EL6】,2189825
2026-09-19 01:54:42,pRy8kStWlAw,'ヤラララ' (YARARARA) ／Cover -しゆん×ばぁう,1631157
2026-09-19 01:54:42,SnZvS3f5IrA,ヤラララ／Cover - KOMAINU.,2924781
2026-09-19 02:54:25,T24rF_x0TmQ,[MV] ABM - 'ヤラララ' (YARARARA) feat. 重音テト,56654156
2026-09-19 02:54:25,xJQ6KrmdpD0,【以心伝心】新人歌い手グループが『ヤラララ』を本気で歌ってみたら...【EL6】,2192062
2026-09-19 02:54:25,pRy8kStWlAw,'ヤラララ' (YARARARA) ／Cover -しゆん×ばぁう,1631532
2026-09-19 02:54:25,SnZvS3f5IrA,ヤラララ／Cover - KOMAINU.,2925806
2026-09-19 03:54:29,T24rF_x0TmQ,[MV] ABM - 'ヤラララ' (YARARARA) feat. 重音テト,56668061
2026-09-19 03:54:29,xJQ6KrmdpD0,【以心伝心】新人歌い手グループが『ヤラララ』を本気で歌ってみたら...【EL6】,2193680
2026-09-19 03:54:29,pRy8kStWlAw,'ヤラララ' (YARARARA) ／Cover -しゆん×ばぁう,1631754
2026-09-19 03:54:29,SnZvS3f5IrA,ヤラララ／Cover - KOMAINU.,2926622
2026-09-19 04:54:44,T24rF_x0TmQ,[MV] ABM - 'ヤラララ' (YARARARA) feat. 重音テト,56681810
2026-09-19 04:54:44,xJQ6KrmdpD0,【以心伝心】新人歌い手グループが『ヤラララ』を本気で歌ってみたら...【EL6】,2195177
2026-09-19 04:54:44,pRy8kStWlAw,'ヤラララ' (YARARARA) ／Cover -しゆん×ばぁう,1631998
2026-09-19 04:54:44,SnZvS3f5IrA,ヤラララ／Cover - KOMAINU.,2927451
2026-09-19 05:54:41,T24rF_x0TmQ,[MV] ABM - 'ヤラララ' (YARARARA) feat. 重音テト,56693170
2026-09-19 05:54:41,xJQ6KrmdpD0,【以心伝心】新人歌い手グループが『ヤラララ』を本気で歌ってみたら...【EL6】,2196064
2026-09-19 05:54:41,pRy8kStWlAw,'ヤラララ' (YARARARA) ／Cover -しゆん×ばぁう,1632190
2026-09-19 05:54:41,SnZvS3f5IrA,ヤラララ／Cover - KOMAINU.,2928079
2026-09-19 06:54:20,T24rF_x0TmQ,[MV] ABM - 'ヤラララ' (YARARARA) feat. 重音テト,56704050
2026-09-19 06:54:20,xJQ6KrmdpD0,【以心伝心】新人歌い手グループが『ヤラララ』を本気で歌ってみたら...【EL6】,2196624
2026-09-19 06:54:20,pRy8kStWlAw,'ヤラララ' (YARARARA) ／Cover -しゆん×ばぁう,1632309
2026-09-19 06:54:20,SnZvS3f5IrA,ヤラララ／Cover - KOMAINU.,2928616
2026-09-19 07:54:38,T24rF_x0TmQ,[MV] ABM - 'ヤラララ' (YARARARA) feat. 重音テト,56714770
2026-09-19 07:54:38,xJQ6KrmdpD0,【以心伝心】新人歌い手グループが『ヤラララ』を本気で歌ってみたら...【EL6】,2197334
2026-09-19 07:54:38,pRy8kStWlAw,'ヤラララ' (YARARARA) ／Cover -しゆん×ばぁう,1632454
2026-09-19 07:54:38,SnZvS3f5IrA,ヤラララ／Cover - KOMAINU.,2929161
2026-09-19 08:55:01,T24rF_x0TmQ,[MV] ABM - 'ヤラララ' (YARARARA) feat. 重音テト,56726071
2026-09-19 08:55:01,xJQ6KrmdpD0,【以心伝心】新人歌い手グループが『ヤラララ』を本気で歌ってみたら...【EL6】,2199492
2026-09-19 08:55:01,pRy8kStWlAw,'ヤラララ' (YARARARA) ／Cover -しゆん×ばぁう,1632832
2026-09-19 08:55:01,SnZvS3f5IrA,ヤラララ／Cover - KOMAINU.,2929736
2026-09-19 09:56:23,T24rF_x0TmQ,[MV] ABM - 'ヤラララ' (YARARARA) feat. 重音テト,56748431
2026-09-19 09:56:23,xJQ6KrmdpD0,【以心伝心】新人歌い手グループが『ヤラララ』を本気で歌ってみたら...【EL6】,2200953
2026-09-19 09:56:23,pRy8kStWlAw,'ヤラララ' (YARARARA) ／Cover -しゆん×ばぁう,1633037
2026-09-19 09:56:23,SnZvS3f5IrA,ヤラララ／Cover - KOMAINU.,2930273
2026-09-19 10:55:12,T24rF_x0TmQ,[MV] ABM - 'ヤラララ' (YARARARA) feat. 重音テト,56759292
2026-09-19 10:55:12,xJQ6KrmdpD0,【以心伝心】新人歌い手グループが『ヤラララ』を本気で歌ってみたら...【EL6】,2202714
2026-09-19 10:55:12,pRy8kStWlAw,'ヤラララ' (YARARARA) ／Cover -しゆん×ばぁう,1633310
2026-09-19 10:55:12,SnZvS3f5IrA,ヤラララ／Cover - KOMAINU.,2931765
2026-09-19 11:54:33,T24rF_x0TmQ,[MV] ABM - 'ヤラララ' (YARARARA) feat. 重音テト,56773805
2026-09-19 11:54:33,xJQ6KrmdpD0,【以心伝心】新人歌い手グループが『ヤラララ』を本気で歌ってみたら...【EL6】,2205023
2026-09-19 11:54:33,pRy8kStWlAw,'ヤラララ' (YARARARA) ／Cover -しゆん×ばぁう,1633629
2026-09-19 11:54:33,SnZvS3f5IrA,ヤラララ／Cover - KOMAINU.,2932376
2026-09-19 12:54:56,T24rF_x0TmQ,[MV] ABM - 'ヤラララ' (YARARARA) feat. 重音テト,56787024
2026-09-19 12:54:56,xJQ6KrmdpD0,【以心伝心】新人歌い手グループが『ヤラララ』を本気で歌ってみたら...【EL6】,2207258
2026-09-19 12:54:56,pRy8kStWlAw,'ヤラララ' (YARARARA) ／Cover -しゆん×ばぁう,1633912
2026-09-19 12:54:56,SnZvS3f5IrA,ヤラララ／Cover - KOMAINU.,2932974
2026-09-19 13:54:38,T24rF_x0TmQ,[MV] ABM - 'ヤラララ' (YARARARA) feat. 重音テト,56801235
2026-09-19 13:54:38,xJQ6KrmdpD0,【以心伝心】新人歌い手グループが『ヤラララ』を本気で歌ってみたら...【EL6】,2209614
2026-09-19 13:54:38,pRy8kStWlAw,'ヤラララ' (YARARARA) ／Cover -しゆん×ばぁう,1634194
2026-09-19 13:54:38,SnZvS3f5IrA,ヤラララ／Cover - KOMAINU.,2933700
2026-09-19 14:54:36,T24rF_x0TmQ,[MV] ABM - 'ヤラララ' (YARARARA) feat. 重音テト,56815014
2026-09-19 14:54:36,xJQ6KrmdpD0,【以心伝心】新人歌い手グループが『ヤラララ』を本気で歌ってみたら...【EL6】,2211855
2026-09-19 14:54:36,pRy8kStWlAw,'ヤラララ' (YARARARA) ／Cover -しゆん×ばぁう,1634462
2026-09-19 14:54:36,SnZvS3f5IrA,ヤラララ／Cover - KOMAINU.,2934454
2026-09-19 15:56:20,T24rF_x0TmQ,[MV] ABM - 'ヤラララ' (YARARARA) feat. 重音テト,56831406
2026-09-19 15:56:20,xJQ6KrmdpD0,【以心伝心】新人歌い手グループが『ヤラララ』を本気で歌ってみたら...【EL6】,2214862
2026-09-19 15:56:20,pRy8kStWlAw,'ヤラララ' (YARARARA) ／Cover -しゆん×ばぁう,1634821
2026-09-19 15:56:20,SnZvS3f5IrA,ヤラララ／Cover - KOMAINU.,2935289
2026-09-19 16:54:22,T24rF_x0TmQ,[MV] ABM - 'ヤラララ' (YARARARA) feat. 重音テト,56842174
2026-09-19 16:54:22,xJQ6KrmdpD0,【以心伝心】新人歌い手グループが『ヤラララ』を本気で歌ってみたら...【EL6】,2216895
2026-09-19 16:54:22,pRy8kStWlAw,'ヤラララ' (YARARARA) ／Cover -しゆん×ばぁう,1635124
2026-09-19 16:54:22,SnZvS3f5IrA,ヤラララ／Cover - KOMAINU.,2935985
2026-09-19 17:54:48,T24rF_x0TmQ,[MV] ABM - 'ヤラララ' (YARARARA) feat. 重音テト,56854131
2026-09-19 17:54:48,xJQ6KrmdpD0,【以心伝心】新人歌い手グループが『ヤラララ』を本気で歌ってみたら...【EL6】,2219338
2026-09-19 17:54:48,pRy8kStWlAw,'ヤラララ' (YARARARA) ／Cover -しゆん×ばぁう,1635426
2026-09-19 17:54:48,SnZvS3f5IrA,ヤラララ／Cover - KOMAINU.,2936790
2026-09-19 18:54:39,T24rF_x0TmQ,[MV] ABM - 'ヤラララ' (YARARARA) feat. 重音テト,56870347
2026-09-19 18:54:39,xJQ6KrmdpD0,【以心伝心】新人歌い手グループが『ヤラララ』を本気で歌ってみたら...【EL6】,2222575
2026-09-19 18:54:39,pRy8kStWlAw,'ヤラララ' (YARARARA) ／Cover -しゆん×ばぁう,1635920
2026-09-19 18:54:39,SnZvS3f5IrA,ヤラララ／Cover - KOMAINU.,2937912
2026-09-19 19:54:28,T24rF_x0TmQ,[MV] ABM - 'ヤラララ' (YARARARA) feat. 重音テト,56882932
2026-09-19 19:54:28,xJQ6KrmdpD0,【以心伝心】新人歌い手グループが『ヤラララ』を本気で歌ってみたら...【EL6】,2225336
2026-09-19 19:54:28,pRy8kStWlAw,'ヤラララ' (YARARARA) ／Cover -しゆん×ばぁう,1636334
2026-09-19 19:54:28,SnZvS3f5IrA,ヤラララ／Cover - KOMAINU.,2938702
2026-09-19 20:54:32,T24rF_x0TmQ,[MV] ABM - 'ヤラララ' (YARARARA) feat. 重音テト,56893692
2026-09-19 20:54:32,xJQ6KrmdpD0,【以心伝心】新人歌い手グループが『ヤラララ』を本気で歌ってみたら...【EL6】,2227920
2026-09-19 20:54:32,pRy8kStWlAw,'ヤラララ' (YARARARA) ／Cover -しゆん×ばぁう,1636636
2026-09-19 20:54:32,SnZvS3f5IrA,ヤラララ／Cover - KOMAINU.,2939403
2026-09-19 21:56:00,T24rF_x0TmQ,[MV] ABM - 'ヤラララ' (YARARARA) feat. 重音テト,56907441
2026-09-19 21:56:00,xJQ6KrmdpD0,【以心伝心】新人歌い手グループが『ヤラララ』を本気で歌ってみたら...【EL6】,2230706
2026-09-19 21:56:00,pRy8kStWlAw,'ヤラララ' (YARARARA) ／Cover -しゆん×ばぁう,1636973
2026-09-19 21:56:00,SnZvS3f5IrA,ヤラララ／Cover - KOMAINU.,2940121
2026-09-19 22:54:23,T24rF_x0TmQ,[MV] ABM - 'ヤラララ' (YARARARA) feat. 重音テト,56920247
2026-09-19 22:54:23,xJQ6KrmdpD0,【以心伝心】新人歌い手グループが『ヤラララ』を本気で歌ってみたら...【EL6】,2233562
2026-09-19 22:54:23,pRy8kStWlAw,'ヤラララ' (YARARARA) ／Cover -しゆん×ばぁう,1637370
2026-09-19 22:54:23,SnZvS3f5IrA,ヤラララ／Cover - KOMAINU.,2941015
2026-09-19 23:54:21,T24rF_x0TmQ,[MV] ABM - 'ヤラララ' (YARARARA) feat. 重音テト,56934874
2026-09-19 23:54:21,xJQ6KrmdpD0,【以心伝心】新人歌い手グループが『ヤラララ』を本気で歌ってみたら...【EL6】,2236563
2026-09-19 23:54:21,pRy8kStWlAw,'ヤラララ' (YARARARA) ／Cover -しゆん×ばぁう,1637807
2026-09-19 23:54:21,SnZvS3f5IrA,ヤラララ／Cover - KOMAINU.,2941878
2026-09-20 00:54:20,T24rF_x0TmQ,[MV] ABM - 'ヤラララ' (YARARARA) feat. 重音テト,56938917
2026-09-20 00:54:20,xJQ6KrmdpD0,【以心伝心】新人歌い手グループが『ヤラララ』を本気で歌ってみたら...【EL6】,2239225
2026-09-20 00:54:20,pRy8kStWlAw,'ヤラララ' (YARARARA) ／Cover -しゆん×ばぁう,1637839
2026-09-20 00:54:20,SnZvS3f5IrA,ヤラララ／Cover - KOMAINU.,2942029
2026-09-20 01:55:00,T24rF_x0TmQ,[MV] ABM - 'ヤラララ' (YARARARA) feat. 重音テト,56953957
2026-09-20 01:55:00,xJQ6KrmdpD0,【以心伝心】新人歌い手グループが『ヤラララ』を本気で歌ってみたら...【EL6】,2240632
2026-09-20 01:55:00,pRy8kStWlAw,'ヤラララ' (YARARARA) ／Cover -しゆん×ばぁう,1638190
2026-09-20 01:55:00,SnZvS3f5IrA,ヤラララ／Cover - KOMAINU.,2942965
2026-09-20 02:54:18,T24rF_x0TmQ,[MV] ABM - 'ヤラララ' (YARARARA) feat. 重音テト,56970731
2026-09-20 02:54:18,xJQ6KrmdpD0,【以心伝心】新人歌い手グループが『ヤラララ』を本気で歌ってみたら...【EL6】,2242688
2026-09-20 02:54:18,pRy8kStWlAw,'ヤラララ' (YARARARA) ／Cover -しゆん×ばぁう,1638537
2026-09-20 02:54:18,SnZvS3f5IrA,ヤラララ／Cover - KOMAINU.,2943899
2026-09-20 03:54:23,T24rF_x0TmQ,[MV] ABM - 'ヤラララ' (YARARARA) feat. 重音テト,56984903
2026-09-20 03:54:23,xJQ6KrmdpD0,【以心伝心】新人歌い手グループが『ヤラララ』を本気で歌ってみたら...【EL6】,2244245
2026-09-20 03:54:23,pRy8kStWlAw,'ヤラララ' (YARARARA) ／Cover -しゆん×ばぁう,1638794
2026-09-20 03:54:23,SnZvS3f5IrA,ヤラララ／Cover - KOMAINU.,2944606
2026-09-20 04:54:11,T24rF_x0TmQ,[MV] ABM - 'ヤラララ' (YARARARA) feat. 重音テト,56998240
2026-09-20 04:54:11,xJQ6KrmdpD0,【以心伝心】新人歌い手グループが『ヤラララ』を本気で歌ってみたら...【EL6】,2245665
2026-09-20 04:54:11,pRy8kStWlAw,'ヤラララ' (YARARARA) ／Cover -しゆん×ばぁう,1639043
2026-09-20 04:54:11,SnZvS3f5IrA,ヤラララ／Cover - KOMAINU.,2945330
2026-09-20 05:54:29,T24rF_x0TmQ,[MV] ABM - 'ヤラララ' (YARARARA) feat. 重音テト,57011987
2026-09-20 05:54:29,xJQ6KrmdpD0,【以心伝心】新人歌い手グループが『ヤラララ』を本気で歌ってみたら...【EL6】,2246609
2026-09-20 05:54:29,pRy8kStWlAw,'ヤラララ' (YARARARA) ／Cover -しゆん×ばぁう,1639209
2026-09-20 05:54:29,SnZvS3f5IrA,ヤラララ／Cover - KOMAINU.,2945980
2026-09-20 06:54:29,T24rF_x0TmQ,[MV] ABM - 'ヤラララ' (YARARARA) feat. 重音テト,57024094
2026-09-20 06:54:29,xJQ6KrmdpD0,【以心伝心】新人歌い手グループが『ヤラララ』を本気で歌ってみたら...【EL6】,2247310
2026-09-20 06:54:29,pRy8kStWlAw,'ヤラララ' (YARARARA) ／Cover -しゆん×ばぁう,1639376
2026-09-20 06:54:29,SnZvS3f5IrA,ヤラララ／Cover - KOMAINU.,2946512
2026-09-20 07:54:50,T24rF_x0TmQ,[MV] ABM - 'ヤラララ' (YARARARA) feat. 重音テト,57036082
2026-09-20 07:54:50,xJQ6KrmdpD0,【以心伝心】新人歌い手グループが『ヤラララ』を本気で歌ってみたら...【EL6】,2248075
2026-09-20 07:54:50,pRy8kStWlAw,'ヤラララ' (YARARARA) ／Cover -しゆん×ばぁう,1639555
2026-09-20 07:54:50,SnZvS3f5IrA,ヤラララ／Cover - KOMAINU.,2947103
2026-09-20 08:54:15,T24rF_x0TmQ,[MV] ABM - 'ヤラララ' (YARARARA) feat. 重音テト,57046625
2026-09-20 08:54:15,xJQ6KrmdpD0,【以心伝心】新人歌い手グループが『ヤラララ』を本気で歌ってみたら...【EL6】,2248747
2026-09-20 08:54:15,pRy8kStWlAw,'ヤラララ' (YARARARA) ／Cover -しゆん×ばぁう,1639696
2026-09-20 08:54:15,SnZvS3f5IrA,ヤラララ／Cover - KOMAINU.,2947646
2026-09-20 09:57:38,T24rF_x0TmQ,[MV] ABM - 'ヤラララ' (YARARARA) feat. 重音テト,57057769
2026-09-20 09:57:38,xJQ6KrmdpD0,【以心伝心】新人歌い手グループが『ヤラララ』を本気で歌ってみたら...【EL6】,2249958
2026-09-20 09:57:38,pRy8kStWlAw,'ヤラララ' (YARARARA) ／Cover -しゆん×ばぁう,1639877
2026-09-20 09:57:38,SnZvS3f5IrA,ヤラララ／Cover - KOMAINU.,2948102
2026-09-20 10:54:59,T24rF_x0TmQ,[MV] ABM - 'ヤラララ' (YARARARA) feat. 重音テト,57073059
2026-09-20 10:54:59,xJQ6KrmdpD0,【以心伝心】新人歌い手グループが『ヤラララ』を本気で歌ってみたら...【EL6】,2251907
2026-09-20 10:54:59,pRy8kStWlAw,'ヤラララ' (YARARARA) ／Cover -しゆん×ばぁう,1640118
2026-09-20 10:54:59,SnZvS3f5IrA,ヤラララ／Cover - KOMAINU.,2948879
2026-09-20 11:55:08,T24rF_x0TmQ,[MV] ABM - 'ヤラララ' (YARARARA) feat. 重音テト,57085693
2026-09-20 11:55:08,xJQ6KrmdpD0,【以心伝心】新人歌い手グループが『ヤラララ』を本気で歌ってみたら...【EL6】,2254283
2026-09-20 11:55:08,pRy8kStWlAw,'ヤラララ' (YARARARA) ／Cover -しゆん×ばぁう,1640399
2026-09-20 11:55:08,SnZvS3f5IrA,ヤラララ／Cover - KOMAINU.,2949530
2026-09-20 12:55:46,T24rF_x0TmQ,[MV] ABM - 'ヤラララ' (YARARARA) feat. 重音テト,57101028
2026-09-20 12:55:46,xJQ6KrmdpD0,【以心伝心】新人歌い手グループが『ヤラララ』を本気で歌ってみたら...【EL6】,2257002
2026-09-20 12:55:46,pRy8kStWlAw,'ヤラララ' (YARARARA) ／Cover -しゆん×ばぁう,1640770
2026-09-20 12:55:46,SnZvS3f5IrA,ヤラララ／Cover - KOMAINU.,2950250
2026-09-20 13:55:06,T24rF_x0TmQ,[MV] ABM - 'ヤラララ' (YARARARA) feat. 重音テト,57112918
2026-09-20 13:55:06,xJQ6KrmdpD0,【以心伝心】新人歌い手グループが『ヤラララ』を本気で歌ってみたら...【EL6】,2259213
2026-09-20 13:55:06,pRy8kStWlAw,'ヤラララ' (YARARARA) ／Cover -しゆん×ばぁう,1641088
2026-09-20 13:55:06,SnZvS3f5IrA,ヤラララ／Cover - KOMAINU.,2950878
2026-09-20 14:54:20,T24rF_x0TmQ,[MV] ABM - 'ヤラララ' (YARARARA) feat. 重音テト,57123168
2026-09-20 14:54:20,xJQ6KrmdpD0,【以心伝心】新人歌い手グループが『ヤラララ』を本気で歌ってみたら...【EL6】,2258125
2026-09-20 14:54:20,pRy8kStWlAw,'ヤラララ' (YARARARA) ／Cover -しゆん×ばぁう,1641329
2026-09-20 14:54:20,SnZvS3f5IrA,ヤラララ／Cover - KOMAINU.,2951385
2026-09-20 15:56:37,T24rF_x0TmQ,[MV] ABM - 'ヤラララ' (YARARARA) feat. 重音テト,57119120
2026-09-20 15:56:37,xJQ6KrmdpD0,【以心伝心】新人歌い手グループが『ヤラララ』を本気で歌ってみたら...【EL6】,2261044
2026-09-20 15:56:37,pRy8kStWlAw,'ヤラララ' (YARARARA) ／Cover -しゆん×ばぁう,1641310
2026-09-20 15:56:37,SnZvS3f5IrA,ヤラララ／Cover - KOMAINU.,2950712
2026-09-20 16:54:31,T24rF_x0TmQ,[MV] ABM - 'ヤラララ' (YARARARA) feat. 重音テト,57130575
2026-09-20 16:54:31,xJQ6KrmdpD0,【以心伝心】新人歌い手グループが『ヤラララ』を本気で歌ってみたら...【EL6】,2263457
2026-09-20 16:54:31,pRy8kStWlAw,'ヤラララ' (YARARARA) ／Cover -しゆん×ばぁう,1641634
2026-09-20 16:54:31,SnZvS3f5IrA,ヤラララ／Cover - KOMAINU.,2951385
2026-09-20 17:54:43,T24rF_x0TmQ,[MV] ABM - 'ヤラララ' (YARARARA) feat. 重音テト,57141479
2026-09-20 17:54:43,xJQ6KrmdpD0,【以心伝心】新人歌い手グループが『ヤラララ』を本気で歌ってみたら...【EL6】,2265598
2026-09-20 17:54:43,pRy8kStWlAw,'ヤラララ' (YARARARA) ／Cover -しゆん×ばぁう,1641959
2026-09-20 17:54:43,SnZvS3f5IrA,ヤラララ／Cover - KOMAINU.,2951977
2026-09-20 18:54:39,T24rF_x0TmQ,[MV] ABM - 'ヤラララ' (YARARARA) feat. 重音テト,57152538
2026-09-20 18:54:39,xJQ6KrmdpD0,【以心伝心】新人歌い手グループが『ヤラララ』を本気で歌ってみたら...【EL6】,2268128
2026-09-20 18:54:39,pRy8kStWlAw,'ヤラララ' (YARARARA) ／Cover -しゆん×ばぁう,1642323
2026-09-20 18:54:39,SnZvS3f5IrA,ヤラララ／Cover - KOMAINU.,2952723
2026-09-20 19:54:17,T24rF_x0TmQ,[MV] ABM - 'ヤラララ' (YARARARA) feat. 重音テト,57164349
2026-09-20 19:54:17,xJQ6KrmdpD0,【以心伝心】新人歌い手グループが『ヤラララ』を本気で歌ってみたら...【EL6】,2270382
2026-09-20 19:54:17,pRy8kStWlAw,'ヤラララ' (YARARARA) ／Cover -しゆん×ばぁう,1642635
2026-09-20 19:54:17,SnZvS3f5IrA,ヤラララ／Cover - KOMAINU.,2953362
2026-09-20 20:54:18,T24rF_x0TmQ,[MV] ABM - 'ヤラララ' (YARARARA) feat. 重音テト,57175044
2026-09-20 20:54:18,xJQ6KrmdpD0,【以心伝心】新人歌い手グループが『ヤラララ』を本気で歌ってみたら...【EL6】,2272760
2026-09-20 20:54:18,pRy8kStWlAw,'ヤラララ' (YARARARA) ／Cover -しゆん×ばぁう,1642959
2026-09-20 20:54:18,SnZvS3f5IrA,ヤラララ／Cover - KOMAINU.,2953991
2026-09-20 21:56:43,T24rF_x0TmQ,[MV] ABM - 'ヤラララ' (YARARARA) feat. 重音テト,57188283
2026-09-20 21:56:43,xJQ6KrmdpD0,【以心伝心】新人歌い手グループが『ヤラララ』を本気で歌ってみたら...【EL6】,2275552
2026-09-20 21:56:43,pRy8kStWlAw,'ヤラララ' (YARARARA) ／Cover -しゆん×ばぁう,1643282
2026-09-20 21:56:43,SnZvS3f5IrA,ヤラララ／Cover - KOMAINU.,2954736
2026-09-20 22:55:03,T24rF_x0TmQ,[MV] ABM - 'ヤラララ' (YARARARA) feat. 重音テト,57199991
2026-09-20 22:55:03,xJQ6KrmdpD0,【以心伝心】新人歌い手グループが『ヤラララ』を本気で歌ってみたら...【EL6】,2278345
2026-09-20 22:55:03,pRy8kStWlAw,'ヤラララ' (YARARARA) ／Cover -しゆん×ばぁう,1643611
2026-09-20 22:55:03,SnZvS3f5IrA,ヤラララ／Cover - KOMAINU.,2955520
2026-09-20 23:54:22,T24rF_x0TmQ,[MV] ABM - 'ヤラララ' (YARARARA) feat. 重音テト,57213218
2026-09-20 23:54:22,xJQ6KrmdpD0,【以心伝心】新人歌い手グループが『ヤラララ』を本気で歌ってみたら...【EL6】,2280792
2026-09-20 23:54:22,pRy8kStWlAw,'ヤラララ' (YARARARA) ／Cover -しゆん×ばぁう,1644001
2026-09-20 23:54:22,SnZvS3f5IrA,ヤラララ／Cover - KOMAINU.,2956338
2026-09-21 00:54:31,T24rF_x0TmQ,[MV] ABM - 'ヤラララ' (YARARARA) feat. 重音テト,57223696
2026-09-21 00:54:31,xJQ6KrmdpD0,【以心伝心】新人歌い手グループが『ヤラララ』を本気で歌ってみたら...【EL6】,2283070
2026-09-21 00:54:31,pRy8kStWlAw,'ヤラララ' (YARARARA) ／Cover -しゆん×ばぁう,1644223
2026-09-21 00:54:31,SnZvS3f5IrA,ヤラララ／Cover - KOMAINU.,2956935
2026-09-21 01:54:30,T24rF_x0TmQ,[MV] ABM - 'ヤラララ' (YARARARA) feat. 重音テト,57238333
2026-09-21 01:54:30,xJQ6KrmdpD0,【以心伝心】新人歌い手グループが『ヤラララ』を本気で歌ってみたら...【EL6】,2285613
2026-09-21 01:54:30,pRy8kStWlAw,'ヤラララ' (YARARARA) ／Cover -しゆん×ばぁう,1644586
2026-09-21 01:54:30,SnZvS3f5IrA,ヤラララ／Cover - KOMAINU.,2957772
2026-09-21 02:54:39,T24rF_x0TmQ,[MV] ABM - 'ヤラララ' (YARARARA) feat. 重音テト,57250588
2026-09-21 02:54:39,xJQ6KrmdpD0,【以心伝心】新人歌い手グループが『ヤラララ』を本気で歌ってみたら...【EL6】,2287638
2026-09-21 02:54:39,pRy8kStWlAw,'ヤラララ' (YARARARA) ／Cover -しゆん×ばぁう,1644849
2026-09-21 02:54:39,SnZvS3f5IrA,ヤラララ／Cover - KOMAINU.,2958505
2026-09-21 03:54:34,T24rF_x0TmQ,[MV] ABM - 'ヤラララ' (YARARARA) feat. 重音テト,57264318
2026-09-21 03:54:34,xJQ6KrmdpD0,【以心伝心】新人歌い手グループが『ヤラララ』を本気で歌ってみたら...【EL6】,2289401
2026-09-21 03:54:34,pRy8kStWlAw,'ヤラララ' (YARARARA) ／Cover -しゆん×ばぁう,1645114
2026-09-21 03:54:34,SnZvS3f5IrA,ヤラララ／Cover - KOMAINU.,2959309
2026-09-21 04:54:37,T24rF_x0TmQ,[MV] ABM - 'ヤラララ' (YARARARA) feat. 重音テト,57276899
2026-09-21 04:54:37,xJQ6KrmdpD0,【以心伝心】新人歌い手グループが『ヤラララ』を本気で歌ってみたら...【EL6】,2290528
2026-09-21 04:54:37,pRy8kStWlAw,'ヤラララ' (YARARARA) ／Cover -しゆん×ばぁう,1645281
2026-09-21 04:54:37,SnZvS3f5IrA,ヤラララ／Cover - KOMAINU.,2959923
2026-09-21 05:54:34,T24rF_x0TmQ,[MV] ABM - 'ヤラララ' (YARARARA) feat. 重音テト,57290649
2026-09-21 05:54:34,xJQ6KrmdpD0,【以心伝心】新人歌い手グループが『ヤラララ』を本気で歌ってみたら...【EL6】,2291497
2026-09-21 05:54:34,pRy8kStWlAw,'ヤラララ' (YARARARA) ／Cover -しゆん×ばぁう,1645528
2026-09-21 05:54:34,SnZvS3f5IrA,ヤラララ／Cover - KOMAINU.,2960734
2026-09-21 06:54:13,T24rF_x0TmQ,[MV] ABM - 'ヤラララ' (YARARARA) feat. 重音テト,57305750
2026-09-21 06:54:13,xJQ6KrmdpD0,【以心伝心】新人歌い手グループが『ヤラララ』を本気で歌ってみたら...【EL6】,2292530
2026-09-21 06:54:13,pRy8kStWlAw,'ヤラララ' (YARARARA) ／Cover -しゆん×ばぁう,1645725
2026-09-21 06:54:13,SnZvS3f5IrA,ヤラララ／Cover - KOMAINU.,2961551
2026-09-21 07:54:28,T24rF_x0TmQ,[MV] ABM - 'ヤラララ' (YARARARA) feat. 重音テト,57315823
2026-09-21 07:54:28,xJQ6KrmdpD0,【以心伝心】新人歌い手グループが『ヤラララ』を本気で歌ってみたら...【EL6】,2293181
2026-09-21 07:54:28,pRy8kStWlAw,'ヤラララ' (YARARARA) ／Cover -しゆん×ばぁう,1645849
2026-09-21 07:54:28,SnZvS3f5IrA,ヤラララ／Cover - KOMAINU.,2962021
2026-09-21 08:54:42,T24rF_x0TmQ,[MV] ABM - 'ヤラララ' (YARARARA) feat. 重音テト,57324600
2026-09-21 08:54:42,xJQ6KrmdpD0,【以心伝心】新人歌い手グループが『ヤラララ』を本気で歌ってみたら...【EL6】,2293942
2026-09-21 08:54:42,pRy8kStWlAw,'ヤラララ' (YARARARA) ／Cover -しゆん×ばぁう,1645963
2026-09-21 08:54:42,SnZvS3f5IrA,ヤラララ／Cover - KOMAINU.,2962528
2026-09-21 09:58:07,T24rF_x0TmQ,[MV] ABM - 'ヤラララ' (YARARARA) feat. 重音テト,57333992
2026-09-21 09:58:07,xJQ6KrmdpD0,【以心伝心】新人歌い手グループが『ヤラララ』を本気で歌ってみたら...【EL6】,2295441
2026-09-21 09:58:07,pRy8kStWlAw,'ヤラララ' (YARARARA) ／Cover -しゆん×ばぁう,1646134
2026-09-21 09:58:07,SnZvS3f5IrA,ヤラララ／Cover - KOMAINU.,2963076
2026-09-21 10:56:36,T24rF_x0TmQ,[MV] ABM - 'ヤラララ' (YARARARA) feat. 重音テト,57344324
2026-09-21 10:56:36,xJQ6KrmdpD0,【以心伝心】新人歌い手グループが『ヤラララ』を本気で歌ってみたら...【EL6】,2297216
2026-09-21 10:56:36,pRy8kStWlAw,'ヤラララ' (YARARARA) ／Cover -しゆん×ばぁう,1646349
2026-09-21 10:56:36,SnZvS3f5IrA,ヤラララ／Cover - KOMAINU.,2963565
2026-09-21 11:56:27,T24rF_x0TmQ,[MV] ABM - 'ヤラララ' (YARARARA) feat. 重音テト,57355808
2026-09-21 11:56:27,xJQ6KrmdpD0,【以心伝心】新人歌い手グループが『ヤラララ』を本気で歌ってみたら...【EL6】,2299456
2026-09-21 11:56:27,pRy8kStWlAw,'ヤラララ' (YARARARA) ／Cover -しゆん×ばぁう,1646580
2026-09-21 11:56:27,SnZvS3f5IrA,ヤラララ／Cover - KOMAINU.,2964152
2026-09-21 12:57:15,T24rF_x0TmQ,[MV] ABM - 'ヤラララ' (YARARARA) feat. 重音テト,57367148
2026-09-21 12:57:15,xJQ6KrmdpD0,【以心伝心】新人歌い手グループが『ヤラララ』を本気で歌ってみたら...【EL6】,2301631
2026-09-21 12:57:15,pRy8kStWlAw,'ヤラララ' (YARARARA) ／Cover -しゆん×ばぁう,1646875
2026-09-21 12:57:15,SnZvS3f5IrA,ヤラララ／Cover - KOMAINU.,2964808
2026-09-21 13:57:06,T24rF_x0TmQ,[MV] ABM - 'ヤラララ' (YARARARA) feat. 重音テト,57378873
2026-09-21 13:57:06,xJQ6KrmdpD0,【以心伝心】新人歌い手グループが『ヤラララ』を本気で歌ってみたら...【EL6】,2304014
2026-09-21 13:57:06,pRy8kStWlAw,'ヤラララ' (YARARARA) ／Cover -しゆん×ばぁう,1647142
2026-09-21 13:57:06,SnZvS3f5IrA,ヤラララ／Cover - KOMAINU.,2965527
2026-09-21 14:55:44,T24rF_x0TmQ,[MV] ABM - 'ヤラララ' (YARARARA) feat. 重音テト,57376094
2026-09-21 14:55:44,xJQ6KrmdpD0,【以心伝心】新人歌い手グループが『ヤラララ』を本気で歌ってみたら...【EL6】,2305843
2026-09-21 14:55:44,pRy8kStWlAw,'ヤラララ' (YARARARA) ／Cover -しゆん×ばぁう,1647368
2026-09-21 14:55:44,SnZvS3f5IrA,ヤラララ／Cover - KOMAINU.,2966086
2026-09-21 16:00:00,T24rF_x0TmQ,[MV] ABM - 'ヤラララ' (YARARARA) feat. 重音テト,57386747
2026-09-21 16:00:00,xJQ6KrmdpD0,【以心伝心】新人歌い手グループが『ヤラララ』を本気で歌ってみたら...【EL6】,2307087
2026-09-21 16:00:00,pRy8kStWlAw,'ヤラララ' (YARARARA) ／Cover -しゆん×ばぁう,1647738
2026-09-21 16:00:00,SnZvS3f5IrA,ヤラララ／Cover - KOMAINU.,2965873
2026-09-21 16:56:42,T24rF_x0TmQ,[MV] ABM - 'ヤラララ' (YARARARA) feat. 重音テト,57395823
2026-09-21 16:56:42,xJQ6KrmdpD0,【以心伝心】新人歌い手グループが『ヤラララ』を本気で歌ってみたら...【EL6】,2309168
2026-09-21 16:56:42,pRy8kStWlAw,'ヤラララ' (YARARARA) ／Cover -しゆん×ばぁう,1647795
2026-09-21 16:56:42,SnZvS3f5IrA,ヤラララ／Cover - KOMAINU.,2966427
2026-09-21 17:56:11,T24rF_x0TmQ,[MV] ABM - 'ヤラララ' (YARARARA) feat. 重音テト,57406411
2026-09-21 17:56:11,xJQ6KrmdpD0,【以心伝心】新人歌い手グループが『ヤラララ』を本気で歌ってみたら...【EL6】,2311618
2026-09-21 17:56:11,pRy8kStWlAw,'ヤラララ' (YARARARA) ／Cover -しゆん×ばぁう,1648149
2026-09-21 17:56:11,SnZvS3f5IrA,ヤラララ／Cover - KOMAINU.,2967150
2026-09-21 18:56:05,T24rF_x0TmQ,[MV] ABM - 'ヤラララ' (YARARARA) feat. 重音テト,57418026
2026-09-21 18:56:05,xJQ6KrmdpD0,【以心伝心】新人歌い手グループが『ヤラララ』を本気で歌ってみたら...【EL6】,2314807
2026-09-21 18:56:05,pRy8kStWlAw,'ヤラララ' (YARARARA) ／Cover -しゆん×ばぁう,1648524
2026-09-21 18:56:05,SnZvS3f5IrA,ヤラララ／Cover - KOMAINU.,2967966
2026-09-21 19:55:20,T24rF_x0TmQ,[MV] ABM - 'ヤラララ' (YARARARA) feat. 重音テト,57427612
2026-09-21 19:55:20,xJQ6KrmdpD0,【以心伝心】新人歌い手グループが『ヤラララ』を本気で歌ってみたら...【EL6】,2317468
2026-09-21 19:55:20,pRy8kStWlAw,'ヤラララ' (YARARARA) ／Cover -しゆん×ばぁう,1648840
2026-09-21 19:55:20,SnZvS3f5IrA,ヤラララ／Cover - KOMAINU.,2968610
2026-09-21 20:55:35,T24rF_x0TmQ,[MV] ABM - 'ヤラララ' (YARARARA) feat. 重音テト,57435122
2026-09-21 20:55:35,xJQ6KrmdpD0,【以心伝心】新人歌い手グループが『ヤラララ』を本気で歌ってみたら...【EL6】,2319421
2026-09-21 20:55:35,pRy8kStWlAw,'ヤラララ' (YARARARA) ／Cover -しゆん×ばぁう,1649085
2026-09-21 20:55:35,SnZvS3f5IrA,ヤラララ／Cover - KOMAINU.,2969178
2026-09-21 21:56:31,T24rF_x0TmQ,[MV] ABM - 'ヤラララ' (YARARARA) feat. 重音テト,57445864
2026-09-21 21:56:31,xJQ6KrmdpD0,【以心伝心】新人歌い手グループが『ヤラララ』を本気で歌ってみたら...【EL6】,2321813
2026-09-21 21:56:31,pRy8kStWlAw,'ヤラララ' (YARARARA) ／Cover -しゆん×ばぁう,1649364
2026-09-21 21:56:31,SnZvS3f5IrA,ヤラララ／Cover - KOMAINU.,2969856
2026-09-21 22:56:56,T24rF_x0TmQ,[MV] ABM - 'ヤラララ' (YARARARA) feat. 重音テト,57457710
2026-09-21 22:56:56,xJQ6KrmdpD0,【以心伝心】新人歌い手グループが『ヤラララ』を本気で歌ってみたら...【EL6】,2324542
2026-09-21 22:56:56,pRy8kStWlAw,'ヤラララ' (YARARARA) ／Cover -しゆん×ばぁう,1649746
2026-09-21 22:56:56,SnZvS3f5IrA,ヤラララ／Cover - KOMAINU.,2970572
2026-09-21 23:56:35,T24rF_x0TmQ,[MV] ABM - 'ヤラララ' (YARARARA) feat. 重音テト,57473572
2026-09-21 23:56:35,xJQ6KrmdpD0,【以心伝心】新人歌い手グループが『ヤラララ』を本気で歌ってみたら...【EL6】,2327718
2026-09-21 23:56:35,pRy8kStWlAw,'ヤラララ' (YARARARA) ／Cover -しゆん×ばぁう,1650132
2026-09-21 23:56:35,SnZvS3f5IrA,ヤラララ／Cover - KOMAINU.,2971496
2026-09-22 00:55:41,T24rF_x0TmQ,[MV] ABM - 'ヤラララ' (YARARARA) feat. 重音テト,57486292
2026-09-22 00:55:41,xJQ6KrmdpD0,【以心伝心】新人歌い手グループが『ヤラララ』を本気で歌ってみたら...【EL6】,2330092
2026-09-22 00:55:41,pRy8kStWlAw,'ヤラララ' (YARARARA) ／Cover -しゆん×ばぁう,1650429
2026-09-22 00:55:41,SnZvS3f5IrA,ヤラララ／Cover - KOMAINU.,2972228
2026-09-22 01:56:26,T24rF_x0TmQ,[MV] ABM - 'ヤラララ' (YARARARA) feat. 重音テト,57497534
2026-09-22 01:56:26,xJQ6KrmdpD0,【以心伝心】新人歌い手グループが『ヤラララ』を本気で歌ってみたら...【EL6】,2331933
2026-09-22 01:56:26,pRy8kStWlAw,'ヤラララ' (YARARARA) ／Cover -しゆん×ばぁう,1650702
2026-09-22 01:56:26,SnZvS3f5IrA,ヤラララ／Cover - KOMAINU.,2972942
2026-09-22 02:54:36,T24rF_x0TmQ,[MV] ABM - 'ヤラララ' (YARARARA) feat. 重音テト,57510091
2026-09-22 02:54:36,xJQ6KrmdpD0,【以心伝心】新人歌い手グループが『ヤラララ』を本気で歌ってみたら...【EL6】,2333873
2026-09-22 02:54:36,pRy8kStWlAw,'ヤラララ' (YARARARA) ／Cover -しゆん×ばぁう,1651036
2026-09-22 02:54:36,SnZvS3f5IrA,ヤラララ／Cover - KOMAINU.,2973807
2026-09-22 03:57:35,T24rF_x0TmQ,[MV] ABM - 'ヤラララ' (YARARARA) feat. 重音テト,57522288
2026-09-22 03:57:35,xJQ6KrmdpD0,【以心伝心】新人歌い手グループが『ヤラララ』を本気で歌ってみたら...【EL6】,2335357
2026-09-22 03:57:35,pRy8kStWlAw,'ヤラララ' (YARARARA) ／Cover -しゆん×ばぁう,1651295
2026-09-22 03:57:35,SnZvS3f5IrA,ヤラララ／Cover - KOMAINU.,2974514
2026-09-22 04:54:30,T24rF_x0TmQ,[MV] ABM - 'ヤラララ' (YARARARA) feat. 重音テト,57532154
2026-09-22 04:54:30,xJQ6KrmdpD0,【以心伝心】新人歌い手グループが『ヤラララ』を本気で歌ってみたら...【EL6】,2336397
2026-09-22 04:54:30,pRy8kStWlAw,'ヤラララ' (YARARARA) ／Cover -しゆん×ばぁう,1651478
2026-09-22 04:54:30,SnZvS3f5IrA,ヤラララ／Cover - KOMAINU.,2975257
2026-09-22 05:54:25,T24rF_x0TmQ,[MV] ABM - 'ヤラララ' (YARARARA) feat. 重音テト,57540195
2026-09-22 05:54:25,xJQ6KrmdpD0,【以心伝心】新人歌い手グループが『ヤラララ』を本気で歌ってみたら...【EL6】,2336976
2026-09-22 05:54:25,pRy8kStWlAw,'ヤラララ' (YARARARA) ／Cover -しゆん×ばぁう,1651621
2026-09-22 05:54:25,SnZvS3f5IrA,ヤラララ／Cover - KOMAINU.,2975728
2026-09-22 06:55:29,T24rF_x0TmQ,[MV] ABM - 'ヤラララ' (YARARARA) feat. 重音テト,57549156
2026-09-22 06:55:29,xJQ6KrmdpD0,【以心伝心】新人歌い手グループが『ヤラララ』を本気で歌ってみたら...【EL6】,2337686
2026-09-22 06:55:29,pRy8kStWlAw,'ヤラララ' (YARARARA) ／Cover -しゆん×ばぁう,1651787
2026-09-22 06:55:29,SnZvS3f5IrA,ヤラララ／Cover - KOMAINU.,2976262
2026-09-22 07:54:38,T24rF_x0TmQ,[MV] ABM - 'ヤラララ' (YARARARA) feat. 重音テト,57556735
2026-09-22 07:54:38,xJQ6KrmdpD0,【以心伝心】新人歌い手グループが『ヤラララ』を本気で歌ってみたら...【EL6】,2338258
2026-09-22 07:54:38,pRy8kStWlAw,'ヤラララ' (YARARARA) ／Cover -しゆん×ばぁう,1651851
2026-09-22 07:54:38,SnZvS3f5IrA,ヤラララ／Cover - KOMAINU.,2976709
2026-09-22 08:54:19,T24rF_x0TmQ,[MV] ABM - 'ヤラララ' (YARARARA) feat. 重音テト,57565782
2026-09-22 08:54:19,xJQ6KrmdpD0,【以心伝心】新人歌い手グループが『ヤラララ』を本気で歌ってみたら...【EL6】,2338891
2026-09-22 08:54:19,pRy8kStWlAw,'ヤラララ' (YARARARA) ／Cover -しゆん×ばぁう,1651958
2026-09-22 08:54:19,SnZvS3f5IrA,ヤラララ／Cover - KOMAINU.,2977229
2026-09-22 09:56:56,T24rF_x0TmQ,[MV] ABM - 'ヤラララ' (YARARARA) feat. 重音テト,57577935
2026-09-22 09:56:56,xJQ6KrmdpD0,【以心伝心】新人歌い手グループが『ヤラララ』を本気で歌ってみたら...【EL6】,2340370
2026-09-22 09:56:56,pRy8kStWlAw,'ヤラララ' (YARARARA) ／Cover -しゆん×ばぁう,1652172
2026-09-22 09:56:56,SnZvS3f5IrA,ヤラララ／Cover - KOMAINU.,2977891
2026-09-22 10:54:25,T24rF_x0TmQ,[MV] ABM - 'ヤラララ' (YARARARA) feat. 重音テト,57588376
2026-09-22 10:54:25,xJQ6KrmdpD0,【以心伝心】新人歌い手グループが『ヤラララ』を本気で歌ってみたら...【EL6】,2341952
2026-09-22 10:54:25,pRy8kStWlAw,'ヤラララ' (YARARARA) ／Cover -しゆん×ばぁう,1652394
2026-09-22 10:54:25,SnZvS3f5IrA,ヤラララ／Cover - KOMAINU.,2978527
2026-09-22 11:55:39,T24rF_x0TmQ,[MV] ABM - 'ヤラララ' (YARARARA) feat. 重音テト,57599027
2026-09-22 11:55:39,xJQ6KrmdpD0,【以心伝心】新人歌い手グループが『ヤラララ』を本気で歌ってみたら...【EL6】,2343882
2026-09-22 11:55:39,pRy8kStWlAw,'ヤラララ' (YARARARA) ／Cover -しゆん×ばぁう,1652626
2026-09-22 11:55:39,SnZvS3f5IrA,ヤラララ／Cover - KOMAINU.,2979002
2026-09-22 12:56:03,T24rF_x0TmQ,[MV] ABM - 'ヤラララ' (YARARARA) feat. 重音テト,57610919
2026-09-22 12:56:03,xJQ6KrmdpD0,【以心伝心】新人歌い手グループが『ヤラララ』を本気で歌ってみたら...【EL6】,2345890
2026-09-22 12:56:03,pRy8kStWlAw,'ヤラララ' (YARARARA) ／Cover -しゆん×ばぁう,1652929
2026-09-22 12:56:03,SnZvS3f5IrA,ヤラララ／Cover - KOMAINU.,2979731
2026-09-22 13:55:39,T24rF_x0TmQ,[MV] ABM - 'ヤラララ' (YARARARA) feat. 重音テト,57621270
2026-09-22 13:55:39,xJQ6KrmdpD0,【以心伝心】新人歌い手グループが『ヤラララ』を本気で歌ってみたら...【EL6】,2348022
2026-09-22 13:55:39,pRy8kStWlAw,'ヤラララ' (YARARARA) ／Cover -しゆん×ばぁう,1653175
2026-09-22 13:55:39,SnZvS3f5IrA,ヤラララ／Cover - KOMAINU.,2980380
2026-09-22 14:55:10,T24rF_x0TmQ,[MV] ABM - 'ヤラララ' (YARARARA) feat. 重音テト,57631597
2026-09-22 14:55:10,xJQ6KrmdpD0,【以心伝心】新人歌い手グループが『ヤラララ』を本気で歌ってみたら...【EL6】,2350426
2026-09-22 14:55:10,pRy8kStWlAw,'ヤラララ' (YARARARA) ／Cover -しゆん×ばぁう,1653536
2026-09-22 14:55:10,SnZvS3f5IrA,ヤラララ／Cover - KOMAINU.,2980999
2026-09-22 15:58:49,T24rF_x0TmQ,[MV] ABM - 'ヤラララ' (YARARARA) feat. 重音テト,57641867
2026-09-22 15:58:49,xJQ6KrmdpD0,【以心伝心】新人歌い手グループが『ヤラララ』を本気で歌ってみたら...【EL6】,2352529
2026-09-22 15:58:49,pRy8kStWlAw,'ヤラララ' (YARARARA) ／Cover -しゆん×ばぁう,1653837
2026-09-22 15:58:49,SnZvS3f5IrA,ヤラララ／Cover - KOMAINU.,2981589
2026-09-22 16:56:13,T24rF_x0TmQ,[MV] ABM - 'ヤラララ' (YARARARA) feat. 重音テト,57652507
2026-09-22 16:56:13,xJQ6KrmdpD0,【以心伝心】新人歌い手グループが『ヤラララ』を本気で歌ってみたら...【EL6】,2354890
2026-09-22 16:56:13,pRy8kStWlAw,'ヤラララ' (YARARARA) ／Cover -しゆん×ばぁう,1654173
2026-09-22 16:56:13,SnZvS3f5IrA,ヤラララ／Cover - KOMAINU.,2982305
2026-09-22 17:56:54,T24rF_x0TmQ,[MV] ABM - 'ヤラララ' (YARARARA) feat. 重音テト,57662947
2026-09-22 17:56:54,xJQ6KrmdpD0,【以心伝心】新人歌い手グループが『ヤラララ』を本気で歌ってみたら...【EL6】,2357432
2026-09-22 17:56:54,pRy8kStWlAw,'ヤラララ' (YARARARA) ／Cover -しゆん×ばぁう,1654482
2026-09-22 17:56:54,SnZvS3f5IrA,ヤラララ／Cover - KOMAINU.,2983057
2026-09-22 18:55:22,T24rF_x0TmQ,[MV] ABM - 'ヤラララ' (YARARARA) feat. 重音テト,57675243
2026-09-22 18:55:22,xJQ6KrmdpD0,【以心伝心】新人歌い手グループが『ヤラララ』を本気で歌ってみたら...【EL6】,2360455
2026-09-22 18:55:22,pRy8kStWlAw,'ヤラララ' (YARARARA) ／Cover -しゆん×ばぁう,1654919
2026-09-22 18:55:22,SnZvS3f5IrA,ヤラララ／Cover - KOMAINU.,2983979
2026-09-22 19:55:25,T24rF_x0TmQ,[MV] ABM - 'ヤラララ' (YARARARA) feat. 重音テト,57682678
2026-09-22 19:55:25,xJQ6KrmdpD0,【以心伝心】新人歌い手グループが『ヤラララ』を本気で歌ってみたら...【EL6】,2362529
2026-09-22 19:55:25,pRy8kStWlAw,'ヤラララ' (YARARARA) ／Cover -しゆん×ばぁう,1655190
2026-09-22 19:55:25,SnZvS3f5IrA,ヤラララ／Cover - KOMAINU.,2984592
2026-09-22 20:54:30,T24rF_x0TmQ,[MV] ABM - 'ヤラララ' (YARARARA) feat. 重音テト,57690651
2026-09-22 20:54:30,xJQ6KrmdpD0,【以心伝心】新人歌い手グループが『ヤラララ』を本気で歌ってみたら...【EL6】,2364850
2026-09-22 20:54:30,pRy8kStWlAw,'ヤラララ' (YARARARA) ／Cover -しゆん×ばぁう,1655487
2026-09-22 20:54:30,SnZvS3f5IrA,ヤラララ／Cover - KOMAINU.,2985300
2026-09-22 21:58:35,T24rF_x0TmQ,[MV] ABM - 'ヤラララ' (YARARARA) feat. 重音テト,57701987
2026-09-22 21:58:35,xJQ6KrmdpD0,【以心伝心】新人歌い手グループが『ヤラララ』を本気で歌ってみたら...【EL6】,2367279
2026-09-22 21:58:35,pRy8kStWlAw,'ヤラララ' (YARARARA) ／Cover -しゆん×ばぁう,1655865
2026-09-22 21:58:35,SnZvS3f5IrA,ヤラララ／Cover - KOMAINU.,2986110
2026-09-22 22:56:59,T24rF_x0TmQ,[MV] ABM - 'ヤラララ' (YARARARA) feat. 重音テト,57714577
2026-09-22 22:56:59,xJQ6KrmdpD0,【以心伝心】新人歌い手グループが『ヤラララ』を本気で歌ってみたら...【EL6】,2370275
2026-09-22 22:56:59,pRy8kStWlAw,'ヤラララ' (YARARARA) ／Cover -しゆん×ばぁう,1656228
2026-09-22 22:56:59,SnZvS3f5IrA,ヤラララ／Cover - KOMAINU.,2986901
2026-09-22 23:58:10,T24rF_x0TmQ,[MV] ABM - 'ヤラララ' (YARARARA) feat. 重音テト,57727002
2026-09-22 23:58:10,xJQ6KrmdpD0,【以心伝心】新人歌い手グループが『ヤラララ』を本気で歌ってみたら...【EL6】,2372885
2026-09-22 23:58:10,pRy8kStWlAw,'ヤラララ' (YARARARA) ／Cover -しゆん×ばぁう,1656602
2026-09-22 23:58:10,SnZvS3f5IrA,ヤラララ／Cover - KOMAINU.,2987881
2026-09-23 00:55:15,T24rF_x0TmQ,[MV] ABM - 'ヤラララ' (YARARARA) feat. 重音テト,57739470
2026-09-23 00:55:15,xJQ6KrmdpD0,【以心伝心】新人歌い手グループが『ヤラララ』を本気で歌ってみたら...【EL6】,2375488
2026-09-23 00:55:15,pRy8kStWlAw,'ヤラララ' (YARARARA) ／Cover -しゆん×ばぁう,1656895
2026-09-23 00:55:15,SnZvS3f5IrA,ヤラララ／Cover - KOMAINU.,2988555
2026-09-23 01:55:49,T24rF_x0TmQ,[MV] ABM - 'ヤラララ' (YARARARA) feat. 重音テト,57754320
2026-09-23 01:55:49,xJQ6KrmdpD0,【以心伝心】新人歌い手グループが『ヤラララ』を本気で歌ってみたら...【EL6】,2378310
2026-09-23 01:55:49,pRy8kStWlAw,'ヤラララ' (YARARARA) ／Cover -しゆん×ばぁう,1657261
2026-09-23 01:55:49,SnZvS3f5IrA,ヤラララ／Cover - KOMAINU.,2989536
2026-09-23 02:54:22,T24rF_x0TmQ,[MV] ABM - 'ヤラララ' (YARARARA) feat. 重音テト,57766049
2026-09-23 02:54:22,xJQ6KrmdpD0,【以心伝心】新人歌い手グループが『ヤラララ』を本気で歌ってみたら...【EL6】,2380234
2026-09-23 02:54:22,pRy8kStWlAw,'ヤラララ' (YARARARA) ／Cover -しゆん×ばぁう,1657571
2026-09-23 02:54:22,SnZvS3f5IrA,ヤラララ／Cover - KOMAINU.,2990366
2026-09-23 03:56:49,T24rF_x0TmQ,[MV] ABM - 'ヤラララ' (YARARARA) feat. 重音テト,57777425
2026-09-23 03:56:49,xJQ6KrmdpD0,【以心伝心】新人歌い手グループが『ヤラララ』を本気で歌ってみたら...【EL6】,2382075
2026-09-23 03:56:49,pRy8kStWlAw,'ヤラララ' (YARARARA) ／Cover -しゆん×ばぁう,1657816
2026-09-23 03:56:49,SnZvS3f5IrA,ヤラララ／Cover - KOMAINU.,2991156
2026-09-23 04:55:06,T24rF_x0TmQ,[MV] ABM - 'ヤラララ' (YARARARA) feat. 重音テト,57787470
2026-09-23 04:55:06,xJQ6KrmdpD0,【以心伝心】新人歌い手グループが『ヤラララ』を本気で歌ってみたら...【EL6】,2383163
2026-09-23 04:55:06,pRy8kStWlAw,'ヤラララ' (YARARARA) ／Cover -しゆん×ばぁう,1658010
2026-09-23 04:55:06,SnZvS3f5IrA,ヤラララ／Cover - KOMAINU.,2991908
2026-09-23 05:55:33,T24rF_x0TmQ,[MV] ABM - 'ヤラララ' (YARARARA) feat. 重音テト,57798337
2026-09-23 05:55:33,xJQ6KrmdpD0,【以心伝心】新人歌い手グループが『ヤラララ』を本気で歌ってみたら...【EL6】,2384097
2026-09-23 05:55:33,pRy8kStWlAw,'ヤラララ' (YARARARA) ／Cover -しゆん×ばぁう,1658200
2026-09-23 05:55:33,SnZvS3f5IrA,ヤラララ／Cover - KOMAINU.,2992587
2026-09-23 06:54:33,T24rF_x0TmQ,[MV] ABM - 'ヤラララ' (YARARARA) feat. 重音テト,57808001
2026-09-23 06:54:33,xJQ6KrmdpD0,【以心伝心】新人歌い手グループが『ヤラララ』を本気で歌ってみたら...【EL6】,2384898
2026-09-23 06:54:33,pRy8kStWlAw,'ヤラララ' (YARARARA) ／Cover -しゆん×ばぁう,1658374
2026-09-23 06:54:33,SnZvS3f5IrA,ヤラララ／Cover - KOMAINU.,2993294
2026-09-23 07:54:23,T24rF_x0TmQ,[MV] ABM - 'ヤラララ' (YARARARA) feat. 重音テト,57816706
2026-09-23 07:54:23,xJQ6KrmdpD0,【以心伝心】新人歌い手グループが『ヤラララ』を本気で歌ってみたら...【EL6】,2385447
2026-09-23 07:54:23,pRy8kStWlAw,'ヤラララ' (YARARARA) ／Cover -しゆん×ばぁう,1658490
2026-09-23 07:54:23,SnZvS3f5IrA,ヤラララ／Cover - KOMAINU.,2993820
2026-09-23 08:54:26,T24rF_x0TmQ,[MV] ABM - 'ヤラララ' (YARARARA) feat. 重音テト,57823690
2026-09-23 08:54:26,xJQ6KrmdpD0,【以心伝心】新人歌い手グループが『ヤラララ』を本気で歌ってみたら...【EL6】,2386022
2026-09-23 08:54:26,pRy8kStWlAw,'ヤラララ' (YARARARA) ／Cover -しゆん×ばぁう,1658572
2026-09-23 08:54:26,SnZvS3f5IrA,ヤラララ／Cover - KOMAINU.,2994259
2026-09-23 09:57:31,T24rF_x0TmQ,[MV] ABM - 'ヤラララ' (YARARARA) feat. 重音テト,57838758
2026-09-23 09:57:31,xJQ6KrmdpD0,【以心伝心】新人歌い手グループが『ヤラララ』を本気で歌ってみたら...【EL6】,2387576
2026-09-23 09:57:31,pRy8kStWlAw,'ヤラララ' (YARARARA) ／Cover -しゆん×ばぁう,1658836
2026-09-23 09:57:31,SnZvS3f5IrA,ヤラララ／Cover - KOMAINU.,2995085
2026-09-23 10:54:34,T24rF_x0TmQ,[MV] ABM - 'ヤラララ' (YARARARA) feat. 重音テト,57850894
2026-09-23 10:54:34,xJQ6KrmdpD0,【以心伝心】新人歌い手グループが『ヤラララ』を本気で歌ってみたら...【EL6】,2389524
2026-09-23 10:54:34,pRy8kStWlAw,'ヤラララ' (YARARARA) ／Cover -しゆん×ばぁう,1659090
2026-09-23 10:54:34,SnZvS3f5IrA,ヤラララ／Cover - KOMAINU.,2995728
2026-09-23 11:55:47,T24rF_x0TmQ,[MV] ABM - 'ヤラララ' (YARARARA) feat. 重音テト,57863069
2026-09-23 11:55:47,xJQ6KrmdpD0,【以心伝心】新人歌い手グループが『ヤラララ』を本気で歌ってみたら...【EL6】,2391479
2026-09-23 11:55:47,pRy8kStWlAw,'ヤラララ' (YARARARA) ／Cover -しゆん×ばぁう,1659367
2026-09-23 11:55:47,SnZvS3f5IrA,ヤラララ／Cover - KOMAINU.,2996387
2026-09-23 12:56:12,T24rF_x0TmQ,[MV] ABM - 'ヤラララ' (YARARARA) feat. 重音テト,57873589
2026-09-23 12:56:12,xJQ6KrmdpD0,【以心伝心】新人歌い手グループが『ヤラララ』を本気で歌ってみたら...【EL6】,2393519
2026-09-23 12:56:12,pRy8kStWlAw,'ヤラララ' (YARARARA) ／Cover -しゆん×ばぁう,1659609
2026-09-23 12:56:12,SnZvS3f5IrA,ヤラララ／Cover - KOMAINU.,2996968
2026-09-23 13:56:30,T24rF_x0TmQ,[MV] ABM - 'ヤラララ' (YARARARA) feat. 重音テト,57882911
2026-09-23 13:56:30,xJQ6KrmdpD0,【以心伝心】新人歌い手グループが『ヤラララ』を本気で歌ってみたら...【EL6】,2395380
2026-09-23 13:56:30,pRy8kStWlAw,'ヤラララ' (YARARARA) ／Cover -しゆん×ばぁう,1659809
2026-09-23 13:56:30,SnZvS3f5IrA,ヤラララ／Cover - KOMAINU.,2997537
2026-09-23 14:55:25,T24rF_x0TmQ,[MV] ABM - 'ヤラララ' (YARARARA) feat. 重音テト,57894282
2026-09-23 14:55:25,xJQ6KrmdpD0,【以心伝心】新人歌い手グループが『ヤラララ』を本気で歌ってみたら...【EL6】,2397760
2026-09-23 14:55:25,pRy8kStWlAw,'ヤラララ' (YARARARA) ／Cover -しゆん×ばぁう,1660105
2026-09-23 14:55:25,SnZvS3f5IrA,ヤラララ／Cover - KOMAINU.,2998269
2026-09-23 15:58:29,T24rF_x0TmQ,[MV] ABM - 'ヤラララ' (YARARARA) feat. 重音テト,57905626
2026-09-23 15:58:29,xJQ6KrmdpD0,【以心伝心】新人歌い手グループが『ヤラララ』を本気で歌ってみたら...【EL6】,2400393
2026-09-23 15:58:29,pRy8kStWlAw,'ヤラララ' (YARARARA) ／Cover -しゆん×ばぁう,1660459
2026-09-23 15:58:29,SnZvS3f5IrA,ヤラララ／Cover - KOMAINU.,2999068
2026-09-23 17:56:45,T24rF_x0TmQ,[MV] ABM - 'ヤラララ' (YARARARA) feat. 重音テト,57924725
2026-09-23 17:56:45,xJQ6KrmdpD0,【以心伝心】新人歌い手グループが『ヤラララ』を本気で歌ってみたら...【EL6】,2405186
2026-09-23 17:56:45,pRy8kStWlAw,'ヤラララ' (YARARARA) ／Cover -しゆん×ばぁう,1661006
2026-09-23 17:56:45,SnZvS3f5IrA,ヤラララ／Cover - KOMAINU.,3000334
2026-09-23 18:56:18,T24rF_x0TmQ,[MV] ABM - 'ヤラララ' (YARARARA) feat. 重音テト,57935665
2026-09-23 18:56:18,xJQ6KrmdpD0,【以心伝心】新人歌い手グループが『ヤラララ』を本気で歌ってみたら...【EL6】,2408121
2026-09-23 18:56:18,pRy8kStWlAw,'ヤラララ' (YARARARA) ／Cover -しゆん×ばぁう,1661401
2026-09-23 18:56:18,SnZvS3f5IrA,ヤラララ／Cover - KOMAINU.,3001023
2026-09-23 19:56:26,T24rF_x0TmQ,[MV] ABM - 'ヤラララ' (YARARARA) feat. 重音テト,57944773
2026-09-23 19:56:26,xJQ6KrmdpD0,【以心伝心】新人歌い手グループが『ヤラララ』を本気で歌ってみたら...【EL6】,2410479
2026-09-23 19:56:26,pRy8kStWlAw,'ヤラララ' (YARARARA) ／Cover -しゆん×ばぁう,1661702
2026-09-23 19:56:26,SnZvS3f5IrA,ヤラララ／Cover - KOMAINU.,3001692
2026-09-23 20:55:41,T24rF_x0TmQ,[MV] ABM - 'ヤラララ' (YARARARA) feat. 重音テト,57953009
2026-09-23 20:55:41,xJQ6KrmdpD0,【以心伝心】新人歌い手グループが『ヤラララ』を本気で歌ってみたら...【EL6】,2412621
2026-09-23 20:55:41,pRy8kStWlAw,'ヤラララ' (YARARARA) ／Cover -しゆん×ばぁう,1661982
2026-09-23 20:55:41,SnZvS3f5IrA,ヤラララ／Cover - KOMAINU.,3002233
2026-09-23 21:59:12,T24rF_x0TmQ,[MV] ABM - 'ヤラララ' (YARARARA) feat. 重音テト,57964443
2026-09-23 21:59:12,xJQ6KrmdpD0,【以心伝心】新人歌い手グループが『ヤラララ』を本気で歌ってみたら...【EL6】,2415389
2026-09-23 21:59:12,pRy8kStWlAw,'ヤラララ' (YARARARA) ／Cover -しゆん×ばぁう,1662320
2026-09-23 21:59:12,SnZvS3f5IrA,ヤラララ／Cover - KOMAINU.,3003060
2026-09-23 22:55:26,T24rF_x0TmQ,[MV] ABM - 'ヤラララ' (YARARARA) feat. 重音テト,57974809
2026-09-23 22:55:26,xJQ6KrmdpD0,【以心伝心】新人歌い手グループが『ヤラララ』を本気で歌ってみたら...【EL6】,2417664
2026-09-23 22:55:26,pRy8kStWlAw,'ヤラララ' (YARARARA) ／Cover -しゆん×ばぁう,1662539
2026-09-23 22:55:26,SnZvS3f5IrA,ヤラララ／Cover - KOMAINU.,3003675
2026-09-23 23:57:46,T24rF_x0TmQ,[MV] ABM - 'ヤラララ' (YARARARA) feat. 重音テト,57986225
2026-09-23 23:57:46,xJQ6KrmdpD0,【以心伝心】新人歌い手グループが『ヤラララ』を本気で歌ってみたら...【EL6】,2420128
2026-09-23 23:57:46,pRy8kStWlAw,'ヤラララ' (YARARARA) ／Cover -しゆん×ばぁう,1662877
2026-09-23 23:57:46,SnZvS3f5IrA,ヤラララ／Cover - KOMAINU.,3004398
2026-09-24 00:56:05,T24rF_x0TmQ,[MV] ABM - 'ヤラララ' (YARARARA) feat. 重音テト,57998705
2026-09-24 00:56:05,xJQ6KrmdpD0,【以心伝心】新人歌い手グループが『ヤラララ』を本気で歌ってみたら...【EL6】,2422565
2026-09-24 00:56:05,pRy8kStWlAw,'ヤラララ' (YARARARA) ／Cover -しゆん×ばぁう,1663114
2026-09-24 00:56:05,SnZvS3f5IrA,ヤラララ／Cover - KOMAINU.,3005224
2026-09-24 01:56:01,T24rF_x0TmQ,[MV] ABM - 'ヤラララ' (YARARARA) feat. 重音テト,58010402
2026-09-24 01:56:01,xJQ6KrmdpD0,【以心伝心】新人歌い手グループが『ヤラララ』を本気で歌ってみたら...【EL6】,2424790
2026-09-24 01:56:01,pRy8kStWlAw,'ヤラララ' (YARARARA) ／Cover -しゆん×ばぁう,1663388
2026-09-24 01:56:01,SnZvS3f5IrA,ヤラララ／Cover - KOMAINU.,3005969
2026-09-24 02:54:26,T24rF_x0TmQ,[MV] ABM - 'ヤラララ' (YARARARA) feat. 重音テト,58021199
2026-09-24 02:54:26,xJQ6KrmdpD0,【以心伝心】新人歌い手グループが『ヤラララ』を本気で歌ってみたら...【EL6】,2426569
2026-09-24 02:54:26,pRy8kStWlAw,'ヤラララ' (YARARARA) ／Cover -しゆん×ばぁう,1663689
2026-09-24 02:54:26,SnZvS3f5IrA,ヤラララ／Cover - KOMAINU.,3006751
2026-09-24 03:56:34,T24rF_x0TmQ,[MV] ABM - 'ヤラララ' (YARARARA) feat. 重音テト,58034256
2026-09-24 03:56:34,xJQ6KrmdpD0,【以心伝心】新人歌い手グループが『ヤラララ』を本気で歌ってみたら...【EL6】,2428285
2026-09-24 03:56:34,pRy8kStWlAw,'ヤラララ' (YARARARA) ／Cover -しゆん×ばぁう,1663861
2026-09-24 03:56:34,SnZvS3f5IrA,ヤラララ／Cover - KOMAINU.,3007564
2026-09-24 04:55:27,T24rF_x0TmQ,[MV] ABM - 'ヤラララ' (YARARARA) feat. 重音テト,58044534
2026-09-24 04:55:27,xJQ6KrmdpD0,【以心伝心】新人歌い手グループが『ヤラララ』を本気で歌ってみたら...【EL6】,2429316
2026-09-24 04:55:27,pRy8kStWlAw,'ヤラララ' (YARARARA) ／Cover -しゆん×ばぁう,1664048
2026-09-24 04:55:27,SnZvS3f5IrA,ヤラララ／Cover - KOMAINU.,3008115
2026-09-24 05:54:23,T24rF_x0TmQ,[MV] ABM - 'ヤラララ' (YARARARA) feat. 重音テト,58053382
2026-09-24 05:54:23,xJQ6KrmdpD0,【以心伝心】新人歌い手グループが『ヤラララ』を本気で歌ってみたら...【EL6】,2430047
2026-09-24 05:54:23,pRy8kStWlAw,'ヤラララ' (YARARARA) ／Cover -しゆん×ばぁう,1664174
2026-09-24 05:54:23,SnZvS3f5IrA,ヤラララ／Cover - KOMAINU.,3008722
2026-09-24 06:54:26,T24rF_x0TmQ,[MV] ABM - 'ヤラララ' (YARARARA) feat. 重音テト,58062938
2026-09-24 06:54:26,xJQ6KrmdpD0,【以心伝心】新人歌い手グループが『ヤラララ』を本気で歌ってみたら...【EL6】,2430703
2026-09-24 06:54:26,pRy8kStWlAw,'ヤラララ' (YARARARA) ／Cover -しゆん×ばぁう,1664299
2026-09-24 06:54:26,SnZvS3f5IrA,ヤラララ／Cover - KOMAINU.,3009273
2026-09-24 07:54:21,T24rF_x0TmQ,[MV] ABM - 'ヤラララ' (YARARARA) feat. 重音テト,58071963
2026-09-24 07:54:21,xJQ6KrmdpD0,【以心伝心】新人歌い手グループが『ヤラララ』を本気で歌ってみたら...【EL6】,2431353
2026-09-24 07:54:21,pRy8kStWlAw,'ヤラララ' (YARARARA) ／Cover -しゆん×ばぁう,1664402
2026-09-24 07:54:21,SnZvS3f5IrA,ヤラララ／Cover - KOMAINU.,3009694
2026-09-24 08:54:14,T24rF_x0TmQ,[MV] ABM - 'ヤラララ' (YARARARA) feat. 重音テト,58082876
2026-09-24 08:54:14,xJQ6KrmdpD0,【以心伝心】新人歌い手グループが『ヤラララ』を本気で歌ってみたら...【EL6】,2432666
2026-09-24 08:54:14,pRy8kStWlAw,'ヤラララ' (YARARARA) ／Cover -しゆん×ばぁう,1664602
2026-09-24 08:54:14,SnZvS3f5IrA,ヤラララ／Cover - KOMAINU.,3010327
2026-09-24 09:57:43,T24rF_x0TmQ,[MV] ABM - 'ヤラララ' (YARARARA) feat. 重音テト,58097584
2026-09-24 09:57:43,xJQ6KrmdpD0,【以心伝心】新人歌い手グループが『ヤラララ』を本気で歌ってみたら...【EL6】,2435311
2026-09-24 09:57:43,pRy8kStWlAw,'ヤラララ' (YARARARA) ／Cover -しゆん×ばぁう,1664943
2026-09-24 09:57:43,SnZvS3f5IrA,ヤラララ／Cover - KOMAINU.,3011165
2026-09-24 10:56:24,T24rF_x0TmQ,[MV] ABM - 'ヤラララ' (YARARARA) feat. 重音テト,58108136
2026-09-24 10:56:24,xJQ6KrmdpD0,【以心伝心】新人歌い手グループが『ヤラララ』を本気で歌ってみたら...【EL6】,2437298
2026-09-24 10:56:24,pRy8kStWlAw,'ヤラララ' (YARARARA) ／Cover -しゆん×ばぁう,1665140
2026-09-24 10:56:24,SnZvS3f5IrA,ヤラララ／Cover - KOMAINU.,3011809
2026-09-24 11:56:17,T24rF_x0TmQ,[MV] ABM - 'ヤラララ' (YARARARA) feat. 重音テト,58118556
2026-09-24 11:56:17,xJQ6KrmdpD0,【以心伝心】新人歌い手グループが『ヤラララ』を本気で歌ってみたら...【EL6】,2438608
2026-09-24 11:56:17,pRy8kStWlAw,'ヤラララ' (YARARARA) ／Cover -しゆん×ばぁう,1665309
2026-09-24 11:56:17,SnZvS3f5IrA,ヤラララ／Cover - KOMAINU.,3012366
2026-09-24 12:56:46,T24rF_x0TmQ,[MV] ABM - 'ヤラララ' (YARARARA) feat. 重音テト,58128934
2026-09-24 12:56:46,xJQ6KrmdpD0,【以心伝心】新人歌い手グループが『ヤラララ』を本気で歌ってみたら...【EL6】,2439858
2026-09-24 12:56:46,pRy8kStWlAw,'ヤラララ' (YARARARA) ／Cover -しゆん×ばぁう,1665528
2026-09-24 12:56:46,SnZvS3f5IrA,ヤラララ／Cover - KOMAINU.,3012880
2026-09-24 13:56:22,T24rF_x0TmQ,[MV] ABM - 'ヤラララ' (YARARARA) feat. 重音テト,58138570
2026-09-24 13:56:22,xJQ6KrmdpD0,【以心伝心】新人歌い手グループが『ヤラララ』を本気で歌ってみたら...【EL6】,2441084
2026-09-24 13:56:22,pRy8kStWlAw,'ヤラララ' (YARARARA) ／Cover -しゆん×ばぁう,1665666
2026-09-24 13:56:22,SnZvS3f5IrA,ヤラララ／Cover - KOMAINU.,3013402
2026-09-24 14:55:46,T24rF_x0TmQ,[MV] ABM - 'ヤラララ' (YARARARA) feat. 重音テト,58146834
2026-09-24 14:55:46,xJQ6KrmdpD0,【以心伝心】新人歌い手グループが『ヤラララ』を本気で歌ってみたら...【EL6】,2442521
2026-09-24 14:55:46,pRy8kStWlAw,'ヤラララ' (YARARARA) ／Cover -しゆん×ばぁう,1665831
2026-09-24 14:55:46,SnZvS3f5IrA,ヤラララ／Cover - KOMAINU.,3013966
2026-09-24 15:59:01,T24rF_x0TmQ,[MV] ABM - 'ヤラララ' (YARARARA) feat. 重音テト,58156159
2026-09-24 15:59:01,xJQ6KrmdpD0,【以心伝心】新人歌い手グループが『ヤラララ』を本気で歌ってみたら...【EL6】,2444038
2026-09-24 15:59:01,pRy8kStWlAw,'ヤラララ' (YARARARA) ／Cover -しゆん×ばぁう,1666035
2026-09-24 15:59:01,SnZvS3f5IrA,ヤラララ／Cover - KOMAINU.,3014539
2026-09-24 16:56:23,T24rF_x0TmQ,[MV] ABM - 'ヤラララ' (YARARARA) feat. 重音テト,58164727
2026-09-24 16:56:23,xJQ6KrmdpD0,【以心伝心】新人歌い手グループが『ヤラララ』を本気で歌ってみたら...【EL6】,2445705
2026-09-24 16:56:23,pRy8kStWlAw,'ヤラララ' (YARARARA) ／Cover -しゆん×ばぁう,1666227
2026-09-24 16:56:23,SnZvS3f5IrA,ヤラララ／Cover - KOMAINU.,3015071
2026-09-24 17:57:11,T24rF_x0TmQ,[MV] ABM - 'ヤラララ' (YARARARA) feat. 重音テト,58174433
2026-09-24 17:57:11,xJQ6KrmdpD0,【以心伝心】新人歌い手グループが『ヤラララ』を本気で歌ってみたら...【EL6】,2447823
2026-09-24 17:57:11,pRy8kStWlAw,'ヤラララ' (YARARARA) ／Cover -しゆん×ばぁう,1666509
2026-09-24 17:57:11,SnZvS3f5IrA,ヤラララ／Cover - KOMAINU.,3015647
2026-09-24 18:56:15,T24rF_x0TmQ,[MV] ABM - 'ヤラララ' (YARARARA) feat. 重音テト,58184413
2026-09-24 18:56:15,xJQ6KrmdpD0,【以心伝心】新人歌い手グループが『ヤラララ』を本気で歌ってみたら...【EL6】,2450274
2026-09-24 18:56:15,pRy8kStWlAw,'ヤラララ' (YARARARA) ／Cover -しゆん×ばぁう,1666797
2026-09-24 18:56:15,SnZvS3f5IrA,ヤラララ／Cover - KOMAINU.,3016253
2026-09-24 19:55:54,T24rF_x0TmQ,[MV] ABM - 'ヤラララ' (YARARARA) feat. 重音テト,58193858
2026-09-24 19:55:54,xJQ6KrmdpD0,【以心伝心】新人歌い手グループが『ヤラララ』を本気で歌ってみたら...【EL6】,2453140
2026-09-24 19:55:54,pRy8kStWlAw,'ヤラララ' (YARARARA) ／Cover -しゆん×ばぁう,1667147
2026-09-24 19:55:54,SnZvS3f5IrA,ヤラララ／Cover - KOMAINU.,3016929
2026-09-24 20:55:48,T24rF_x0TmQ,[MV] ABM - 'ヤラララ' (YARARARA) feat. 重音テト,58203105
2026-09-24 20:55:48,xJQ6KrmdpD0,【以心伝心】新人歌い手グループが『ヤラララ』を本気で歌ってみたら...【EL6】,2455711
2026-09-24 20:55:48,pRy8kStWlAw,'ヤラララ' (YARARARA) ／Cover -しゆん×ばぁう,1667406
2026-09-24 20:55:48,SnZvS3f5IrA,ヤラララ／Cover - KOMAINU.,3017580
2026-09-24 21:58:58,T24rF_x0TmQ,[MV] ABM - 'ヤラララ' (YARARARA) feat. 重音テト,58212887
2026-09-24 21:58:58,xJQ6KrmdpD0,【以心伝心】新人歌い手グループが『ヤラララ』を本気で歌ってみたら...【EL6】,2458245
2026-09-24 21:58:58,pRy8kStWlAw,'ヤラララ' (YARARARA) ／Cover -しゆん×ばぁう,1667696
2026-09-24 21:58:58,SnZvS3f5IrA,ヤラララ／Cover - KOMAINU.,3018302
2026-09-24 22:57:43,T24rF_x0TmQ,[MV] ABM - 'ヤラララ' (YARARARA) feat. 重音テト,58224906
2026-09-24 22:57:43,xJQ6KrmdpD0,【以心伝心】新人歌い手グループが『ヤラララ』を本気で歌ってみたら...【EL6】,2460963
2026-09-24 22:57:43,pRy8kStWlAw,'ヤラララ' (YARARARA) ／Cover -しゆん×ばぁう,1668014
2026-09-24 22:57:43,SnZvS3f5IrA,ヤラララ／Cover - KOMAINU.,3018997
2026-09-24 23:58:20,T24rF_x0TmQ,[MV] ABM - 'ヤラララ' (YARARARA) feat. 重音テト,58237212
2026-09-24 23:58:20,xJQ6KrmdpD0,【以心伝心】新人歌い手グループが『ヤラララ』を本気で歌ってみたら...【EL6】,2463535
2026-09-24 23:58:20,pRy8kStWlAw,'ヤラララ' (YARARARA) ／Cover -しゆん×ばぁう,1668316
2026-09-24 23:58:20,SnZvS3f5IrA,ヤラララ／Cover - KOMAINU.,3019830
2026-09-25 00:55:48,T24rF_x0TmQ,[MV] ABM - 'ヤラララ' (YARARARA) feat. 重音テト,58246789
2026-09-25 00:55:48,xJQ6KrmdpD0,【以心伝心】新人歌い手グループが『ヤラララ』を本気で歌ってみたら...【EL6】,2465399
2026-09-25 00:55:48,pRy8kStWlAw,'ヤラララ' (YARARARA) ／Cover -しゆん×ばぁう,1668505
2026-09-25 00:55:48,SnZvS3f5IrA,ヤラララ／Cover - KOMAINU.,3020298
2026-09-25 01:56:54,T24rF_x0TmQ,[MV] ABM - 'ヤラララ' (YARARARA) feat. 重音テト,58260485
2026-09-25 01:56:54,xJQ6KrmdpD0,【以心伝心】新人歌い手グループが『ヤラララ』を本気で歌ってみたら...【EL6】,2467735
2026-09-25 01:56:54,pRy8kStWlAw,'ヤラララ' (YARARARA) ／Cover -しゆん×ばぁう,1668816
2026-09-25 01:56:54,SnZvS3f5IrA,ヤラララ／Cover - KOMAINU.,3021162
2026-09-25 02:54:54,T24rF_x0TmQ,[MV] ABM - 'ヤラララ' (YARARARA) feat. 重音テト,58277053
2026-09-25 02:54:54,xJQ6KrmdpD0,【以心伝心】新人歌い手グループが『ヤラララ』を本気で歌ってみたら...【EL6】,2470472
2026-09-25 02:54:54,pRy8kStWlAw,'ヤラララ' (YARARARA) ／Cover -しゆん×ばぁう,1669158
2026-09-25 02:54:54,SnZvS3f5IrA,ヤラララ／Cover - KOMAINU.,3022135
2026-09-25 03:57:11,T24rF_x0TmQ,[MV] ABM - 'ヤラララ' (YARARARA) feat. 重音テト,58290190
2026-09-25 03:57:11,xJQ6KrmdpD0,【以心伝心】新人歌い手グループが『ヤラララ』を本気で歌ってみたら...【EL6】,2471781
2026-09-25 03:57:11,pRy8kStWlAw,'ヤラララ' (YARARARA) ／Cover -しゆん×ばぁう,1669330
2026-09-25 03:57:11,SnZvS3f5IrA,ヤラララ／Cover - KOMAINU.,3022758
2026-09-25 04:55:25,T24rF_x0TmQ,[MV] ABM - 'ヤラララ' (YARARARA) feat. 重音テト,58298039
2026-09-25 04:55:25,xJQ6KrmdpD0,【以心伝心】新人歌い手グループが『ヤラララ』を本気で歌ってみたら...【EL6】,2472497
2026-09-25 04:55:25,pRy8kStWlAw,'ヤラララ' (YARARARA) ／Cover -しゆん×ばぁう,1669448
2026-09-25 04:55:25,SnZvS3f5IrA,ヤラララ／Cover - KOMAINU.,3023173
2026-09-25 05:56:31,T24rF_x0TmQ,[MV] ABM - 'ヤラララ' (YARARARA) feat. 重音テト,58308612
2026-09-25 05:56:31,xJQ6KrmdpD0,【以心伝心】新人歌い手グループが『ヤラララ』を本気で歌ってみたら...【EL6】,2473259
2026-09-25 05:56:31,pRy8kStWlAw,'ヤラララ' (YARARARA) ／Cover -しゆん×ばぁう,1669563
2026-09-25 05:56:31,SnZvS3f5IrA,ヤラララ／Cover - KOMAINU.,3023699
2026-09-25 06:54:35,T24rF_x0TmQ,[MV] ABM - 'ヤラララ' (YARARARA) feat. 重音テト,58315090
2026-09-25 06:54:35,xJQ6KrmdpD0,【以心伝心】新人歌い手グループが『ヤラララ』を本気で歌ってみたら...【EL6】,2473730
2026-09-25 06:54:35,pRy8kStWlAw,'ヤラララ' (YARARARA) ／Cover -しゆん×ばぁう,1669639
2026-09-25 06:54:35,SnZvS3f5IrA,ヤラララ／Cover - KOMAINU.,3024050
2026-09-25 07:56:03,T24rF_x0TmQ,[MV] ABM - 'ヤラララ' (YARARARA) feat. 重音テト,58327356
2026-09-25 07:56:03,xJQ6KrmdpD0,【以心伝心】新人歌い手グループが『ヤラララ』を本気で歌ってみたら...【EL6】,2474580
2026-09-25 07:56:03,pRy8kStWlAw,'ヤラララ' (YARARARA) ／Cover -しゆん×ばぁう,1669784
2026-09-25 07:56:03,SnZvS3f5IrA,ヤラララ／Cover - KOMAINU.,3024657
2026-09-25 08:54:44,T24rF_x0TmQ,[MV] ABM - 'ヤラララ' (YARARARA) feat. 重音テト,58334456
2026-09-25 08:54:44,xJQ6KrmdpD0,【以心伝心】新人歌い手グループが『ヤラララ』を本気で歌ってみたら...【EL6】,2475441
2026-09-25 08:54:44,pRy8kStWlAw,'ヤラララ' (YARARARA) ／Cover -しゆん×ばぁう,1669900
2026-09-25 08:54:44,SnZvS3f5IrA,ヤラララ／Cover - KOMAINU.,3025050
