timestamp,videoId,title,views,time_diff_hours,views_diff,view_per_hour,roll24,roll7,rolling_base,spike_strength,version
2026-09-06 22:54:00,SnZvS3f5IrA,ヤラララ／Cover - KOMAINU.,2735802,0.9666666666666668,679.0,702.4137931034483,668.3110056717281,696.4503615127919,668.3110056717281,1.0510283193637413,KOMAINU
2026-09-06 22:54:00,T24rF_x0TmQ,[MV] ABM - 'ヤラララ' (YARARARA) feat. 重音テト,53340570,0.9666666666666668,11737.0,12141.724137931034,14757.347288332508,13549.030172413792,14757.347288332508,0.822757904974599,ABM
2026-09-06 22:54:00,pRy8kStWlAw,'ヤラララ' (YARARARA) ／Cover -しゆん×ばぁう,1554339,0.9666666666666668,337.0,348.6206896551724,298.93845993710005,358.4282536151279,298.93845993710005,1.166195509699642,ShiyunBaau
2026-09-06 22:54:00,xJQ6KrmdpD0,【以心伝心】新人歌い手グループが『ヤラララ』を本気で歌ってみたら...【EL6】,1635113,0.9666666666666668,2614.0,2704.137931034483,1993.0662378691857,2533.523915461624,1993.0662378691857,1.3567727352230468,EL6
2026-09-06 23:54:00,SnZvS3f5IrA,ヤラララ／Cover - KOMAINU.,2736355,1.0,553.0,553.0,638.3943390050614,697.5890672175434,638.3943390050614,0.8662357514978146,KOMAINU
2026-09-06 23:54:00,T24rF_x0TmQ,[MV] ABM - 'ヤラララ' (YARARARA) feat. 重音テト,53351534,1.0,10964.0,10964.0,14238.347288332508,13053.836167169871,14238.347288332508,0.770033191210637,ABM
2026-09-06 23:54:00,pRy8kStWlAw,'ヤラララ' (YARARARA) ／Cover -しゆん×ばぁう,1554611,1.0,272.0,272.0,286.7717932704334,345.3605593516605,286.7717932704334,0.9484893786032044,ShiyunBaau
2026-09-06 23:54:00,xJQ6KrmdpD0,【以心伝心】新人歌い手グループが『ヤラララ』を本気で歌ってみたら...【EL6】,1637265,1.0,2152.0,2152.0,1907.857904535852,2543.485142221516,1907.857904535852,1.1279666032169955,EL6
2026-09-07 00:54:00,SnZvS3f5IrA,ヤラララ／Cover - KOMAINU.,2736991,1.0,636.0,636.0,637.1026723383948,683.5890672175434,637.1026723383948,0.9982692391881712,KOMAINU
2026-09-07 00:54:00,T24rF_x0TmQ,[MV] ABM - 'ヤラララ' (YARARARA) feat. 重音テト,53365438,1.0,13904.0,13904.0,14168.972288332508,13151.836167169871,14168.972288332508,0.9812991173290176,ABM
2026-09-07 00:54:00,pRy8kStWlAw,'ヤラララ' (YARARARA) ／Cover -しゆん×ばぁう,1554768,1.0,157.0,157.0,281.7717932704334,319.6462736373748,281.7717932704334,0.5571884899398628,ShiyunBaau
2026-09-07 00:54:00,xJQ6KrmdpD0,【以心伝心】新人歌い手グループが『ヤラララ』を本気で歌ってみたら...【EL6】,1639589,1.0,2324.0,2324.0,1906.024571202519,2477.1994279358014,1906.024571202519,1.219291731655788,EL6
2026-09-07 01:55:00,SnZvS3f5IrA,ヤラララ／Cover - KOMAINU.,2737701,1.0166666666666666,710.0,698.360655737705,629.9093663274658,669.2120180372154,629.9093663274658,1.1086684737033323,KOMAINU
2026-09-07 01:55:00,T24rF_x0TmQ,[MV] ABM - 'ヤラララ' (YARARARA) feat. 重音テト,53375251,1.0166666666666666,9813.0,9652.131147540984,13840.727752813384,12378.140616818582,13840.727752813384,0.6973716498093108,ABM
2026-09-07 01:55:00,pRy8kStWlAw,'ヤラララ' (YARARARA) ／Cover -しゆん×ばぁう,1555129,1.0166666666666666,361.0,355.08196721311475,280.9002085709798,310.8008403821055,280.9002085709798,1.2640858083357036,ShiyunBaau
2026-09-07 01:55:00,xJQ6KrmdpD0,【以心伝心】新人歌い手グループが『ヤラララ』を本気で歌ってみたら...【EL6】,1642200,1.0166666666666666,2611.0,2568.196721311476,1914.1577679238303,2492.227530980298,1914.1577679238303,1.3416849772508777,EL6
2026-09-07 02:54:00,SnZvS3f5IrA,ヤラララ／Cover - KOMAINU.,2738030,0.9833333333333332,329.0,334.5762711864407,613.7667109602341,618.5800567781355,613.7667109602341,0.5451196117544371,KOMAINU
2026-09-07 02:54:00,T24rF_x0TmQ,[MV] ABM - 'ヤラララ' (YARARARA) feat. 重音テト,53382234,0.9833333333333332,6983.0,7101.35593220339,13440.492583321857,11590.048607133354,13440.492583321857,0.5283553328257757,ABM
2026-09-07 02:54:00,pRy8kStWlAw,'ヤラララ' (YARARARA) ／Cover -しゆん×ばぁう,1555245,0.9833333333333332,116.0,117.96610169491528,274.440462808268,276.367426338522,274.440462808268,0.4298422342237842,ShiyunBaau
2026-09-07 02:54:00,xJQ6KrmdpD0,【以心伝心】新人歌い手グループが『ヤラララ』を本気で歌ってみたら...【EL6】,1642937,0.9833333333333332,737.0,749.4915254237288,1863.1782481498192,2255.2977488979736,1863.1782481498192,0.4022650683948205,EL6
2026-09-07 03:55:00,SnZvS3f5IrA,ヤラララ／Cover - KOMAINU.,2738489,1.0166666666666666,459.0,451.4754098360656,605.4115197034035,586.3622581832877,605.4115197034035,0.7457331007795283,KOMAINU
2026-09-07 03:55:00,T24rF_x0TmQ,[MV] ABM - 'ヤラララ' (YARARARA) feat. 重音テト,53391087,1.0166666666666666,8853.0,8707.868852459016,13059.153785507648,11079.601300341785,13059.153785507648,0.6668019226576951,ABM
2026-09-07 03:55:00,pRy8kStWlAw,'ヤラララ' (YARARARA) ／Cover -しゆん×ばぁう,1555407,1.0166666666666666,162.0,159.344262295082,270.82980707056305,248.9880352378194,270.82980707056305,0.5883557058162576,ShiyunBaau
2026-09-07 03:55:00,xJQ6KrmdpD0,【以心伝心】新人歌い手グループが『ヤラララ』を本気で歌ってみたら...【EL6】,1644058,1.0166666666666666,1121.0,1102.6229508196725,1826.829204433972,2050.3867418722125,1826.829204433972,0.6035719968475711,EL6
2026-09-07 04:54:00,SnZvS3f5IrA,ヤラララ／Cover - KOMAINU.,2739306,0.9833333333333332,817.0,830.8474576271187,618.5301637712001,616.9229081137667,618.5301637712001,1.3432610182847229,KOMAINU
2026-09-07 04:54:00,T24rF_x0TmQ,[MV] ABM - 'ヤラララ' (YARARARA) feat. 重音テト,53409145,0.9833333333333332,18058.0,18364.06779661017,13274.114943699738,11990.159612375332,13274.114943699738,1.383449508648881,ABM
2026-09-07 04:54:00,pRy8kStWlAw,'ヤラララ' (YARARARA) ／Cover -しゆん×ばぁう,1555683,0.9833333333333332,276.0,280.6779661016949,275.98305565813365,252.94927659580384,275.98305565813365,1.017011589470105,ShiyunBaau
2026-09-07 04:54:00,xJQ6KrmdpD0,【以心伝心】新人歌い手グループが『ヤラララ』を本気で歌ってみたら...【EL6】,1645844,0.9833333333333332,1786.0,1816.271186440678,1866.9238372023333,2021.1222974432708,1866.9238372023333,0.9728683892977869,EL6
2026-09-07 05:54:00,SnZvS3f5IrA,ヤラララ／Cover - KOMAINU.,2739910,1.0,604.0,604.0,615.5301637712001,586.8942563410471,615.5301637712001,0.9812679143121796,KOMAINU
2026-09-07 05:54:00,T24rF_x0TmQ,[MV] ABM - 'ヤラララ' (YARARARA) feat. 重音テト,53423383,1.0,14238.0,14238.0,13165.698277033072,11847.346246973366,13165.698277033072,1.081446627471139,ABM
2026-09-07 05:54:00,pRy8kStWlAw,'ヤラララ' (YARARARA) ／Cover -しゆん×ばぁう,1555863,1.0,180.0,180.0,274.316388991467,217.4386139006867,274.316388991467,0.6561766165768504,ShiyunBaau
2026-09-07 05:54:00,xJQ6KrmdpD0,【以心伝心】新人歌い手グループが『ヤラララ』を本気で歌ってみたら...【EL6】,1646838,1.0,994.0,994.0,1861.9238372023333,1672.3689119993649,1861.9238372023333,0.5338564232001842,EL6
2026-09-07 06:54:00,SnZvS3f5IrA,ヤラララ／Cover - KOMAINU.,2740909,1.0,999.0,999.0,642.4468304378669,650.6085420553328,642.4468304378669,1.554992495362021,KOMAINU
2026-09-07 06:54:00,T24rF_x0TmQ,[MV] ABM - 'ヤラララ' (YARARARA) feat. 重音テト,53446921,1.0,23538.0,23538.0,13675.781610366406,13643.63196125908,13675.781610366406,1.7211447704135543,ABM
2026-09-07 06:54:00,pRy8kStWlAw,'ヤラララ' (YARARARA) ／Cover -しゆん×ばぁう,1556097,1.0,234.0,234.0,278.98305565813365,212.0100424721153,278.98305565813365,0.8387606173714867,ShiyunBaau
2026-09-07 06:54:00,xJQ6KrmdpD0,【以心伝心】新人歌い手グループが『ヤラララ』を本気で歌ってみたら...【EL6】,1648262,1.0,1424.0,1424.0,1899.7155038690005,1568.3689119993649,1899.7155038690005,0.749585923313176,EL6
2026-09-07 07:54:00,SnZvS3f5IrA,ヤラララ／Cover - KOMAINU.,2741342,1.0,433.0,433.0,635.1968304378669,621.6085420553328,635.1968304378669,0.6816784644556799,KOMAINU
2026-09-07 07:54:00,T24rF_x0TmQ,[MV] ABM - 'ヤラララ' (YARARARA) feat. 重音テト,53457394,1.0,10473.0,10473.0,13500.323277033072,13153.489104116225,13500.323277033072,0.7757592011012658,ABM
2026-09-07 07:54:00,pRy8kStWlAw,'ヤラララ' (YARARARA) ／Cover -しゆん×ばぁう,1556214,1.0,117.0,117.0,277.73305565813365,206.2957567578296,277.73305565813365,0.4212678239640919,ShiyunBaau
2026-09-07 07:54:00,xJQ6KrmdpD0,【以心伝心】新人歌い手グループが『ヤラララ』を本気で歌ってみたら...【EL6】,1648795,1.0,533.0,533.0,1892.382170535667,1312.511769142222,1892.382170535667,0.2816555811499357,EL6
2026-09-07 08:54:00,SnZvS3f5IrA,ヤラララ／Cover - KOMAINU.,2741851,1.0,509.0,509.0,638.9468304378669,607.5324742984162,638.9468304378669,0.7966234055049385,KOMAINU
2026-09-07 08:54:00,T24rF_x0TmQ,[MV] ABM - 'ヤラララ' (YARARARA) feat. 重音テト,53469687,1.0,12293.0,12293.0,13537.906610366406,13045.927966101695,13537.906610366406,0.908042901595056,ABM
2026-09-07 08:54:00,pRy8kStWlAw,'ヤラララ' (YARARARA) ／Cover -しゆん×ばぁう,1556389,1.0,175.0,175.0,278.98305565813365,202.3837871631009,278.98305565813365,0.6272782394872229,ShiyunBaau
2026-09-07 08:54:00,xJQ6KrmdpD0,【以心伝心】新人歌い手グループが『ヤラララ』を本気で歌ってみたら...【EL6】,1649906,1.0,1111.0,1111.0,1904.7988372023333,1287.3227979994442,1904.7988372023333,0.5832636907904549,EL6
2026-09-07 09:58:00,SnZvS3f5IrA,ヤラララ／Cover - KOMAINU.,2742498,1.0666666666666669,647.0,606.5625,654.8452679378669,633.4121953518835,654.8452679378669,0.926268432709438,KOMAINU
2026-09-07 09:58:00,T24rF_x0TmQ,[MV] ABM - 'ヤラララ' (YARARARA) feat. 重音テト,53481908,1.0666666666666669,12221.0,11457.1875,13782.633172866406,14153.017735581312,13782.633172866406,0.8312771120220724,ABM
2026-09-07 09:58:00,pRy8kStWlAw,'ヤラララ' (YARARARA) ／Cover -しゆん×ばぁう,1556694,1.0666666666666669,305.0,285.9375,286.44399315813365,204.56567548525385,286.44399315813365,0.9982317899127524,ShiyunBaau
2026-09-07 09:58:00,xJQ6KrmdpD0,【以心伝心】新人歌い手グループが『ヤラララ』を本気で歌ってみたら...【EL6】,1652177,1.0666666666666669,2271.0,2129.0625,1970.4238372023333,1301.4223767514789,1970.4238372023333,1.080509918628931,EL6
2026-09-07 10:56:00,SnZvS3f5IrA,ヤラララ／Cover - KOMAINU.,2743038,0.9666666666666668,540.0,558.6206896551724,657.8579721120956,648.7186638974702,657.8579721120956,0.8491509008573455,KOMAINU
2026-09-07 10:56:00,T24rF_x0TmQ,[MV] ABM - 'ヤラララ' (YARARARA) feat. 重音テト,53492791,0.9666666666666668,10883.0,11258.275862068966,13789.18414080349,14517.36159409702,13789.18414080349,0.816456996085408,ABM
2026-09-07 10:56:00,pRy8kStWlAw,'ヤラララ' (YARARARA) ／Cover -しゆん×ばぁう,1556937,0.9666666666666668,243.0,251.3793103448276,290.33918372074714,217.71353949236035,290.33918372074714,0.8658125545555305,ShiyunBaau
2026-09-07 10:56:00,xJQ6KrmdpD0,【以心伝心】新人歌い手グループが『ヤラララ』を本気で歌ってみたら...【EL6】,1654184,0.9666666666666668,2007.0,2076.206896551724,1995.0464929797083,1440.5057975703432,1995.0464929797083,1.040680958492751,EL6
2026-09-07 11:56:00,SnZvS3f5IrA,ヤラララ／Cover - KOMAINU.,2743664,1.0,626.0,626.0,656.5836532276118,619.4547413793103,656.5836532276118,0.9534200203168788,KOMAINU
2026-09-07 11:56:00,T24rF_x0TmQ,[MV] ABM - 'ヤラララ' (YARARARA) feat. 重音テト,53505325,1.0,12534.0,12534.0,13738.976775171352,13684.494766009851,13738.976775171352,0.9122950133121304,ABM
2026-09-07 11:56:00,pRy8kStWlAw,'ヤラララ' (YARARARA) ／Cover -しゆん×ばぁう,1557167,1.0,230.0,230.0,287.9256163719172,210.47383004926107,287.9256163719172,0.7988174268693968,ShiyunBaau
2026-09-07 11:56:00,xJQ6KrmdpD0,【以心伝心】新人歌い手グループが『ヤラララ』を本気で歌ってみたら...【EL6】,1655866,1.0,1682.0,1682.0,1982.52463326052,1421.324199507389,1982.52463326052,0.8484131656077998,EL6
2026-09-07 12:57:00,SnZvS3f5IrA,ヤラララ／Cover - KOMAINU.,2744204,1.0166666666666666,540.0,531.1475409836066,684.1747257136852,609.0472472341113,684.1747257136852,0.7763331807230224,KOMAINU
2026-09-07 12:57:00,T24rF_x0TmQ,[MV] ABM - 'ヤラララ' (YARARARA) feat. 重音テト,53516265,1.0166666666666666,10940.0,10760.65573770492,14132.532675329074,13187.731299967696,14132.532675329074,0.7614102853970128,ABM
2026-09-07 12:57:00,pRy8kStWlAw,'ヤラララ' (YARARARA) ／Cover -しゆん×ばぁう,1557384,1.0166666666666666,217.0,213.4426229508197,297.38565664672825,215.25134761366388,297.38565664672825,0.7177300524765169,ShiyunBaau
2026-09-07 12:57:00,xJQ6KrmdpD0,【以心伝心】新人歌い手グループが『ヤラララ』を本気で歌ってみたら...【EL6】,1657330,1.0166666666666666,1464.0,1440.0,2052.876796010012,1485.0384852216746,2052.876796010012,0.7014546624516368,EL6
2026-09-07 13:56:00,SnZvS3f5IrA,ヤラララ／Cover - KOMAINU.,2744724,0.9833333333333332,520.0,528.8135593220339,638.0419573521034,541.8777557086876,638.0419573521034,0.8288068726963174,KOMAINU
2026-09-07 13:56:00,T24rF_x0TmQ,[MV] ABM - 'ヤラララ' (YARARARA) feat. 重音テト,53526976,0.9833333333333332,10711.0,10892.542372881357,13150.805274199132,11381.237353236462,13150.805274199132,0.8282794966367334,ABM
2026-09-07 13:56:00,pRy8kStWlAw,'ヤラララ' (YARARARA) ／Cover -しゆん×ばぁう,1557607,0.9833333333333332,223.0,226.7796610169492,277.1264758557677,214.2198706160852,277.1264758557677,0.8183254967489216,ShiyunBaau
2026-09-07 13:56:00,xJQ6KrmdpD0,【以心伝心】新人歌い手グループが『ヤラララ』を本気で歌ってみたら...【EL6】,1658775,0.9833333333333332,1445.0,1469.491525423729,2001.397276236,1491.5372745679217,2001.397276236,0.7342327996905148,EL6
2026-09-07 14:55:00,SnZvS3f5IrA,ヤラララ／Cover - KOMAINU.,2745149,0.9833333333333332,425.0,432.2033898305085,621.0087652617078,541.7639542559031,621.0087652617078,0.6959698703260134,KOMAINU
2026-09-07 14:55:00,T24rF_x0TmQ,[MV] ABM - 'ヤラララ' (YARARARA) feat. 重音テト,53535105,0.9833333333333332,8129.0,8266.77966101695,12616.546093408171,11066.063019096027,12616.546093408171,0.6552331834570901,ABM
2026-09-07 14:55:00,pRy8kStWlAw,'ヤラララ' (YARARARA) ／Cover -しゆん×ばぁう,1557790,0.9833333333333332,183.0,186.10169491525423,262.8807131439034,224.09154131826435,262.8807131439034,0.7079320985156504,ShiyunBaau
2026-09-07 14:55:00,xJQ6KrmdpD0,【以心伝心】新人歌い手グループが『ヤラララ』を本気で歌ってみたら...【EL6】,1660330,0.9833333333333332,1555.0,1581.35593220339,1892.5371067444744,1641.3024077398347,1892.5371067444744,0.8355745980186483,EL6
2026-09-07 16:00:00,SnZvS3f5IrA,ヤラララ／Cover - KOMAINU.,2745816,1.0833333333333333,667.0,615.6923076923077,622.3480952865217,557.0057124976613,622.3480952865217,0.9893053619917488,KOMAINU
2026-09-07 16:00:00,T24rF_x0TmQ,[MV] ABM - 'ヤラララ' (YARARARA) feat. 重音テト,53545971,1.0833333333333333,10866.0,10030.153846153848,12453.057880008668,10742.799282832291,12453.057880008668,0.8054370213966167,ABM
2026-09-07 16:00:00,pRy8kStWlAw,'ヤラララ' (YARARARA) ／Cover -しゆん×ばぁう,1558056,1.0833333333333333,266.0,245.53846153846155,259.8856759230597,234.1684643951875,259.8856759230597,0.944794131751818,ShiyunBaau
2026-09-07 16:00:00,xJQ6KrmdpD0,【以心伝心】新人歌い手グループが『ヤラララ』を本気で歌ってみたら...【EL6】,1661996,1.0833333333333333,1666.0,1537.846153846154,1862.8237072407528,1702.2804297178566,1862.8237072407528,0.8255457281698647,EL6
2026-09-07 16:57:00,SnZvS3f5IrA,ヤラララ／Cover - KOMAINU.,2746305,0.95,489.0,514.7368421052632,616.381670604126,551.7221036986116,616.381670604126,0.8350943362750567,KOMAINU
2026-09-07 16:57:00,T24rF_x0TmQ,[MV] ABM - 'ヤラララ' (YARARARA) feat. 重音テト,53553722,0.95,7751.0,8158.947368421053,12208.617468635406,10419.817793530889,12208.617468635406,0.6682941282566865,ABM
2026-09-07 16:57:00,pRy8kStWlAw,'ヤラララ' (YARARARA) ／Cover -しゆん×ばぁう,1558285,0.95,229.0,241.05263157894737,253.07608729632045,235.02898529315743,253.07608729632045,0.952490747562036,ShiyunBaau
2026-09-07 16:57:00,xJQ6KrmdpD0,【以心伝心】新人歌い手グループが『ヤラララ』を本気で歌ってみたら...【EL6】,1663460,0.95,1464.0,1541.0526315789475,1828.4997507979213,1682.126954950493,1828.4997507979213,0.8427961944793606,EL6
2026-09-07 17:57:00,SnZvS3f5IrA,ヤラララ／Cover - KOMAINU.,2746937,1.0,632.0,632.0,612.131670604126,554.3705199905314,612.131670604126,1.0324576073253413,KOMAINU
2026-09-07 17:57:00,T24rF_x0TmQ,[MV] ABM - 'ヤラララ' (YARARARA) feat. 重音テト,53563649,1.0,9927.0,9927.0,12071.492468635406,10081.439855168304,12071.492468635406,0.8223506766700717,ABM
2026-09-07 17:57:00,pRy8kStWlAw,'ヤラララ' (YARARARA) ／Cover -しゆん×ばぁう,1558635,1.0,350.0,350.0,253.6177539629871,241.845010285776,253.6177539629871,1.380029570213286,ShiyunBaau
2026-09-07 17:57:00,xJQ6KrmdpD0,【以心伝心】新人歌い手グループが『ヤラララ』を本気で歌ってみたら...【EL6】,1665449,1.0,1989.0,1989.0,1795.2080841312547,1605.820891864603,1795.2080841312547,1.1079495561443653,EL6
2026-09-07 18:56:00,SnZvS3f5IrA,ヤラララ／Cover - KOMAINU.,2747604,0.9833333333333332,667.0,678.3050847457628,607.1027158018661,561.8426749542119,607.1027158018661,1.117282244158391,KOMAINU
2026-09-07 18:56:00,T24rF_x0TmQ,[MV] ABM - 'ヤラララ' (YARARARA) feat. 重音テト,53574515,0.9833333333333332,10866.0,11050.169491525425,11904.082864115631,9869.464068243366,11904.082864115631,0.9282671851046758,ABM
2026-09-07 18:56:00,pRy8kStWlAw,'ヤラララ' (YARARARA) ／Cover -しゆん×ばぁう,1559036,0.9833333333333332,401.0,407.79661016949154,253.234279386716,267.2445260242748,253.234279386716,1.6103531131610438,ShiyunBaau
2026-09-07 18:56:00,xJQ6KrmdpD0,【以心伝心】新人歌い手グループが『ヤラララ』を本気で歌ってみたら...【EL6】,1667978,0.9833333333333332,2529.0,2571.8644067796613,1799.744101080407,1732.9443785474118,1799.744101080407,1.4290167170075687,EL6
2026-09-07 19:55:00,SnZvS3f5IrA,ヤラララ／Cover - KOMAINU.,2748327,0.9833333333333332,723.0,735.2542372881356,609.0299756888718,583.5191202459523,609.0299756888718,1.2072545960590724,KOMAINU
2026-09-07 19:55:00,T24rF_x0TmQ,[MV] ABM - 'ヤラララ' (YARARARA) feat. 重音テト,53585326,0.9833333333333332,10811.0,10994.237288135591,11836.426084454615,10010.060720729893,11836.426084454615,0.928847712112602,ABM
2026-09-07 19:55:00,pRy8kStWlAw,'ヤラララ' (YARARARA) ／Cover -しゆん×ばぁう,1559346,0.9833333333333332,310.0,315.2542372881356,251.4115392737216,273.2457399322574,251.4115392737216,1.2539370237294716,ShiyunBaau
2026-09-07 19:55:00,xJQ6KrmdpD0,【以心伝心】新人歌い手グループが『ヤラララ』を本気で歌ってみたら...【EL6】,1670705,0.9833333333333332,2727.0,2773.220338983051,1814.961615204701,1862.9788736018668,1814.961615204701,1.5279774050043875,EL6
2026-09-07 20:56:00,SnZvS3f5IrA,ヤラララ／Cover - KOMAINU.,2748901,1.0166666666666666,574.0,564.5901639344263,604.3462325194729,596.1117179423435,604.3462325194729,0.9342164037007288,KOMAINU
2026-09-07 20:56:00,T24rF_x0TmQ,[MV] ABM - 'ヤラララ' (YARARARA) feat. 重音テト,53593650,1.0166666666666666,8324.0,8187.540983606558,11665.86529210489,9516.404091265633,11665.86529210489,0.7018374358520701,ABM
2026-09-07 20:56:00,pRy8kStWlAw,'ヤラララ' (YARARARA) ／Cover -しゆん×ばぁう,1559687,1.0166666666666666,341.0,335.4098360655738,250.7619491097872,297.3076387936949,250.7619491097872,1.337562725350833,ShiyunBaau
2026-09-07 20:56:00,xJQ6KrmdpD0,【以心伝心】新人歌い手グループが『ヤラララ』を本気で歌ってみたら...【EL6】,1673080,1.0166666666666666,2375.0,2336.065573770492,1806.5893474451384,2047.200719594528,1806.5893474451384,1.293080564808009,EL6
2026-09-07 21:58:00,SnZvS3f5IrA,ヤラララ／Cover - KOMAINU.,2749878,1.0333333333333334,977.0,945.4838709677418,613.3784905839891,669.4375009619482,613.3784905839891,1.5414362999060496,KOMAINU
2026-09-07 21:58:00,T24rF_x0TmQ,[MV] ABM - 'ヤラララ' (YARARARA) feat. 重音テト,53607905,1.0333333333333334,14255.0,13795.16129032258,11612.074969524245,10306.172895452151,11612.074969524245,1.188001397384001,ABM
2026-09-07 21:58:00,pRy8kStWlAw,'ヤラララ' (YARARARA) ／Cover -しゆん×ばぁう,1560240,1.0333333333333334,553.0,535.1612903225806,259.1893684646259,347.1732952804558,259.1893684646259,2.064750161215117,ShiyunBaau
2026-09-07 21:58:00,xJQ6KrmdpD0,【以心伝心】新人歌い手グループが『ヤラララ』を本気で歌ってみたら...【EL6】,1676462,1.0333333333333334,3382.0,3272.9032258064512,1828.282895832235,2288.8503329663936,1828.282895832235,1.790151422007711,EL6
2026-09-07 22:56:00,SnZvS3f5IrA,ヤラララ／Cover - KOMAINU.,2750603,0.9666666666666668,725.0,750.0,615.3612492046788,679.5078133417047,615.3612492046788,1.2187962777463393,KOMAINU
2026-09-07 22:56:00,T24rF_x0TmQ,[MV] ABM - 'ヤラララ' (YARARARA) feat. 重音テト,53620698,0.9666666666666668,12793.0,13234.137931034482,11657.592210903553,10672.168524899942,11657.592210903553,1.1352376795832984,ABM
2026-09-07 22:56:00,pRy8kStWlAw,'ヤラララ' (YARARARA) ／Cover -しゆん×ばぁう,1560656,0.9666666666666668,416.0,430.3448275862069,262.59454087841897,357.5697368186747,262.59454087841897,1.6388186370769078,ShiyunBaau
2026-09-07 22:56:00,xJQ6KrmdpD0,【以心伝心】新人歌い手グループが『ヤラララ』を本気で歌ってみたら...【EL6】,1679228,0.9666666666666668,2766.0,2861.3793103448274,1834.8346199701657,2360.416455138698,1834.8346199701657,1.559475322299812,EL6
2026-09-07 23:57:00,SnZvS3f5IrA,ヤラララ／Cover - KOMAINU.,2751486,1.0166666666666666,883.0,868.5245901639345,628.508107128176,739.1654210142859,628.508107128176,1.3818828751986334,KOMAINU
2026-09-07 23:57:00,T24rF_x0TmQ,[MV] ABM - 'ヤラララ' (YARARARA) feat. 重音テト,53636650,1.0166666666666666,15952.0,15690.49180327869,11854.529369373498,11839.819826843332,11854.529369373498,1.3235862272032075,ABM
2026-09-07 23:57:00,pRy8kStWlAw,'ヤラララ' (YARARARA) ／Cover -しゆん×ばぁう,1561155,1.0166666666666666,499.0,490.8196721311476,271.7120272172168,409.2552105090194,271.7120272172168,1.8063965631479684,ShiyunBaau
2026-09-07 23:57:00,xJQ6KrmdpD0,【以心伝心】新人歌い手グループが『ヤラララ』を本気で歌ってみたら...【EL6】,1682349,1.0166666666666666,3121.0,3069.8360655737706,1873.077789369073,2696.324131608322,1873.077789369073,1.6389260942589114,EL6
2026-09-08 00:56:00,SnZvS3f5IrA,ヤラララ／Cover - KOMAINU.,2752272,0.9833333333333332,786.0,799.3220338983051,635.3131918739386,746.6849976247883,635.3131918739386,1.2581543152607946,KOMAINU
2026-09-08 00:56:00,T24rF_x0TmQ,[MV] ABM - 'ヤラララ' (YARARARA) feat. 重音テト,53648652,0.9833333333333332,12002.0,12205.42372881356,11783.755358074064,11885.520314589612,11783.755358074064,1.0357838700758986,ABM
2026-09-08 00:56:00,pRy8kStWlAw,'ヤラララ' (YARARARA) ／Cover -しゆん×ばぁう,1561462,0.9833333333333332,307.0,312.2033898305085,278.1788351268213,397.1237329242056,278.1788351268213,1.1223118023633087,ShiyunBaau
2026-09-08 00:56:00,xJQ6KrmdpD0,【以心伝心】新人歌い手グループが『ヤラララ』を本気で歌ってみたら...【EL6】,1684698,0.9833333333333332,2349.0,2388.813559322034,1875.7783543408243,2657.885310072536,1875.7783543408243,1.2735052378624434,EL6
2026-09-08 01:56:00,SnZvS3f5IrA,ヤラララ／Cover - KOMAINU.,2752879,1.0,607.0,607.0,631.5064978848676,752.8821280360777,631.5064978848676,0.9611935934674491,KOMAINU
2026-09-08 01:56:00,T24rF_x0TmQ,[MV] ABM - 'ヤラララ' (YARARARA) feat. 重音テト,53661186,1.0,12534.0,12534.0,11903.833226926525,12377.284717884497,11903.833226926525,1.052938138586152,ABM
2026-09-08 01:56:00,pRy8kStWlAw,'ヤラララ' (YARARARA) ／Cover -しゆん×ばぁう,1561689,1.0,227.0,227.0,272.8420864929415,378.02760760345046,272.8420864929415,0.8319830819277675,ShiyunBaau
2026-09-08 01:56:00,xJQ6KrmdpD0,【以心伝心】新人歌い手グループが『ヤラララ』を本気で歌ってみたら...【EL6】,1686430,1.0,1732.0,1732.0,1840.93682428618,2633.4597248286614,1840.93682428618,0.9408253325974836,EL6
2026-09-08 02:54:00,SnZvS3f5IrA,ヤラララ／Cover - KOMAINU.,2753741,0.9666666666666668,862.0,891.7241379310344,654.720992332559,770.2373792729472,654.720992332559,1.3619910593581397,KOMAINU
2026-09-08 02:54:00,T24rF_x0TmQ,[MV] ABM - 'ヤラララ' (YARARARA) feat. 重音テト,53675787,0.9666666666666668,14601.0,15104.48275862069,12237.296844693912,12718.184472976518,12237.296844693912,1.2342989591831297,ABM
2026-09-08 02:54:00,pRy8kStWlAw,'ヤラララ' (YARARARA) ／Cover -しゆん×ばぁう,1562004,0.9666666666666668,315.0,325.86206896551727,281.50441846254995,371.5069152737088,281.50441846254995,1.1575735498051103,ShiyunBaau
2026-09-08 02:54:00,xJQ6KrmdpD0,【以心伝心】新人歌い手グループが『ヤラララ』を本気で歌ってみたら...【EL6】,1688445,0.9666666666666668,2015.0,2084.4827586206898,1896.56145900272,2564.8376040526646,1896.56145900272,1.099085267564588,EL6
2026-09-08 03:56:00,SnZvS3f5IrA,ヤラララ／Cover - KOMAINU.,2754347,1.0333333333333334,606.0,586.4516129032257,660.3450007936907,778.3580351234632,660.3450007936907,0.8880988153137375,KOMAINU
2026-09-08 03:56:00,T24rF_x0TmQ,[MV] ABM - 'ヤラララ' (YARARARA) feat. 重音テト,53688973,1.0333333333333334,13186.0,12760.645161290322,12406.16252422855,13617.763239051474,12406.16252422855,1.0285731092406285,ABM
2026-09-08 03:56:00,pRy8kStWlAw,'ヤラララ' (YARARARA) ／Cover -しゆん×ばぁう,1562194,1.0333333333333334,190.0,183.87096774193543,282.5263645228355,357.8946023682709,282.5263645228355,0.6508099449496647,ShiyunBaau
2026-09-08 03:56:00,xJQ6KrmdpD0,【以心伝心】新人歌い手グループが『ヤラララ』を本気で歌ってみたら...【EL6】,1689651,1.0333333333333334,1206.0,1167.0967741935483,1899.2478683099648,2368.0730991230457,1899.2478683099648,0.6145047171921183,EL6
2026-09-08 04:55:00,SnZvS3f5IrA,ヤラララ／Cover - KOMAINU.,2754976,0.9833333333333332,629.0,639.6610169491526,652.3788990987755,761.0209078516743,652.3788990987755,0.9805053747642788,KOMAINU
2026-09-08 04:55:00,T24rF_x0TmQ,[MV] ABM - 'ヤラララ' (YARARARA) feat. 重音テト,53700547,0.9833333333333332,11574.0,11770.169491525425,12131.416761516684,13386.814020610718,12131.416761516684,0.970222169669646,ABM
2026-09-08 04:55:00,pRy8kStWlAw,'ヤラララ' (YARARARA) ／Cover -しゆん×ばぁう,1562391,0.9833333333333332,197.0,200.33898305084747,279.17890689571686,338.200149953593,279.17890689571686,0.7176007144611435,ShiyunBaau
2026-09-08 04:55:00,xJQ6KrmdpD0,【以心伝心】新人歌い手グループが『ヤラララ』を本気で歌ってみたら...【EL6】,1690587,0.9833333333333332,936.0,951.8644067796612,1863.230919157422,2191.047012580123,1863.230919157422,0.5108676530604735,EL6
2026-09-08 05:54:00,SnZvS3f5IrA,ヤラララ／Cover - KOMAINU.,2755330,0.9833333333333332,354.0,360.0,642.2122324321089,687.8354239807065,642.2122324321089,0.5605623527858561,KOMAINU
2026-09-08 05:54:00,T24rF_x0TmQ,[MV] ABM - 'ヤラララ' (YARARARA) feat. 重音テト,53709644,0.9833333333333332,9097.0,9251.186440677966,11923.6328632116,12818.817164405142,11923.6328632116,0.7758697828764062,ABM
2026-09-08 05:54:00,pRy8kStWlAw,'ヤラララ' (YARARARA) ／Cover -しゆん×ばぁう,1562490,0.9833333333333332,99.0,100.67796610169492,275.8738221499541,283.8897344259823,275.8738221499541,0.3649420786542419,ShiyunBaau
2026-09-08 05:54:00,xJQ6KrmdpD0,【以心伝心】新人歌い手グループが『ヤラララ』を本気で歌ってみたら...【EL6】,1691238,0.9833333333333332,651.0,662.0338983050848,1849.398998253468,1864.688346642452,1849.398998253468,0.3579724542569209,EL6
2026-09-08 06:54:00,SnZvS3f5IrA,ヤラララ／Cover - KOMAINU.,2755916,1.0,586.0,586.0,625.0038990987755,667.3354239807065,625.0038990987755,0.9375941507644716,KOMAINU
2026-09-08 06:54:00,T24rF_x0TmQ,[MV] ABM - 'ヤラララ' (YARARARA) feat. 重音テト,53722176,1.0,12532.0,12532.0,11465.049529878268,12731.049923025832,11465.049529878268,1.0930611304679694,ABM
2026-09-08 06:54:00,pRy8kStWlAw,'ヤラララ' (YARARARA) ／Cover -しゆん×ばぁう,1562624,1.0,134.0,134.0,271.70715548328747,246.8466309777064,271.70715548328747,0.4931780311845422,ShiyunBaau
2026-09-08 06:54:00,xJQ6KrmdpD0,【以心伝心】新人歌い手グループが『ヤラララ』を本気で歌ってみたら...【EL6】,1691782,1.0,544.0,544.0,1812.732331586801,1575.0159328493485,1812.732331586801,0.3000994634016385,EL6
2026-09-08 07:54:00,SnZvS3f5IrA,ヤラララ／Cover - KOMAINU.,2756381,1.0,465.0,465.0,626.3372324321089,616.8948502102147,626.3372324321089,0.7424115571005963,KOMAINU
2026-09-08 07:54:00,T24rF_x0TmQ,[MV] ABM - 'ヤラララ' (YARARARA) feat. 重音テト,53732667,1.0,10491.0,10491.0,11465.799529878268,12081.113447615997,11465.799529878268,0.9149819838260668,ABM
2026-09-08 07:54:00,pRy8kStWlAw,'ヤラララ' (YARARARA) ／Cover -しゆん×ばぁう,1562777,1.0,153.0,153.0,273.20715548328747,204.61917196131293,273.20715548328747,0.5600146150248223,ShiyunBaau
2026-09-08 07:54:00,xJQ6KrmdpD0,【以心伝心】新人歌い手グループが『ヤラララ』を本気で歌ってみたら...【EL6】,1692372,1.0,590.0,590.0,1815.107331586801,1265.0364246526271,1815.107331586801,0.3250496484327519,EL6
2026-09-08 08:54:00,SnZvS3f5IrA,ヤラララ／Cover - KOMAINU.,2756819,1.0,438.0,438.0,623.3788990987755,571.7295959729266,623.3788990987755,0.7026224349801069,KOMAINU
2026-09-08 08:54:00,T24rF_x0TmQ,[MV] ABM - 'ヤラララ' (YARARARA) feat. 重音テト,53742974,1.0,10307.0,10307.0,11383.049529878268,11843.8104815143,11383.049529878268,0.9054691339913924,ABM
2026-09-08 08:54:00,pRy8kStWlAw,'ヤラララ' (YARARARA) ／Cover -しゆん×ばぁう,1562984,1.0,207.0,207.0,274.5404888166208,191.46874823249937,274.5404888166208,0.7539871473685091,ShiyunBaau
2026-09-08 08:54:00,xJQ6KrmdpD0,【以心伝心】新人歌い手グループが『ヤラララ』を本気で歌ってみたら...【EL6】,1693502,1.0,1130.0,1130.0,1815.898998253468,1107.684729737373,1815.898998253468,0.6222813058913709,EL6
2026-09-08 09:59:00,SnZvS3f5IrA,ヤラララ／Cover - KOMAINU.,2757643,1.0833333333333333,824.0,760.6153846153846,629.7977692910832,547.9611449239661,629.7977692910832,1.2077136847778187,KOMAINU
2026-09-08 09:59:00,T24rF_x0TmQ,[MV] ABM - 'ヤラララ' (YARARARA) feat. 重音テト,53756569,1.0833333333333333,13595.0,12549.23076923077,11428.55133276288,11380.175980389213,11428.55133276288,1.0980596231173387,ABM
2026-09-08 09:59:00,pRy8kStWlAw,'ヤラララ' (YARARARA) ／Cover -しゆん×ばぁう,1563343,1.0833333333333333,359.0,331.3846153846154,276.4341186243132,187.1817903255848,276.4341186243132,1.198783337721718,ShiyunBaau
2026-09-08 09:59:00,xJQ6KrmdpD0,【以心伝心】新人歌い手グループが『ヤラララ』を本気で歌ってみたら...【EL6】,1696304,1.0833333333333333,2802.0,2586.4615384615386,1834.957291522698,1090.2080882485477,1834.957291522698,1.40954863113747,EL6
2026-09-08 10:56:00,SnZvS3f5IrA,ヤラララ／Cover - KOMAINU.,2758194,0.95,551.0,580.0,630.6885738887844,547.039485937791,630.6885738887844,0.919629788793791,KOMAINU
2026-09-08 10:56:00,T24rF_x0TmQ,[MV] ABM - 'ヤラララ' (YARARARA) feat. 重音テト,53767750,0.95,11181.0,11769.473684210529,11449.851242018778,11238.5800550921,11449.851242018778,1.027914986442688,ABM
2026-09-08 10:56:00,pRy8kStWlAw,'ヤラララ' (YARARARA) ／Cover -しゆん×ばぁう,1563585,0.95,242.0,254.7368421052632,276.5740157809979,197.305486663203,276.5740157809979,0.92104401559897,ShiyunBaau
2026-09-08 10:56:00,xJQ6KrmdpD0,【以心伝心】新人歌い手グループが『ヤラララ』を本気で歌ってみたら...【EL6】,1698411,0.95,2107.0,2217.894736842105,1840.860951534797,1240.3220829126274,1840.860951534797,1.2048138318067751,EL6
2026-09-08 11:56:00,SnZvS3f5IrA,ヤラララ／Cover - KOMAINU.,2758704,1.0,510.0,510.0,625.855240555451,528.5164835164835,625.855240555451,0.8148849237842466,KOMAINU
2026-09-08 11:56:00,T24rF_x0TmQ,[MV] ABM - 'ヤラララ' (YARARARA) feat. 重音テト,53778665,1.0,10915.0,10915.0,11382.392908685446,11116.41298487418,11382.392908685446,0.9589372013042357,ABM
2026-09-08 11:56:00,pRy8kStWlAw,'ヤラララ' (YARARARA) ／Cover -しゆん×ばぁう,1563784,1.0,199.0,199.0,275.2823491143312,197.1142033702248,275.2823491143312,0.7228941508245799,ShiyunBaau
2026-09-08 11:56:00,xJQ6KrmdpD0,【以心伝心】新人歌い手グループが『ヤラララ』を本気で歌ってみたら...【EL6】,1699723,1.0,1312.0,1312.0,1825.4442848681308,1291.7700248012468,1825.4442848681308,0.7187291394624943,EL6
2026-09-08 12:56:00,SnZvS3f5IrA,ヤラララ／Cover - KOMAINU.,2759306,1.0,602.0,602.0,624.901030933233,563.0879120879121,624.901030933233,0.9633525473641285,KOMAINU
2026-09-08 12:56:00,T24rF_x0TmQ,[MV] ABM - 'ヤラララ' (YARARARA) feat. 重音テト,53789893,1.0,11228.0,11228.0,11376.217192338028,11398.814921920186,11376.217192338028,0.9869713113039144,ABM
2026-09-08 12:56:00,pRy8kStWlAw,'ヤラララ' (YARARARA) ／Cover -しゆん×ばぁう,1564004,1.0,220.0,220.0,273.071055149758,214.1602082128398,273.071055149758,0.8056511147962838,ShiyunBaau
2026-09-08 12:56:00,xJQ6KrmdpD0,【以心伝心】新人歌い手グループが『ヤラララ』を本気で歌ってみたら...【EL6】,1701128,1.0,1405.0,1405.0,1808.6265134734056,1397.9080393290922,1808.6265134734056,0.7768325796030411,EL6
2026-09-08 13:56:00,SnZvS3f5IrA,ヤラララ／Cover - KOMAINU.,2759804,1.0,498.0,498.0,627.523528042716,550.5164835164835,627.523528042716,0.793595742223869,KOMAINU
2026-09-08 13:56:00,T24rF_x0TmQ,[MV] ABM - 'ヤラララ' (YARARARA) feat. 重音テト,53799732,1.0,9839.0,9839.0,11357.967987411015,11014.1006362059,11357.967987411015,0.866264107356649,ABM
2026-09-08 13:56:00,pRy8kStWlAw,'ヤラララ' (YARARARA) ／Cover -しゆん×ばぁう,1564165,1.0,161.0,161.0,272.8147539490075,218.01735106998265,272.8147539490075,0.5901440360886527,ShiyunBaau
2026-09-08 13:56:00,xJQ6KrmdpD0,【以心伝心】新人歌い手グループが『ヤラララ』を本気で歌ってみたら...【EL6】,1702497,1.0,1369.0,1369.0,1819.7988046421424,1515.765182186235,1819.7988046421424,0.7522809645263008,EL6
2026-09-08 14:55:00,SnZvS3f5IrA,ヤラララ／Cover - KOMAINU.,2760355,0.9833333333333332,551.0,560.3389830508474,632.8625110935634,564.1363382380332,632.8625110935634,0.8854039751582095,KOMAINU
2026-09-08 14:55:00,T24rF_x0TmQ,[MV] ABM - 'ヤラララ' (YARARARA) feat. 重音テト,53808633,0.9833333333333332,8901.0,9051.86440677966,11390.679851817798,10808.509837174424,11390.679851817798,0.7946728838432858,ABM
2026-09-08 14:55:00,pRy8kStWlAw,'ヤラララ' (YARARARA) ／Cover -しゆん×ばぁう,1564371,0.9833333333333332,206.0,209.49152542372883,273.789330220194,226.08756898765824,273.789330220194,0.7651559147876438,ShiyunBaau
2026-09-08 14:55:00,xJQ6KrmdpD0,【以心伝心】新人歌い手グループが『ヤラララ』を本気で歌ってみたら...【EL6】,1703857,0.9833333333333332,1360.0,1383.0508474576272,1811.536092777736,1629.0581603944677,1811.536092777736,0.763468557414671,EL6
2026-09-08 15:59:00,SnZvS3f5IrA,ヤラララ／Cover - KOMAINU.,2760889,1.0666666666666669,534.0,500.625,627.5730106498208,573.0827668094618,627.5730106498208,0.7977159493867136,KOMAINU
2026-09-08 15:59:00,T24rF_x0TmQ,[MV] ABM - 'ヤラララ' (YARARARA) feat. 重音テト,53817475,1.0666666666666669,8842.0,8289.375,11266.627657745086,10520.27769431728,11266.627657745086,0.7357458905905695,ABM
2026-09-08 15:59:00,pRy8kStWlAw,'ヤラララ' (YARARARA) ／Cover -しゆん×ばぁう,1564581,1.0666666666666669,210.0,196.875,270.71275701138626,224.6411404162297,270.71275701138626,0.7272468507707577,ShiyunBaau
2026-09-08 15:59:00,xJQ6KrmdpD0,【以心伝心】新人歌い手グループが『ヤラララ』を本気で歌ってみたら...【EL6】,1705362,1.0666666666666669,1505.0,1410.9375,1795.512149066626,1669.192088965896,1795.512149066626,0.7858133963245294,EL6
2026-09-08 16:56:00,SnZvS3f5IrA,ヤラララ／Cover - KOMAINU.,2761325,0.95,436.0,458.9473684210527,621.3032130789707,558.8158420109106,621.3032130789707,0.7386850071910351,KOMAINU
2026-09-08 16:56:00,T24rF_x0TmQ,[MV] ABM - 'ヤラララ' (YARARARA) feat. 重音テト,53825749,0.95,8274.0,8709.473684210527,11213.800451267352,10293.927193053936,11213.800451267352,0.7766745736255907,ABM
2026-09-08 16:56:00,pRy8kStWlAw,'ヤラララ' (YARARARA) ／Cover -しゆん×ばぁう,1564803,0.95,222.0,233.6842105263158,270.2385869709004,225.7715241799904,270.2385869709004,0.8647329500412136,ShiyunBaau
2026-09-08 16:56:00,xJQ6KrmdpD0,【以心伝心】新人歌い手グループが『ヤラララ』を本気で歌ってみたら...【EL6】,1706909,0.95,1547.0,1628.421052631579,1799.1351450180423,1664.0957094241064,1799.1351450180423,0.9051132468513078,EL6
2026-09-08 17:57:00,SnZvS3f5IrA,ヤラララ／Cover - KOMAINU.,2761921,1.0166666666666666,596.0,586.2295081967213,623.8363747110719,530.877265666946,623.8363747110719,0.9397167782469112,KOMAINU
2026-09-08 17:57:00,T24rF_x0TmQ,[MV] ABM - 'ヤラララ' (YARARARA) feat. 重音テト,53834774,1.0166666666666666,9025.0,8877.04918032787,11297.338045566275,9558.53746733115,11297.338045566275,0.7857646769994399,ABM
2026-09-08 17:57:00,pRy8kStWlAw,'ヤラララ' (YARARARA) ／Cover -しゆん×ばぁう,1565071,1.0166666666666666,268.0,263.6065573770492,267.8549416696089,211.95104190387056,267.8549416696089,0.9841392349677088,ShiyunBaau
2026-09-08 17:57:00,xJQ6KrmdpD0,【以心伝心】新人歌い手グループが『ヤラララ』を本気で歌ってみたら...【EL6】,1708803,1.0166666666666666,1894.0,1862.9508196721315,1804.6365338976773,1481.622888537334,1804.6365338976773,1.0323135903984533,EL6
2026-09-08 18:57:00,SnZvS3f5IrA,ヤラララ／Cover - KOMAINU.,2762524,1.0,603.0,603.0,620.6986628466651,544.1629799526602,620.6986628466651,0.9714859014429078,KOMAINU
2026-09-08 18:57:00,T24rF_x0TmQ,[MV] ABM - 'ヤラララ' (YARARARA) feat. 重音テト,53844040,1.0,9266.0,9266.0,11222.99765008605,9322.96603875972,11222.99765008605,0.8256261195892663,ABM
2026-09-08 18:57:00,pRy8kStWlAw,'ヤラララ' (YARARARA) ／Cover -しゆん×ばぁう,1565376,1.0,305.0,305.0,263.5717495792133,227.0938990467277,263.5717495792133,1.157180162467814,ShiyunBaau
2026-09-08 18:57:00,xJQ6KrmdpD0,【以心伝心】新人歌い手グループが『ヤラララ』を本気で歌ってみたら...【EL6】,1711043,1.0,2240.0,2240.0,1790.8088502818582,1614.1943171087623,1790.8088502818582,1.2508314327614825,EL6
2026-09-08 19:55:00,SnZvS3f5IrA,ヤラララ／Cover - KOMAINU.,2763359,0.9666666666666668,835.0,863.7931034482758,626.054448936671,584.1167453896121,626.054448936671,1.3797411789268406,KOMAINU
2026-09-08 19:55:00,T24rF_x0TmQ,[MV] ABM - 'ヤラララ' (YARARARA) feat. 重音テト,53855606,0.9666666666666668,11566.0,11964.827586206897,11263.43891250569,9653.198732190618,11263.43891250569,1.0622712724905412,ABM
2026-09-08 19:55:00,pRy8kStWlAw,'ヤラララ' (YARARARA) ／Cover -しゆん×ばぁう,1565820,0.9666666666666668,444.0,459.3103448275862,269.5740873933572,256.120954769335,269.5740873933572,1.7038371501833915,ShiyunBaau
2026-09-08 19:55:00,xJQ6KrmdpD0,【以心伝心】新人歌い手グループが『ヤラララ』を本気で歌ってみたら...【EL6】,1714117,0.9666666666666668,3074.0,3180.0,1807.758002824231,1809.920027470167,1807.758002824231,1.7590850075242026,EL6
2026-09-08 20:56:00,SnZvS3f5IrA,ヤラララ／Cover - KOMAINU.,2763912,1.0166666666666666,553.0,543.9344262295082,625.193793198966,588.1240556209151,625.193793198966,0.8700253139851674,KOMAINU
2026-09-08 20:56:00,T24rF_x0TmQ,[MV] ABM - 'ヤラララ' (YARARARA) feat. 重音テト,53864334,1.0166666666666666,8728.0,8584.918032786885,11279.996289554869,9249.072555758834,11279.996289554869,0.7610745440347715,ABM
2026-09-08 20:56:00,pRy8kStWlAw,'ヤラララ' (YARARARA) ／Cover -しゆん×ばぁう,1566245,1.0166666666666666,425.0,418.0327868852459,273.01671034417683,298.00006071998945,273.01671034417683,1.531161907116438,ShiyunBaau
2026-09-08 20:56:00,xJQ6KrmdpD0,【以心伝心】新人歌い手グループが『ヤラララ』を本気で歌ってみたら...【EL6】,1716750,1.0166666666666666,2633.0,2589.8360655737706,1818.331773316034,2042.1708979050152,1818.331773316034,1.4242923670913854,EL6
2026-09-08 21:59:00,SnZvS3f5IrA,ヤラララ／Cover - KOMAINU.,2764605,1.05,693.0,660.0,613.2986319086434,602.3613437565083,613.2986319086434,1.0761478432554423,KOMAINU
2026-09-08 21:59:00,T24rF_x0TmQ,[MV] ABM - 'ヤラララ' (YARARARA) feat. 重音テト,53874894,1.05,10560.0,10057.142857142857,11124.245521505713,9392.683762953577,11124.245521505713,0.9040741538561062,ABM
2026-09-08 21:59:00,pRy8kStWlAw,'ヤラララ' (YARARARA) ／Cover -しゆん×ばぁう,1566591,1.05,346.0,329.5238095238095,264.44848197756136,315.1475298771438,264.44848197756136,1.2460794142572158,ShiyunBaau
2026-09-08 21:59:00,xJQ6KrmdpD0,【以心伝心】新人歌い手グループが『ヤラララ』を本気で歌ってみたら...【EL6】,1719276,1.05,2526.0,2405.714285714286,1782.198900812194,2188.2656747988235,1782.198900812194,1.3498573501632951,EL6
2026-09-08 22:57:00,SnZvS3f5IrA,ヤラララ／Cover - KOMAINU.,2765378,0.9666666666666668,773.0,799.6551724137931,615.3675974258848,627.0230723386688,615.3675974258848,1.2994755911081328,KOMAINU
2026-09-08 22:57:00,T24rF_x0TmQ,[MV] ABM - 'ヤラララ' (YARARARA) feat. 重音テト,53888907,0.9666666666666668,14013.0,14496.206896551725,11176.831728402263,10030.624154653346,11176.831728402263,1.296987129162404,ABM
2026-09-08 22:57:00,pRy8kStWlAw,'ヤラララ' (YARARARA) ／Cover -しゆん×ばぁう,1567032,0.9666666666666668,441.0,456.2068965517241,265.52606818445787,332.7799507114663,265.52606818445787,1.7181247011679566,ShiyunBaau
2026-09-08 22:57:00,xJQ6KrmdpD0,【以心伝心】新人歌い手グループが『ヤラララ』を本気で歌ってみたら...【EL6】,1722632,0.9666666666666668,3356.0,3471.7241379310344,1807.6299352949527,2348.69798269035,1807.6299352949527,1.9205945144765209,EL6
2026-09-08 23:58:00,SnZvS3f5IrA,ヤラララ／Cover - KOMAINU.,2766288,1.0166666666666666,910.0,895.0819672131148,616.474154802934,707.3848825002018,616.474154802934,1.451937539050996,KOMAINU
2026-09-08 23:58:00,T24rF_x0TmQ,[MV] ABM - 'ヤラララ' (YARARARA) feat. 重音テト,53903723,1.0166666666666666,14816.0,14573.114754098362,11130.274351353086,11117.037043873514,11130.274351353086,1.3093221509249444,ABM
2026-09-08 23:58:00,pRy8kStWlAw,'ヤラララ' (YARARARA) ／Cover -しゆん×ばぁう,1567422,1.0166666666666666,390.0,383.6065573770492,261.0588550697038,373.61242179178055,261.0588550697038,1.4694255717724063,ShiyunBaau
2026-09-08 23:58:00,xJQ6KrmdpD0,【以心伝心】新人歌い手グループが『ヤラララ』を本気で歌ってみたら...【EL6】,1725780,1.0166666666666666,3148.0,3096.393442622951,1808.736492672002,2692.374107359168,1808.736492672002,1.7119096425420848,EL6
2026-09-09 00:57:00,SnZvS3f5IrA,ヤラララ／Cover - KOMAINU.,2767195,0.9833333333333332,907.0,922.3728813559322,621.6012734470017,755.4053643800892,621.6012734470017,1.483865816813798,KOMAINU
2026-09-09 00:57:00,T24rF_x0TmQ,[MV] ABM - 'ヤラララ' (YARARARA) feat. 重音テト,53919446,0.9833333333333332,15723.0,15989.49152542373,11287.943842878509,12133.100236030064,11287.943842878509,1.4165105485983966,ABM
2026-09-09 00:57:00,pRy8kStWlAw,'ヤラララ' (YARARARA) ／Cover -しゆん×ばぁう,1567838,0.9833333333333332,416.0,423.0508474576271,265.67749913750043,396.3901775175774,265.67749913750043,1.5923472963688154,ShiyunBaau
2026-09-09 00:57:00,xJQ6KrmdpD0,【以心伝心】新人歌い手グループが『ヤラララ』を本気で歌ってみたら...【EL6】,1728886,0.9833333333333332,3106.0,3158.64406779661,1840.8127638584424,2877.473142805521,1840.8127638584424,1.7158964397747452,EL6
2026-09-09 01:55:00,SnZvS3f5IrA,ヤラララ／Cover - KOMAINU.,2767767,0.9666666666666668,572.0,591.7241379310345,620.4061880263631,734.9452110739574,620.4061880263631,0.953768916801794,KOMAINU
2026-09-09 01:55:00,T24rF_x0TmQ,[MV] ABM - 'ヤラララ' (YARARARA) feat. 重音テト,53929365,0.9666666666666668,9919.0,10261.03448275862,11246.867468473713,11899.092016871136,11246.867468473713,0.9123459942532002,ABM
2026-09-09 01:55:00,pRy8kStWlAw,'ヤラララ' (YARARARA) ／Cover -しゆん×ばぁう,1568024,0.9666666666666668,186.0,192.41379310344828,262.74695089613834,370.8931294658113,262.74695089613834,0.7323159886240044,ShiyunBaau
2026-09-09 01:55:00,xJQ6KrmdpD0,【以心伝心】新人歌い手グループが『ヤラララ』を本気で歌ってみたら...【EL6】,1730492,0.9666666666666668,1606.0,1661.3793103448277,1833.635425717898,2725.461413747935,1833.635425717898,0.9060575984969154,EL6
2026-09-09 02:55:00,SnZvS3f5IrA,ヤラララ／Cover - KOMAINU.,2768510,1.0,743.0,743.0,614.7679401136685,736.5383693061976,614.7679401136685,1.208586120907056,KOMAINU
2026-09-09 02:55:00,T24rF_x0TmQ,[MV] ABM - 'ヤラララ' (YARARARA) feat. 重音テト,53940572,1.0,11207.0,11207.0,11030.841831384256,12166.986935537454,11030.841831384256,1.015969603345644,ABM
2026-09-09 02:55:00,pRy8kStWlAw,'ヤラララ' (YARARARA) ／Cover -しゆん×ばぁう,1568262,1.0,238.0,238.0,260.5754876432475,348.69067012841487,260.5754876432475,0.9133629649993958,ShiyunBaau
2026-09-09 02:55:00,xJQ6KrmdpD0,【以心伝心】新人歌い手グループが『ヤラララ』を本気で歌ってみたら...【EL6】,1732080,1.0,1588.0,1588.0,1817.183453513615,2567.3844728547824,1817.183453513615,0.8738798479204302,EL6
2026-09-09 03:58:00,SnZvS3f5IrA,ヤラララ／Cover - KOMAINU.,2768806,1.05,296.0,281.90476190476187,602.0784879887325,699.105560116948,602.0784879887325,0.4682192895588681,KOMAINU
2026-09-09 03:58:00,T24rF_x0TmQ,[MV] ABM - 'ヤラララ' (YARARARA) feat. 重音テト,53947120,1.05,6548.0,6236.190476190476,10758.989552838428,11831.454427452252,10758.989552838428,0.5796260369585775,ABM
2026-09-09 03:58:00,pRy8kStWlAw,'ヤラララ' (YARARARA) ／Cover -しゆん×ばぁう,1568379,1.05,117.0,111.42857142857144,257.557054463524,304.89006792031853,257.557054463524,0.4326364566510146,ShiyunBaau
2026-09-09 03:58:00,xJQ6KrmdpD0,【以心伝心】新人歌い手グループが『ヤラララ』を本気で歌ってみたら...【EL6】,1732767,1.05,687.0,654.2857142857142,1795.816326017455,2290.877279813632,1795.816326017455,0.3643388829951837,EL6
2026-09-09 04:55:00,SnZvS3f5IrA,ヤラララ／Cover - KOMAINU.,2769446,0.95,640.0,673.6842105263158,603.4961210544476,695.927891418119,603.4961210544476,1.1163024699301023,KOMAINU
2026-09-09 04:55:00,T24rF_x0TmQ,[MV] ABM - 'ヤラララ' (YARARARA) feat. 重音テト,53960315,0.95,13195.0,13889.473684210529,10847.293894200307,12088.706834547038,10847.293894200307,1.2804551826181063,ABM
2026-09-09 04:55:00,pRy8kStWlAw,'ヤラララ' (YARARARA) ／Cover -しゆん×ばぁう,1568567,0.95,188.0,197.8947368421053,257.4552108714931,291.51565153554185,257.4552108714931,0.7686569488037397,ShiyunBaau
2026-09-09 04:55:00,xJQ6KrmdpD0,【以心伝心】新人歌い手グループが『ヤラララ』を本気で歌ってみたら...【EL6】,1733955,0.95,1188.0,1250.5263157894738,1808.2605722261967,2160.8334093106123,1808.2605722261967,0.6915631159561909,EL6
2026-09-09 05:55:00,SnZvS3f5IrA,ヤラララ／Cover - KOMAINU.,2769903,1.0,457.0,457.0,607.5377877211142,670.552891418119,607.5377877211142,0.7522165851019994,KOMAINU
2026-09-09 05:55:00,T24rF_x0TmQ,[MV] ABM - 'ヤラララ' (YARARARA) feat. 重音テト,53969474,1.0,9159.0,9159.0,10843.452792505394,11976.43897740418,10843.452792505394,0.8446571562823949,ABM
2026-09-09 05:55:00,pRy8kStWlAw,'ヤラララ' (YARARARA) ／Cover -しゆん×ばぁう,1568705,1.0,138.0,138.0,259.01029561725585,267.5751753450657,259.01029561725585,0.5327973533682424,ShiyunBaau
2026-09-09 05:55:00,xJQ6KrmdpD0,【以心伝心】新人歌い手グループが『ヤラララ』を本気で歌ってみたら...【EL6】,1734979,1.0,1024.0,1024.0,1823.342493130152,1988.1191235963263,1823.342493130152,0.5616059538227994,EL6
2026-09-09 06:54:00,SnZvS3f5IrA,ヤラララ／Cover - KOMAINU.,2770463,0.9833333333333332,560.0,569.4915254237288,606.8499346137696,641.7824355443611,606.8499346137696,0.938438801655606,KOMAINU
2026-09-09 06:54:00,T24rF_x0TmQ,[MV] ABM - 'ヤラララ' (YARARARA) feat. 重音テト,53979747,0.9833333333333332,10273.0,10447.118644067798,10756.582736008218,11470.30294584369,10756.582736008218,0.9712302596897736,ABM
2026-09-09 06:54:00,pRy8kStWlAw,'ヤラララ' (YARARARA) ／Cover -しゆん×ばぁう,1568841,0.9833333333333332,136.0,138.3050847457627,259.1896741483293,227.8374488693205,259.1896741483293,0.5336056893478456,ShiyunBaau
2026-09-09 06:54:00,xJQ6KrmdpD0,【以心伝心】新人歌い手グループが『ヤラララ』を本気で歌ってみたら...【EL6】,1735575,0.9833333333333332,596.0,606.1016949152543,1825.9300637516208,1629.9163182193538,1825.9300637516208,0.3319413524907609,EL6
2026-09-09 07:54:00,SnZvS3f5IrA,ヤラララ／Cover - KOMAINU.,2771155,1.0,692.0,692.0,616.308267947103,616.3971896427217,616.308267947103,1.122814727611919,KOMAINU
2026-09-09 07:54:00,T24rF_x0TmQ,[MV] ABM - 'ヤラララ' (YARARARA) feat. 重音テト,53995687,1.0,15940.0,15940.0,10983.624402674885,11641.163601581397,10983.624402674885,1.4512513734644887,ABM
2026-09-09 07:54:00,pRy8kStWlAw,'ヤラララ' (YARARARA) ／Cover -しゆん×ばぁう,1569015,1.0,174.0,174.0,260.0646741483293,201.6366291971893,260.0646741483293,0.6690643416674045,ShiyunBaau
2026-09-09 07:54:00,xJQ6KrmdpD0,【以心伝心】新人歌い手グループが『ヤラララ』を本気で歌ってみたら...【EL6】,1736578,1.0,1003.0,1003.0,1843.138397084954,1368.242137891485,1843.138397084954,0.5441805138378709,EL6
2026-09-09 08:54:00,SnZvS3f5IrA,ヤラララ／Cover - KOMAINU.,2771605,1.0,450.0,450.0,616.808267947103,557.3505794732301,616.808267947103,0.7295622049583026,KOMAINU
2026-09-09 08:54:00,T24rF_x0TmQ,[MV] ABM - 'ヤラララ' (YARARARA) feat. 重音テト,54005861,1.0,10174.0,10174.0,10978.082736008218,10914.227160903429,10978.082736008218,0.926755631621283,ABM
2026-09-09 08:54:00,pRy8kStWlAw,'ヤラララ' (YARARARA) ／Cover -しゆん×ばぁう,1569149,1.0,134.0,134.0,257.0230074816626,165.50527326498596,257.0230074816626,0.5213541048832381,ShiyunBaau
2026-09-09 08:54:00,xJQ6KrmdpD0,【以心伝心】新人歌い手グループが『ヤラララ』を本気で歌ってみたら...【EL6】,1737616,1.0,1038.0,1038.0,1839.3050637516208,1103.161629416909,1839.3050637516208,0.5643435776133824,EL6
2026-09-09 09:58:00,SnZvS3f5IrA,ヤラララ／Cover - KOMAINU.,2772446,1.0666666666666669,841.0,788.4375,623.6734372292188,558.9311425506866,623.6734372292188,1.2641832294522195,KOMAINU
2026-09-09 09:58:00,T24rF_x0TmQ,[MV] ABM - 'ヤラララ' (YARARARA) feat. 重音テト,54020213,1.0666666666666669,14352.0,13455.0,11077.15942656789,11328.683257781258,11077.15942656789,1.214661582619187,ABM
2026-09-09 09:58:00,pRy8kStWlAw,'ヤラララ' (YARARARA) ／Cover -しゆん×ばぁう,1569512,1.0666666666666669,363.0,340.3125,260.3545871823961,176.27727043091994,260.3545871823961,1.3071115960848732,ShiyunBaau
2026-09-09 09:58:00,xJQ6KrmdpD0,【以心伝心】新人歌い手グループが『ヤラララ』を本気で歌ってみたら...【EL6】,1740397,1.0666666666666669,2781.0,2607.1875,1870.020361201556,1169.0144607129205,1870.020361201556,1.3942027338808158,EL6
2026-09-09 10:57:00,SnZvS3f5IrA,ヤラララ／Cover - KOMAINU.,2773133,0.9833333333333332,687.0,698.6440677966102,622.9110255796539,576.3952582064271,622.9110255796539,1.121579228986166,KOMAINU
2026-09-09 10:57:00,T24rF_x0TmQ,[MV] ABM - 'ヤラララ' (YARARARA) feat. 重音テト,54032293,0.9833333333333332,12080.0,12284.745762711866,11037.292790561158,11448.191070897585,11037.292790561158,1.1130216436060754,ABM
2026-09-09 10:57:00,pRy8kStWlAw,'ヤラララ' (YARARARA) ／Cover -しゆん×ばぁう,1569798,0.9833333333333332,286.0,290.8474576271187,258.8996116540476,190.59854383044475,258.8996116540476,1.1233985859189357,ShiyunBaau
2026-09-09 10:57:00,xJQ6KrmdpD0,【以心伝心】新人歌い手グループが『ヤラララ』を本気で歌ってみたら...【EL6】,1742680,0.9833333333333332,2283.0,2321.694915254237,1844.4936529162287,1313.099517530585,1844.4936529162287,1.2587166735887276,EL6
2026-09-09 11:56:00,SnZvS3f5IrA,ヤラララ／Cover - KOMAINU.,2773681,0.9833333333333332,548.0,557.2881355932203,624.8813645627048,601.8373184019371,624.8813645627048,0.8918303012336004,KOMAINU
2026-09-09 11:56:00,T24rF_x0TmQ,[MV] ABM - 'ヤラララ' (YARARARA) feat. 重音テト,54043221,0.9833333333333332,10928.0,11113.220338983052,11045.55197135212,11796.154963680388,11045.55197135212,1.0061263002343783,ABM
2026-09-09 11:56:00,pRy8kStWlAw,'ヤラララ' (YARARARA) ／Cover -しゆん×ばぁう,1569976,0.9833333333333332,178.0,181.0169491525424,258.15031786873686,199.4974273607748,258.15031786873686,0.7012075392623963,ShiyunBaau
2026-09-09 11:56:00,xJQ6KrmdpD0,【以心伝心】新人歌い手グループが『ヤラララ』を本気で歌ってみたら...【EL6】,1744109,0.9833333333333332,1429.0,1453.2203389830509,1850.3778337071888,1436.172064164649,1850.3778337071888,0.7853641091622663,EL6
2026-09-09 12:56:00,SnZvS3f5IrA,ヤラララ／Cover - KOMAINU.,2774149,1.0,468.0,468.0,619.2980312293715,603.4087469733656,619.2980312293715,0.7556943125928738,KOMAINU
2026-09-09 12:56:00,T24rF_x0TmQ,[MV] ABM - 'ヤラララ' (YARARARA) feat. 重音テト,54052877,1.0,9656.0,9656.0,10980.05197135212,11867.154963680388,10980.05197135212,0.8794129595372879,ABM
2026-09-09 12:56:00,pRy8kStWlAw,'ヤラララ' (YARARARA) ／Cover -しゆん×ばぁう,1570121,1.0,145.0,145.0,255.0253178687369,200.4974273607748,255.0253178687369,0.5685709999766863,ShiyunBaau
2026-09-09 12:56:00,xJQ6KrmdpD0,【以心伝心】新人歌い手グループが『ヤラララ』を本気で歌ってみたら...【EL6】,1745289,1.0,1180.0,1180.0,1841.0028337071897,1458.457778450363,1841.0028337071897,0.6409550156008496,EL6
2026-09-09 13:56:00,SnZvS3f5IrA,ヤラララ／Cover - KOMAINU.,2774797,1.0,648.0,648.0,625.5480312293715,614.6242433414044,625.5480312293715,1.035891678415971,KOMAINU
2026-09-09 13:56:00,T24rF_x0TmQ,[MV] ABM - 'ヤラララ' (YARARARA) feat. 重音テト,54063696,1.0,10819.0,10819.0,11020.885304685453,11920.280871670702,11020.885304685453,0.981681571025912,ABM
2026-09-09 13:56:00,pRy8kStWlAw,'ヤラララ' (YARARARA) ／Cover -しゆん×ばぁう,1570360,1.0,239.0,239.0,258.27531786873686,214.8824152542373,258.27531786873686,0.9253691060075158,ShiyunBaau
2026-09-09 13:56:00,xJQ6KrmdpD0,【以心伝心】新人歌い手グループが『ヤラララ』を本気で歌ってみたら...【EL6】,1746949,1.0,1660.0,1660.0,1853.1278337071897,1609.0146791767554,1853.1278337071897,0.8957827786112107,EL6
2026-09-09 14:55:00,SnZvS3f5IrA,ヤラララ／Cover - KOMAINU.,2775435,0.9833333333333332,638.0,648.8135593220339,629.2344719073377,608.4547518159807,629.2344719073377,1.031115725995348,KOMAINU
2026-09-09 14:55:00,T24rF_x0TmQ,[MV] ABM - 'ヤラララ' (YARARARA) feat. 重音テト,54073586,0.9833333333333332,9890.0,10057.627118644068,11062.792084346467,11079.941888619856,11062.792084346467,0.90914002920432,ABM
2026-09-09 14:55:00,pRy8kStWlAw,'ヤラララ' (YARARARA) ／Cover -しゆん×ばぁう,1570570,0.9833333333333332,210.0,213.55932203389835,258.4448093941606,220.53374697336565,258.4448093941606,0.8263246707663364,ShiyunBaau
2026-09-09 14:55:00,xJQ6KrmdpD0,【以心伝心】新人歌い手グループが『ヤラララ』を本気で歌ってみたら...【EL6】,1748559,0.9833333333333332,1610.0,1637.2881355932204,1863.721054046172,1699.627269975787,1863.721054046172,0.8785049307881339,EL6
2026-09-09 15:59:00,SnZvS3f5IrA,ヤラララ／Cover - KOMAINU.,2776016,1.0666666666666669,581.0,544.6875,631.0704094073377,621.9815375302663,631.0704094073377,0.8631168438265657,KOMAINU
2026-09-09 15:59:00,T24rF_x0TmQ,[MV] ABM - 'ヤラララ' (YARARARA) feat. 重音テト,54082336,1.0666666666666669,8750.0,8203.125,11059.198334346467,10798.388317191284,11059.198334346467,0.7417468022545194,ABM
2026-09-09 15:59:00,pRy8kStWlAw,'ヤラララ' (YARARARA) ／Cover -しゆん×ばぁう,1570796,1.0666666666666669,226.0,211.875,259.0698093941606,231.65874697336565,259.0698093941606,0.8178297598453231,ShiyunBaau
2026-09-09 15:59:00,xJQ6KrmdpD0,【以心伝心】新人歌い手グループが『ヤラララ』を本気で歌ってみたら...【EL6】,1750135,1.0666666666666669,1576.0,1477.5,1866.494491546172,1762.4129842615014,1866.494491546172,0.7915908708501272,EL6
2026-09-09 16:56:00,SnZvS3f5IrA,ヤラララ／Cover - KOMAINU.,2776549,0.95,533.0,561.0526315789474,635.3247953722499,614.3654242863515,635.3247953722499,0.8830957577379221,KOMAINU
2026-09-09 16:56:00,T24rF_x0TmQ,[MV] ABM - 'ヤラララ' (YARARARA) feat. 重音テト,54091265,0.95,8929.0,9398.947368421052,11087.926404521908,10623.458198595004,11087.926404521908,0.8476740398085569,ABM
2026-09-09 16:56:00,pRy8kStWlAw,'ヤラララ' (YARARARA) ／Cover -しゆん×ばぁう,1571002,0.95,206.0,216.84210526315792,258.36805500819565,229.8066667595897,258.36805500819565,0.8392759904326388,ShiyunBaau
2026-09-09 16:56:00,xJQ6KrmdpD0,【以心伝心】新人歌い手グループが『ヤラララ』を本気で歌ってみたら...【EL6】,1752037,0.95,1902.0,2002.1052631578948,1882.0646669847688,1792.3745191235505,1882.0646669847688,1.0637813345518254,EL6
2026-09-09 17:56:00,SnZvS3f5IrA,ヤラララ／Cover - KOMAINU.,2777161,1.0,612.0,612.0,634.3918035573599,592.3107367863515,634.3918035573599,0.9647035106194664,KOMAINU
2026-09-09 17:56:00,T24rF_x0TmQ,[MV] ABM - 'ヤラララ' (YARARARA) feat. 重音テト,54100476,1.0,9211.0,9211.0,11012.849348341031,10092.958198595004,11012.849348341031,0.8363866342535177,ABM
2026-09-09 17:56:00,pRy8kStWlAw,'ヤラララ' (YARARARA) ／Cover -しゆん×ばぁう,1571290,1.0,288.0,288.0,259.55333280786783,223.2676042595897,259.55333280786783,1.109598543329781,ShiyunBaau
2026-09-09 17:56:00,xJQ6KrmdpD0,【以心伝心】新人歌い手グループが『ヤラララ』を本気で歌ってみたら...【EL6】,1754010,1.0,1973.0,1973.0,1885.7020803053783,1713.1010816235505,1885.7020803053783,1.0462946509983613,EL6
2026-09-09 18:56:00,SnZvS3f5IrA,ヤラララ／Cover - KOMAINU.,2777764,1.0,603.0,603.0,635.0626232294911,583.6505272715688,635.0626232294911,0.94951265897772,KOMAINU
2026-09-09 18:56:00,T24rF_x0TmQ,[MV] ABM - 'ヤラララ' (YARARARA) feat. 重音テト,54110075,1.0,9599.0,9599.0,11041.727381127916,9563.52849815216,11041.727381127916,0.8693386160218219,ABM
2026-09-09 18:56:00,pRy8kStWlAw,'ヤラララ' (YARARARA) ／Cover -しゆん×ばぁう,1571590,1.0,300.0,300.0,261.0090705127859,230.6109181852937,261.0090705127859,1.14938534285652,ShiyunBaau
2026-09-09 18:56:00,xJQ6KrmdpD0,【以心伝心】新人歌い手グループが『ヤラララ』を本気で歌ってみたら...【EL6】,1756399,1.0,2389.0,2389.0,1906.744047518493,1759.8419141073025,1906.744047518493,1.2529211789642831,EL6
2026-09-09 19:56:00,SnZvS3f5IrA,ヤラララ／Cover - KOMAINU.,2778520,1.0,756.0,756.0,631.9071865537084,624.793384414426,631.9071865537084,1.196378227826571,KOMAINU
2026-09-09 19:56:00,T24rF_x0TmQ,[MV] ABM - 'ヤラララ' (YARARARA) feat. 重音テト,54121383,1.0,11308.0,11308.0,11088.348205916292,9799.52849815216,11088.348205916292,1.019809243902217,ABM
2026-09-09 19:56:00,pRy8kStWlAw,'ヤラララ' (YARARARA) ／Cover -しゆん×ばぁう,1572007,1.0,417.0,417.0,257.41318408300253,269.4680610424366,257.41318408300253,1.6199636451625528,ShiyunBaau
2026-09-09 19:56:00,xJQ6KrmdpD0,【以心伝心】新人歌い手グループが『ヤラララ』を本気で歌ってみたら...【EL6】,1759486,1.0,3087.0,3087.0,1888.9833828317635,2032.2704855358736,1888.9833828317635,1.63421236420423,EL6
2026-09-09 20:55:00,SnZvS3f5IrA,ヤラララ／Cover - KOMAINU.,2779268,0.9833333333333332,748.0,760.677966101695,637.0580177356278,641.7789571253345,637.0580177356278,1.1940481791681463,KOMAINU
2026-09-09 20:55:00,T24rF_x0TmQ,[MV] ABM - 'ヤラララ' (YARARARA) feat. 重音テト,54131765,0.9833333333333332,10382.0,10557.966101694916,11067.132921747438,9894.333198595004,11067.132921747438,0.953992888343106,ABM
2026-09-09 20:55:00,pRy8kStWlAw,'ヤラララ' (YARARARA) ／Cover -しゆん×ばぁう,1572371,0.9833333333333332,364.0,370.1694915254237,261.9234363806994,282.05573985281,261.9234363806994,1.4132736521805225,ShiyunBaau
2026-09-09 20:55:00,xJQ6KrmdpD0,【以心伝心】新人歌い手グループが『ヤラララ』を本気で歌ってみたら...【EL6】,1762382,0.9833333333333332,2896.0,2945.084745762712,1931.227437349001,2146.3722680642286,1931.227437349001,1.5249807913900777,EL6
2026-09-09 21:59:00,SnZvS3f5IrA,ヤラララ／Cover - KOMAINU.,2780030,1.0666666666666669,762.0,714.375,643.2037923817162,650.2561568115203,643.2037923817162,1.11065110072617,KOMAINU
2026-09-09 21:59:00,T24rF_x0TmQ,[MV] ABM - 'ヤラララ' (YARARARA) feat. 重音テト,54143140,1.0666666666666669,11375.0,10664.0625,11195.846860573176,9848.871567159424,11195.846860573176,0.9525016403675648,ABM
2026-09-09 21:59:00,pRy8kStWlAw,'ヤラララ' (YARARARA) ／Cover -しゆん×ばぁう,1572745,1.0666666666666669,374.0,350.625,256.29809637951786,307.78737096979734,256.29809637951786,1.3680359119047296,ShiyunBaau
2026-09-09 21:59:00,xJQ6KrmdpD0,【以心伝心】新人歌い手グループが『ヤラララ』を本気で歌ってみたら...【EL6】,1765243,1.0666666666666669,2861.0,2682.1875,1915.3051284348744,2365.1253584172296,1915.3051284348744,1.4003969707906527,EL6
2026-09-09 22:56:00,SnZvS3f5IrA,ヤラララ／Cover - KOMAINU.,2780647,0.95,617.0,649.4736842105264,643.4545880548686,650.1583477363961,643.4545880548686,1.00935434491788,KOMAINU
2026-09-09 22:56:00,T24rF_x0TmQ,[MV] ABM - 'ヤラララ' (YARARARA) feat. 重音テト,54154742,0.95,11602.0,12212.631578947368,11236.518249308145,10144.341568632915,11236.518249308145,1.0868697320630727,ABM
2026-09-09 22:56:00,pRy8kStWlAw,'ヤラララ' (YARARARA) ／Cover -しゆん×ばぁう,1573045,0.95,300.0,315.7894736842105,258.6777514717056,308.787633809099,258.6777514717056,1.2207832791478084,ShiyunBaau
2026-09-09 22:56:00,xJQ6KrmdpD0,【以心伝心】新人歌い手グループが『ヤラララ』を本気で歌ってみたら...【EL6】,1767831,0.95,2588.0,2724.2105263157896,1947.6613443501108,2410.0110044045496,1947.6613443501108,1.3987085250823188,EL6
2026-09-09 23:57:00,SnZvS3f5IrA,ヤラララ／Cover - KOMAINU.,2781227,1.0166666666666666,580.0,570.4918032786885,634.2880532894644,666.5740647987013,634.2880532894644,0.8994206974576868,KOMAINU
2026-09-09 23:57:00,T24rF_x0TmQ,[MV] ABM - 'ヤラララ' (YARARARA) feat. 重音テト,54165883,1.0166666666666666,11141.0,10958.360655737706,11095.004399675585,10644.431548054285,11095.004399675585,0.9876842100268232,ABM
2026-09-09 23:57:00,pRy8kStWlAw,'ヤラララ' (YARARARA) ／Cover -しゆん×ばぁう,1573290,1.0166666666666666,245.0,240.98360655737707,250.0688198719317,326.0810816810016,250.0688198719317,0.9636691478801416,ShiyunBaau
2026-09-09 23:57:00,xJQ6KrmdpD0,【以心伝心】新人歌い手グループが『ヤラララ』を本気で歌ってみたら...【EL6】,1770208,1.0166666666666666,2377.0,2338.032786885246,1902.313690308279,2591.2165084233925,1902.313690308279,1.2290469225957978,EL6
2026-09-10 00:56:00,SnZvS3f5IrA,ヤラララ／Cover - KOMAINU.,2781705,0.9833333333333332,478.0,486.1016949152543,617.9288423975499,648.5885926437377,617.9288423975499,0.7866628996134744,KOMAINU
2026-09-10 00:56:00,T24rF_x0TmQ,[MV] ABM - 'ヤラララ' (YARARARA) feat. 重音テト,54173529,0.9833333333333332,7646.0,7775.593220338984,10823.103538325206,10439.37343667414,10823.103538325206,0.7184254675939467,ABM
2026-09-10 00:56:00,pRy8kStWlAw,'ヤラララ' (YARARARA) ／Cover -しゆん×ばぁう,1573504,0.9833333333333332,214.0,217.62711864406785,243.42964232261247,316.0278129158684,243.42964232261247,0.8940041835811061,ShiyunBaau
2026-09-10 00:56:00,xJQ6KrmdpD0,【以心伝心】新人歌い手グループが『ヤラララ』を本気で歌ってみたら...【EL6】,1771754,0.9833333333333332,1546.0,1572.2033898305085,1841.3460881965816,2533.959849827751,1841.3460881965816,0.8538337251800002,EL6
2026-09-10 01:55:00,SnZvS3f5IrA,ヤラララ／Cover - KOMAINU.,2782109,0.9833333333333332,404.0,410.8474576271187,597.707145761621,618.8709507666604,597.707145761621,0.6873725043116247,KOMAINU
2026-09-10 01:55:00,T24rF_x0TmQ,[MV] ABM - 'ヤラララ' (YARARARA) feat. 重音テト,54182170,0.9833333333333332,8641.0,8787.457627118645,10546.438336544436,10232.883960479703,10546.438336544436,0.83321566454044,ABM
2026-09-10 01:55:00,pRy8kStWlAw,'ヤラララ' (YARARARA) ／Cover -しゆん×ばぁう,1573657,0.9833333333333332,153.0,155.59322033898306,234.4112349101341,295.97348884375776,234.4112349101341,0.6637617876917572,ShiyunBaau
2026-09-10 01:55:00,xJQ6KrmdpD0,【以心伝心】新人歌い手グループが『ヤラララ』を本気で歌ってみたら...【EL6】,1772790,0.9833333333333332,1036.0,1053.5593220338983,1761.132839533625,2348.9097838535195,1761.132839533625,0.5982281962971612,EL6
2026-09-10 02:54:00,SnZvS3f5IrA,ヤラララ／Cover - KOMAINU.,2783026,0.9833333333333332,917.0,932.542372881356,611.1005548464103,660.0637473768298,611.1005548464103,1.526004788386642,KOMAINU
2026-09-10 02:54:00,T24rF_x0TmQ,[MV] ABM - 'ヤラララ' (YARARARA) feat. 重音テト,54197327,0.9833333333333332,15157.0,15413.898305084747,10741.136735286049,10959.746248615296,10741.136735286049,1.4350341760800849,ABM
2026-09-10 02:54:00,pRy8kStWlAw,'ヤラララ' (YARARARA) ／Cover -しゆん×ばぁう,1573956,0.9833333333333332,299.0,304.0677966101695,237.19749737813552,296.48196342002893,237.19749737813552,1.2819182325749023,ShiyunBaau
2026-09-10 02:54:00,xJQ6KrmdpD0,【以心伝心】新人歌い手グループが『ヤラララ』を本気で歌ってみたら...【EL6】,1775984,0.9833333333333332,3194.0,3248.135593220339,1820.6129496810927,2456.3017330060616,1820.6129496810927,1.7840890309987616,EL6
2026-09-10 03:55:00,SnZvS3f5IrA,ヤラララ／Cover - KOMAINU.,2783336,1.0166666666666666,310.0,304.91803278688525,593.5772761578858,581.2500065285469,593.5772761578858,0.5136955962340108,KOMAINU
2026-09-10 03:55:00,T24rF_x0TmQ,[MV] ABM - 'ヤラララ' (YARARARA) feat. 重音テト,54203968,1.0166666666666666,6641.0,6532.131147540984,10554.14198118769,10334.876433538348,10554.14198118769,0.6189163609115957,ABM
2026-09-10 03:55:00,pRy8kStWlAw,'ヤラララ' (YARARARA) ／Cover -しゆん×ばぁう,1574151,1.0166666666666666,195.0,191.8032786885246,235.34962852567648,253.7842135033332,235.34962852567648,0.8149716653051738,ShiyunBaau
2026-09-10 03:55:00,xJQ6KrmdpD0,【以心伝心】新人歌い手グループが『ヤラララ』を本気で歌ってみたら...【EL6】,1776819,1.0166666666666666,835.0,821.3114754098361,1789.9454086974868,2062.805799099374,1789.9454086974868,0.4588472203783526,EL6
2026-09-10 04:54:00,SnZvS3f5IrA,ヤラララ／Cover - KOMAINU.,2784265,0.9833333333333332,929.0,944.7457627118644,620.0909161901698,626.6869760514617,620.0909161901698,1.5235600748941296,KOMAINU
2026-09-10 04:54:00,T24rF_x0TmQ,[MV] ABM - 'ヤラララ' (YARARARA) feat. 重音テト,54219289,0.9833333333333332,15321.0,15580.677966101695,10927.921480784136,10990.601625108768,10927.921480784136,1.4257677448999844,ABM
2026-09-10 04:54:00,pRy8kStWlAw,'ヤラララ' (YARARARA) ／Cover -しゆん×ばぁう,1574500,0.9833333333333332,349.0,354.91525423728814,245.0890958380252,266.4255935950776,245.0890958380252,1.4481070772395563,ShiyunBaau
2026-09-10 04:54:00,xJQ6KrmdpD0,【以心伝心】新人歌い手グループが『ヤラララ』を本気で歌ってみたら...【EL6】,1778666,0.9833333333333332,1847.0,1878.3050847457628,1838.906183515889,2039.743209805173,1838.906183515889,1.0214251828522023,EL6
2026-09-10 05:54:00,SnZvS3f5IrA,ヤラララ／Cover - KOMAINU.,2784625,1.0,360.0,360.0,607.5435477691171,582.3901010514617,607.5435477691171,0.5925501164845054,KOMAINU
2026-09-10 05:54:00,T24rF_x0TmQ,[MV] ABM - 'ヤラララ' (YARARARA) feat. 重音テト,54226734,1.0,7445.0,7445.0,10670.142533415714,10588.218812608768,10670.142533415714,0.69774138224344,ABM
2026-09-10 05:54:00,pRy8kStWlAw,'ヤラララ' (YARARARA) ／Cover -しゆん×ばぁう,1574602,1.0,102.0,102.0,241.25330636434097,235.3474685950776,241.25330636434097,0.4227921330369645,ShiyunBaau
2026-09-10 05:54:00,xJQ6KrmdpD0,【以心伝心】新人歌い手グループが『ヤラララ』を本気で歌ってみたら...【EL6】,1779628,1.0,962.0,962.0,1827.36513088431,1824.719772305173,1827.36513088431,0.5264410400205365,EL6
2026-09-10 06:54:00,SnZvS3f5IrA,ヤラララ／Cover - KOMAINU.,2785130,1.0,505.0,505.0,611.1290487001751,564.3308905251458,611.1290487001751,0.8263393813043195,KOMAINU
2026-09-10 06:54:00,T24rF_x0TmQ,[MV] ABM - 'ヤラララ' (YARARARA) feat. 重音テト,54237968,1.0,11234.0,11234.0,10765.89352880521,10465.889865240344,10765.89352880521,1.0434805034939574,ABM
2026-09-10 06:54:00,pRy8kStWlAw,'ヤラララ' (YARARARA) ／Cover -しゆん×ばぁう,1574752,1.0,150.0,150.0,246.0428155984484,214.6237843845513,246.0428155984484,0.6096499897188866,ShiyunBaau
2026-09-10 06:54:00,xJQ6KrmdpD0,【以心伝心】新人歌い手グループが『ヤラララ』を本気で歌ってみたら...【EL6】,1780522,1.0,894.0,894.0,1872.834440716354,1595.943456515699,1872.834440716354,0.4773513240487223,EL6
2026-09-10 07:54:00,SnZvS3f5IrA,ヤラララ／Cover - KOMAINU.,2785675,1.0,545.0,545.0,605.0040487001751,561.1444151153098,605.0040487001751,0.900820417930936,KOMAINU
2026-09-10 07:54:00,T24rF_x0TmQ,[MV] ABM - 'ヤラララ' (YARARARA) feat. 重音テト,54250281,1.0,12313.0,12313.0,10614.76852880521,10635.219783273133,10614.76852880521,1.1599876122203054,ABM
2026-09-10 07:54:00,pRy8kStWlAw,'ヤラララ' (YARARARA) ／Cover -しゆん×ばぁう,1574881,1.0,129.0,129.0,244.1678155984484,200.6258335648792,244.1678155984484,0.5283251590051893,ShiyunBaau
2026-09-10 07:54:00,xJQ6KrmdpD0,【以心伝心】新人歌い手グループが『ヤラララ』を本気で歌ってみたら...【EL6】,1781417,1.0,895.0,895.0,1868.334440716354,1415.5643581550432,1868.334440716354,0.4790362905566523,EL6
2026-09-10 08:54:00,SnZvS3f5IrA,ヤラララ／Cover - KOMAINU.,2786488,1.0,813.0,813.0,620.1290487001751,602.006703250903,620.1290487001751,1.3110174433919732,KOMAINU
2026-09-10 08:54:00,T24rF_x0TmQ,[MV] ABM - 'ヤラララ' (YARARARA) feat. 重音テト,54270148,1.0,19867.0,19867.0,11018.64352880521,12146.64563073076,11018.64352880521,1.8030350059027864,ABM
2026-09-10 08:54:00,pRy8kStWlAw,'ヤラララ' (YARARARA) ／Cover -しゆん×ばぁう,1575052,1.0,171.0,171.0,245.70948226511507,194.7974437343707,245.70948226511507,0.6959438375092696,ShiyunBaau
2026-09-10 08:54:00,xJQ6KrmdpD0,【以心伝心】新人歌い手グループが『ヤラララ』を本気で歌ってみたら...【EL6】,1782907,1.0,1490.0,1490.0,1887.1677740496875,1405.2889344262296,1887.1677740496875,0.7895429439231033,EL6
2026-09-10 09:58:00,SnZvS3f5IrA,ヤラララ／Cover - KOMAINU.,2786871,1.0666666666666669,383.0,359.0625,602.2384237001751,547.3894707855357,602.2384237001751,0.5962132037240446,KOMAINU
2026-09-10 09:58:00,T24rF_x0TmQ,[MV] ABM - 'ヤラララ' (YARARARA) feat. 重音テト,54276593,1.0666666666666669,6445.0,6042.1875,10709.77634130521,11287.713801948952,10709.77634130521,0.5641749470244897,ABM
2026-09-10 09:58:00,pRy8kStWlAw,'ヤラララ' (YARARARA) ／Cover -しゆん×ばぁう,1575270,1.0666666666666669,218.0,204.375,240.04541976511507,186.15621898940185,240.04541976511507,0.851401373123392,ShiyunBaau
2026-09-10 09:58:00,xJQ6KrmdpD0,【以心伝心】新人歌い手グループが『ヤラララ』を本気で歌ってみたら...【EL6】,1784111,1.0666666666666669,1204.0,1128.75,1825.5662115496875,1152.7666514507998,1825.5662115496875,0.618301320904612,EL6
2026-09-10 10:57:00,SnZvS3f5IrA,ヤラララ／Cover - KOMAINU.,2787115,0.9833333333333332,244.0,248.135593220339,583.4672372594971,539.2776937046006,583.4672372594971,0.4252776803472526,KOMAINU
2026-09-10 10:57:00,T24rF_x0TmQ,[MV] ABM - 'ヤラララ' (YARARARA) feat. 重音テト,54282936,0.9833333333333332,6343.0,6450.508474576272,10466.683120966229,11276.053420096852,10466.683120966229,0.6162896497415692,ABM
2026-09-10 10:57:00,pRy8kStWlAw,'ヤラララ' (YARARARA) ／Cover -しゆん×ばぁう,1575377,0.9833333333333332,107.0,108.81355932203392,232.46067400240324,174.30054479418888,232.46067400240324,0.4680944843208575,ShiyunBaau
2026-09-10 10:57:00,xJQ6KrmdpD0,【以心伝心】新人歌い手グループが『ヤラララ』を本気で歌ってみたら...【EL6】,1785066,0.9833333333333332,955.0,971.1864406779662,1769.2950251090094,1174.1773607748185,1769.2950251090094,0.5489115308048355,EL6
2026-09-10 11:56:00,SnZvS3f5IrA,ヤラララ／Cover - KOMAINU.,2787719,0.9833333333333332,604.0,614.2372881355933,585.8401186154293,492.0621973365618,585.8401186154293,1.0484725586688697,KOMAINU
2026-09-10 11:56:00,T24rF_x0TmQ,[MV] ABM - 'ヤラララ' (YARARARA) feat. 重音テト,54294553,0.9833333333333332,11617.0,11813.898305084746,10495.878036220463,10737.942039951577,10495.878036220463,1.125575036630179,ABM
2026-09-10 11:56:00,pRy8kStWlAw,'ヤラララ' (YARARARA) ／Cover -しゆん×ばぁう,1575572,0.9833333333333332,195.0,198.3050847457627,233.18101298545403,151.92766343825664,233.18101298545403,0.8504340992726243,ShiyunBaau
2026-09-10 11:56:00,xJQ6KrmdpD0,【以心伝心】新人歌い手グループが『ヤラララ』を本気で歌ってみたら...【EL6】,1786781,0.9833333333333332,1715.0,1744.0677966101696,1781.413669176806,1155.0006053268764,1781.413669176806,0.9790358223848736,EL6
2026-09-10 12:56:00,SnZvS3f5IrA,ヤラララ／Cover - KOMAINU.,2788339,1.0,620.0,620.0,592.1734519487626,529.2050544794189,592.1734519487626,1.0469905362350576,KOMAINU
2026-09-10 12:56:00,T24rF_x0TmQ,[MV] ABM - 'ヤラララ' (YARARARA) feat. 重音テト,54306140,1.0,11587.0,11587.0,10576.3363695538,11329.65632566586,10576.3363695538,1.095558953037425,ABM
2026-09-10 12:56:00,pRy8kStWlAw,'ヤラララ' (YARARARA) ／Cover -しゆん×ばぁう,1575867,1.0,295.0,295.0,239.43101298545403,179.49909200968523,239.43101298545403,1.2320876745316276,ShiyunBaau
2026-09-10 12:56:00,xJQ6KrmdpD0,【以心伝心】新人歌い手グループが『ヤラララ』を本気で歌ってみたら...【EL6】,1788947,1.0,2166.0,2166.0,1822.4970025101395,1327.000605326877,1822.4970025101395,1.1884793209628062,EL6
2026-09-10 13:56:00,SnZvS3f5IrA,ヤラララ／Cover - KOMAINU.,2789417,1.0,1078.0,1078.0,610.0901186154293,611.0621973365617,610.0901186154293,1.7669520733206925,KOMAINU
2026-09-10 13:56:00,T24rF_x0TmQ,[MV] ABM - 'ヤラララ' (YARARARA) feat. 重音テト,54327913,1.0,21773.0,21773.0,11032.753036220463,12835.227754237289,11032.753036220463,1.9734874811861889,ABM
2026-09-10 13:56:00,pRy8kStWlAw,'ヤラララ' (YARARARA) ／Cover -しゆん×ばぁう,1576295,1.0,428.0,428.0,247.30601298545403,219.2133777239709,247.30601298545403,1.7306493879110572,ShiyunBaau
2026-09-10 13:56:00,xJQ6KrmdpD0,【以心伝心】新人歌い手グループが『ヤラララ』を本気で歌ってみたら...【EL6】,1792195,1.0,3248.0,3248.0,1888.663669176806,1663.286319612591,1888.663669176806,1.7197344625237987,EL6
2026-09-10 14:55:00,SnZvS3f5IrA,ヤラララ／Cover - KOMAINU.,2789565,0.9833333333333332,148.0,150.5084745762712,589.3274067510225,554.7062651331719,589.3274067510225,0.2553902514156407,KOMAINU
2026-09-10 14:55:00,T24rF_x0TmQ,[MV] ABM - 'ヤラララ' (YARARARA) feat. 重音テト,54331443,0.9833333333333332,3530.0,3589.8305084745766,10763.261510796738,11589.06068401937,10763.261510796738,0.3335262740641934,ABM
2026-09-10 14:55:00,pRy8kStWlAw,'ヤラララ' (YARARARA) ／Cover -しゆん×ばぁう,1576362,0.9833333333333332,67.0,68.13559322033899,241.2466909515557,210.51846246973363,241.2466909515557,0.2824312033113903,ShiyunBaau
2026-09-10 14:55:00,xJQ6KrmdpD0,【以心伝心】新人歌い手グループが『ヤラララ』を本気で歌ってみたら...【EL6】,1792729,0.9833333333333332,534.0,543.0508474576271,1843.070448837823,1613.0078692493948,1843.070448837823,0.2946446500729564,EL6
2026-09-10 15:59:00,SnZvS3f5IrA,ヤラララ／Cover - KOMAINU.,2789831,1.0666666666666669,266.0,249.375,577.0227192510225,474.1884079903148,577.0227192510225,0.4321753575382432,KOMAINU
2026-09-10 15:59:00,T24rF_x0TmQ,[MV] ABM - 'ヤラララ' (YARARARA) feat. 重音テト,54335742,1.0666666666666669,4299.0,4030.3125,10589.394323296738,9326.67675544794,10589.394323296738,0.3805989631657483,ABM
2026-09-10 15:59:00,pRy8kStWlAw,'ヤラララ' (YARARARA) ／Cover -しゆん×ばぁう,1576469,1.0666666666666669,107.0,100.3125,236.5982534515557,200.42024818401936,236.5982534515557,0.4239781931464651,ShiyunBaau
2026-09-10 15:59:00,xJQ6KrmdpD0,【以心伝心】新人歌い手グループが『ヤラララ』を本気で歌ってみたら...【EL6】,1793422,1.0666666666666669,693.0,649.6875,1808.578261337823,1492.963226392252,1808.578261337823,0.3592255385837822,EL6
2026-09-10 16:56:00,SnZvS3f5IrA,ヤラララ／Cover - KOMAINU.,2790378,0.95,547.0,575.7894736842105,577.6367543387418,486.8885412020518,577.6367543387418,0.9968020029185194,KOMAINU
2026-09-10 16:56:00,T24rF_x0TmQ,[MV] ABM - 'ヤラララ' (YARARARA) feat. 重音テト,54345211,0.95,9469.0,9967.368421052632,10613.078533823054,9406.763213648528,10613.078533823054,0.9391590186850504,ABM
2026-09-10 16:56:00,pRy8kStWlAw,'ヤラララ' (YARARARA) ／Cover -しゆん×ばぁう,1576669,0.95,200.0,210.5263157894737,236.3350955568189,201.6835066347012,236.3350955568189,0.8907958223194136,ShiyunBaau
2026-09-10 16:56:00,xJQ6KrmdpD0,【以心伝心】新人歌い手グループが『ヤラララ』を本気で歌ってみたら...【EL6】,1794903,0.95,1481.0,1558.9473684210527,1790.113349057121,1501.211244145852,1790.113349057121,0.8708651713268175,EL6
2026-09-10 17:57:00,SnZvS3f5IrA,ヤラララ／Cover - KOMAINU.,2791017,1.0166666666666666,639.0,628.5245901639345,578.3252789289057,559.4906895085727,578.3252789289057,1.0868011706629892,KOMAINU
2026-09-10 17:57:00,T24rF_x0TmQ,[MV] ABM - 'ヤラララ' (YARARARA) feat. 重音テト,54354567,1.0166666666666666,9356.0,9202.622950819672,10612.729490107207,10280.576097918803,10612.729490107207,0.8671306433842506,ABM
2026-09-10 17:57:00,pRy8kStWlAw,'ヤラララ' (YARARARA) ／Cover -しゆん×ばぁう,1576933,1.0166666666666666,264.0,259.672131147541,235.15476768796643,222.85023212901663,235.15476768796643,1.1042605416876232,ShiyunBaau
2026-09-10 17:57:00,xJQ6KrmdpD0,【以心伝心】新人歌い手グループが『ヤラララ』を本気で歌ってみたら...【EL6】,1796729,1.0166666666666666,1826.0,1796.065573770492,1782.7410812975584,1672.2598694656203,1782.7410812975584,1.0074741602203026,EL6
2026-09-10 18:56:00,SnZvS3f5IrA,ヤラララ／Cover - KOMAINU.,2791771,0.9833333333333332,754.0,766.7796610169491,585.1494314712785,581.2824570630522,585.1494314712785,1.3103997368483913,KOMAINU
2026-09-10 18:56:00,T24rF_x0TmQ,[MV] ABM - 'ヤラララ' (YARARARA) feat. 重音テト,54365119,0.9833333333333332,10552.0,10730.84745762712,10659.889800841667,10125.854548282,10659.889800841667,1.0066565094115558,ABM
2026-09-10 18:56:00,pRy8kStWlAw,'ヤラララ' (YARARARA) ／Cover -しゆん×ばぁう,1577290,0.9833333333333332,357.0,363.0508474576271,237.78188633203425,246.3853410878544,237.78188633203425,1.5268229765435946,ShiyunBaau
2026-09-10 18:56:00,xJQ6KrmdpD0,【以心伝心】新人歌い手グループが『ヤラララ』を本気で歌ってみたら...【EL6】,1799160,0.9833333333333332,2431.0,2472.2033898305085,1786.207889207163,1776.279239925669,1786.207889207163,1.3840513216677348,EL6
2026-09-10 19:56:00,SnZvS3f5IrA,ヤラララ／Cover - KOMAINU.,2792876,1.0,1105.0,1105.0,599.6910981379452,650.5681713487666,599.6910981379452,1.842615312168299,KOMAINU
2026-09-10 19:56:00,T24rF_x0TmQ,[MV] ABM - 'ヤラララ' (YARARARA) feat. 重音テト,54381602,1.0,16483.0,16483.0,10875.51480084167,10825.283119710572,10875.51480084167,1.515606415130285,ABM
2026-09-10 19:56:00,pRy8kStWlAw,'ヤラララ' (YARARARA) ／Cover -しゆん×ばぁう,1577789,1.0,499.0,499.0,241.19855299870088,275.52819823071155,241.19855299870088,2.068834965202663,ShiyunBaau
2026-09-10 19:56:00,xJQ6KrmdpD0,【以心伝心】新人歌い手グループが『ヤラララ』を本気で歌ってみたら...【EL6】,1803168,1.0,4008.0,4008.0,1824.582889207163,2039.422097068525,1824.582889207163,2.196666440153672,EL6
2026-09-10 20:55:00,SnZvS3f5IrA,ヤラララ／Cover - KOMAINU.,2793066,0.9833333333333332,190.0,193.22033898305085,576.0470303413351,593.399692303052,576.0470303413351,0.3354245900175175,KOMAINU
2026-09-10 20:55:00,T24rF_x0TmQ,[MV] ABM - 'ヤラララ' (YARARARA) feat. 重音テト,54385895,0.9833333333333332,4293.0,4365.762711864407,10617.506326265398,10017.8430687298,10617.506326265398,0.4111853176922024,ABM
2026-09-10 20:55:00,pRy8kStWlAw,'ヤラララ' (YARARARA) ／Cover -しゆん×ばぁう,1577937,0.9833333333333332,148.0,150.5084745762712,232.04601062581955,259.9007327739065,232.04601062581955,0.6486147905338057,ShiyunBaau
2026-09-10 20:55:00,xJQ6KrmdpD0,【以心伝心】新人歌い手グループが『ヤラララ』を本気で歌ってみたら...【EL6】,1804335,0.9833333333333332,1167.0,1186.7796610169491,1751.320177342756,1932.8417925620784,1751.320177342756,0.6776485969673613,EL6
2026-09-10 21:58:00,SnZvS3f5IrA,ヤラララ／Cover - KOMAINU.,2793415,1.05,349.0,332.38095238095235,566.3003872229198,550.1528594612997,566.3003872229198,0.5869340016010145,KOMAINU
2026-09-10 21:58:00,T24rF_x0TmQ,[MV] ABM - 'ヤラララ' (YARARARA) feat. 重音テト,54392143,1.05,6248.0,5950.47619047619,10430.82512083383,8675.770033120005,10430.82512083383,0.5704703244033024,ABM
2026-09-10 21:58:00,pRy8kStWlAw,'ヤラララ' (YARARARA) ／Cover -しゆん×ばぁう,1578187,1.05,250.0,238.09523809523807,232.2879797245963,260.16650100945014,232.2879797245963,1.0250002534678158,ShiyunBaau
2026-09-10 21:58:00,xJQ6KrmdpD0,【以心伝心】新人歌い手グループが『ヤラララ』を本気で歌ってみたら...【EL6】,1805879,1.05,1544.0,1470.4761904761904,1740.0864178680931,1877.4513833593128,1740.0864178680931,0.8450592886517544,EL6
2026-09-10 22:56:00,SnZvS3f5IrA,ヤラララ／Cover - KOMAINU.,2794122,0.9666666666666668,707.0,731.3793103448276,563.543346112804,572.8061658217407,563.543346112804,1.297822634921907,KOMAINU
2026-09-10 22:56:00,T24rF_x0TmQ,[MV] ABM - 'ヤラララ' (YARARARA) feat. 重音テト,54404040,0.9666666666666668,11897.0,12307.241379310344,10425.04897171703,9129.703951393796,10425.04897171703,1.180545186185664,ABM
2026-09-10 22:56:00,pRy8kStWlAw,'ヤラララ' (YARARARA) ／Cover -しゆん×ばぁう,1578567,0.9666666666666668,380.0,393.1034482758621,230.57868615444,276.78361941775165,230.57868615444,1.7048559640615013,ShiyunBaau
2026-09-10 22:56:00,xJQ6KrmdpD0,【以心伝心】新人歌い手グループが『ヤラララ』を本気で歌ってみたら...【EL6】,1809002,0.9666666666666668,3123.0,3230.689655172414,1721.93550314829,2046.6061673359509,1721.93550314829,1.8761966689609468,EL6
2026-09-10 23:57:00,SnZvS3f5IrA,ヤラララ／Cover - KOMAINU.,2794893,1.0166666666666666,771.0,758.360655737705,571.371214965263,645.0922155182027,571.371214965263,1.3272643701237383,KOMAINU
2026-09-10 23:57:00,T24rF_x0TmQ,[MV] ABM - 'ヤラララ' (YARARARA) feat. 重音テト,54416743,1.0166666666666666,12703.0,12494.754098360656,10489.065365159651,10219.24354120834,10489.065365159651,1.191217106899064,ABM
2026-09-10 23:57:00,pRy8kStWlAw,'ヤラララ' (YARARARA) ／Cover -しゆん×ばぁう,1578992,1.0166666666666666,425.0,418.0327868852459,237.95573533476784,331.6375609196836,237.95573533476784,1.7567670150800812,ShiyunBaau
2026-09-10 23:57:00,xJQ6KrmdpD0,【以心伝心】新人歌い手グループが『ヤラララ』を本気で歌ってみたら...【EL6】,1812078,1.0166666666666666,3076.0,3025.573770491804,1750.5830441318967,2455.6840343940507,1750.5830441318967,1.7283234752180332,EL6
2026-09-11 00:55:00,SnZvS3f5IrA,ヤラララ／Cover - KOMAINU.,2795655,0.9666666666666668,762.0,788.2758620689655,580.0474008494111,662.9901713370481,580.0474008494111,1.3589852500237536,KOMAINU
2026-09-11 00:55:00,T24rF_x0TmQ,[MV] ABM - 'ヤラララ' (YARARARA) feat. 重音テト,54428604,0.9666666666666668,11861.0,12270.0,10560.302750553268,10475.5880985573,10560.302750553268,1.1618985070628924,ABM
2026-09-11 00:55:00,pRy8kStWlAw,'ヤラララ' (YARARARA) ／Cover -しゆん×ばぁう,1579329,0.9666666666666668,337.0,348.6206896551724,242.382333507584,333.7604520116197,242.382333507584,1.4383089914606513,ShiyunBaau
2026-09-11 00:55:00,xJQ6KrmdpD0,【以心伝心】新人歌い手グループが『ヤラララ』を本気で歌ってみたら...【EL6】,1814637,0.9666666666666668,2559.0,2647.2413793103447,1786.4493775390345,2479.628702508588,1786.4493775390345,1.481845168743105,EL6
2026-09-11 01:55:00,SnZvS3f5IrA,ヤラララ／Cover - KOMAINU.,2796421,1.0,766.0,766.0,598.7598278622044,680.1745975665563,598.7598278622044,1.2793109429784315,KOMAINU
2026-09-11 01:55:00,T24rF_x0TmQ,[MV] ABM - 'ヤラララ' (YARARARA) feat. 重音テト,54442748,1.0,14144.0,14144.0,10899.52157984892,11093.26022970484,10899.52157984892,1.297671635987169,ABM
2026-09-11 01:55:00,pRy8kStWlAw,'ヤラララ' (YARARARA) ／Cover -しゆん×ばぁう,1579708,1.0,379.0,379.0,252.7224166127729,348.67643561817704,252.7224166127729,1.4996691036739829,ShiyunBaau
2026-09-11 01:55:00,xJQ6KrmdpD0,【以心伝心】新人歌い手グループが『ヤラララ』を本気で歌ってみたら...【EL6】,1817622,1.0,2985.0,2985.0,1875.8529886088104,2628.245505787276,1875.8529886088104,1.5912760851338177,EL6
2026-09-11 02:55:00,SnZvS3f5IrA,ヤラララ／Cover - KOMAINU.,2797225,1.0,804.0,804.0,593.4038956588146,684.8271399394376,593.4038956588146,1.3548950485189777,KOMAINU
2026-09-11 02:55:00,T24rF_x0TmQ,[MV] ABM - 'ヤラララ' (YARARARA) feat. 重音テト,54458225,1.0,15477.0,15477.0,10902.150817137051,11686.529297501447,10902.150817137051,1.419628132062873,ABM
2026-09-11 02:55:00,pRy8kStWlAw,'ヤラララ' (YARARARA) ／Cover -しゆん×ばぁう,1580089,1.0,381.0,381.0,255.9279250873492,350.92007968597375,255.9279250873492,1.4887003826173453,ShiyunBaau
2026-09-11 02:55:00,xJQ6KrmdpD0,【以心伝心】新人歌い手グループが『ヤラララ』を本気で歌ってみたら...【EL6】,1820477,1.0,2855.0,2855.0,1859.4723388912964,2676.0950820584626,1859.4723388912964,1.5353818071325993,EL6
2026-09-11 03:57:00,SnZvS3f5IrA,ヤラララ／Cover - KOMAINU.,2797931,1.0333333333333334,706.0,683.2258064516128,609.1667195615115,694.803226712009,609.1667195615115,1.1215744138869082,KOMAINU
2026-09-11 03:57:00,T24rF_x0TmQ,[MV] ABM - 'ヤラララ' (YARARARA) feat. 重音テト,54472606,1.0333333333333334,14381.0,13917.096774193547,11209.857718247578,12365.795491762963,11209.857718247578,1.2415052112159355,ABM
2026-09-11 03:57:00,pRy8kStWlAw,'ヤラララ' (YARARARA) ／Cover -しゆん×ばぁう,1580412,1.0333333333333334,323.0,312.5806451612903,260.96031535704776,352.9189725818298,260.96031535704776,1.1978091179634545,ShiyunBaau
2026-09-11 03:57:00,xJQ6KrmdpD0,【以心伝心】新人歌い手グループが『ヤラララ』を本気で歌ってみたら...【EL6】,1822583,1.0333333333333334,2106.0,2038.064516129032,1910.170382254596,2607.4350730828264,1910.170382254596,1.066954306831771,EL6
2026-09-11 04:54:00,SnZvS3f5IrA,ヤラララ／Cover - KOMAINU.,2798653,0.95,722.0,760.0,601.4689794485172,702.9528233730078,601.4689794485172,1.2635730619006134,KOMAINU
2026-09-11 04:54:00,T24rF_x0TmQ,[MV] ABM - 'ヤラララ' (YARARARA) feat. 重音テト,54485148,0.95,12542.0,13202.105263157897,11110.750522291586,12470.334213187329,11110.750522291586,1.1882280352412204,ABM
2026-09-11 04:54:00,pRy8kStWlAw,'ヤラララ' (YARARARA) ／Cover -しゆん×ばぁう,1580649,0.95,237.0,249.4736842105264,256.56691660593265,339.98831153541687,256.56691660593265,0.9723532851030012,ShiyunBaau
2026-09-11 04:54:00,xJQ6KrmdpD0,【以心伝心】新人歌い手グループが『ヤラララ』を本気で歌ってみたら...【EL6】,1824083,0.95,1500.0,1578.9473684210527,1897.6971440744,2478.874110000105,1897.6971440744,0.8320333796946208,EL6
2026-09-11 05:55:00,SnZvS3f5IrA,ヤラララ／Cover - KOMAINU.,2799005,1.0166666666666666,352.0,346.2295081967213,600.8952089567139,704.683892849979,600.8952089567139,0.5761894969970751,KOMAINU
2026-09-11 05:55:00,T24rF_x0TmQ,[MV] ABM - 'ヤラララ' (YARARARA) feat. 重音テト,54493534,1.0166666666666666,8386.0,8248.524590163935,11144.230713548415,12757.590263148297,11144.230713548415,0.7401609677854145,ABM
2026-09-11 05:55:00,pRy8kStWlAw,'ヤラララ' (YARARARA) ／Cover -しゆん×ばぁう,1580661,1.0166666666666666,12.0,11.80327868852459,252.8087198846212,311.7018166095777,252.8087198846212,0.046688574246614,ShiyunBaau
2026-09-11 05:55:00,xJQ6KrmdpD0,【以心伝心】新人歌い手グループが『ヤラララ』を本気で歌ってみたら...【EL6】,1825074,1.0166666666666666,991.0,974.7540983606558,1898.228564839428,2416.908848485663,1898.228564839428,0.5135072332256843,EL6
2026-09-11 06:54:00,SnZvS3f5IrA,ヤラララ／Cover - KOMAINU.,2799707,0.9833333333333332,702.0,713.8983050847459,609.5993050019116,702.4987671924688,609.5993050019116,1.1710943553036155,KOMAINU
2026-09-11 06:54:00,T24rF_x0TmQ,[MV] ABM - 'ヤラララ' (YARARARA) feat. 重音テト,54510655,0.9833333333333332,17121.0,17411.186440677968,11401.61348191,13395.583395819249,11401.61348191,1.527080923090654,ABM
2026-09-11 06:54:00,pRy8kStWlAw,'ヤラララ' (YARARARA) ／Cover -しゆん×ばぁう,1580823,0.9833333333333332,162.0,164.74576271186442,253.4231266642822,283.157105914078,253.4231266642822,0.650081801453379,ShiyunBaau
2026-09-11 06:54:00,xJQ6KrmdpD0,【以心伝心】新人歌い手グループが『ヤラララ』を本気で歌ってみたら...【EL6】,1825875,0.9833333333333332,801.0,814.5762711864407,1894.9192428055287,2114.8946754874164,1894.9192428055287,0.4298738715537117,EL6
2026-09-11 07:54:00,SnZvS3f5IrA,ヤラララ／Cover - KOMAINU.,2799996,1.0,289.0,289.0,598.932638335245,643.8286852252558,598.932638335245,0.4825250478973495,KOMAINU
2026-09-11 07:54:00,T24rF_x0TmQ,[MV] ABM - 'ヤラララ' (YARARARA) feat. 重音テト,54515162,1.0,4507.0,4507.0,11076.36348191,12397.114133524168,11076.36348191,0.4069025007495345,ABM
2026-09-11 07:54:00,pRy8kStWlAw,'ヤラララ' (YARARARA) ／Cover -しゆん×ばぁう,1581014,1.0,191.0,191.0,256.00645999761554,254.77800755342224,256.00645999761554,0.7460749232725572,ShiyunBaau
2026-09-11 07:54:00,xJQ6KrmdpD0,【以心伝心】新人歌い手グループが『ヤラララ』を本気で歌ってみたら...【EL6】,1826422,1.0,547.0,547.0,1880.4192428055287,1805.0729541759408,1880.4192428055287,0.2908925773296663,EL6
2026-09-11 08:54:00,SnZvS3f5IrA,ヤラララ／Cover - KOMAINU.,2800480,1.0,484.0,484.0,585.2243050019116,605.794202466635,585.2243050019116,0.8270333201530634,KOMAINU
2026-09-11 08:54:00,T24rF_x0TmQ,[MV] ABM - 'ヤラララ' (YARARARA) feat. 重音テト,54524990,1.0,9828.0,9828.0,10658.071815243333,12091.864133524168,10658.071815243333,0.9221180125605694,ABM
2026-09-11 08:54:00,pRy8kStWlAw,'ヤラララ' (YARARARA) ／Cover -しゆん×ばぁう,1581174,1.0,160.0,160.0,255.5481266642822,231.2004213465257,255.5481266642822,0.6261051571322792,ShiyunBaau
2026-09-11 08:54:00,xJQ6KrmdpD0,【以心伝心】新人歌い手グループが『ヤラララ』を本気で歌ってみたら...【EL6】,1827195,1.0,773.0,773.0,1850.5442428055287,1570.7927817621476,1850.5442428055287,0.4177149522391793,EL6
2026-09-11 09:57:00,SnZvS3f5IrA,ヤラララ／Cover - KOMAINU.,2800977,1.05,497.0,473.3333333333333,580.7486661351685,535.6695647237733,580.7486661351685,0.8150398975228392,KOMAINU
2026-09-11 09:57:00,T24rF_x0TmQ,[MV] ABM - 'ヤラララ' (YARARARA) feat. 重音テト,54537580,1.05,12590.0,11990.47619047619,10711.367990252646,11300.627036952792,10711.367990252646,1.1194159514814106,ABM
2026-09-11 09:57:00,pRy8kStWlAw,'ヤラララ' (YARARARA) ／Cover -しゆん×ばぁう,1581405,1.05,231.0,220.0,254.1262015977109,187.0861958246008,254.1262015977109,0.8657115976898216,ShiyunBaau
2026-09-11 09:57:00,xJQ6KrmdpD0,【以心伝心】新人歌い手グループが『ヤラララ』を本気で歌ってみたら...【EL6】,1828697,1.05,1502.0,1430.4761904761904,1833.741520712356,1165.259777796196,1833.741520712356,0.7800860559237878,EL6
2026-09-11 10:56:00,SnZvS3f5IrA,ヤラララ／Cover - KOMAINU.,2801520,0.9833333333333332,543.0,552.2033898305085,588.4743017283888,537.7362928621153,588.4743017283888,0.9383644930775225,KOMAINU
2026-09-11 10:56:00,T24rF_x0TmQ,[MV] ABM - 'ヤラララ' (YARARARA) feat. 重音テト,54548901,0.9833333333333332,11321.0,11512.881355932204,10930.195744489934,11327.158826825218,10930.195744489934,1.0533097142140395,ABM
2026-09-11 10:56:00,pRy8kStWlAw,'ヤラララ' (YARARARA) ／Cover -しゆん×ばぁう,1581578,0.9833333333333332,173.0,175.9322033898305,252.9884897333041,185.6919467702545,252.9884897333041,0.6954158411526747,ShiyunBaau
2026-09-11 10:56:00,xJQ6KrmdpD0,【以心伝心】新人歌い手グループが『ヤラララ』を本気で歌ってみたら...【EL6】,1830092,0.9833333333333332,1395.0,1418.6440677966102,1845.33728342422,1196.9328140462478,1845.33728342422,0.7687722350486329,EL6
2026-09-11 11:56:00,SnZvS3f5IrA,ヤラララ／Cover - KOMAINU.,2802086,1.0,566.0,566.0,600.6451942439079,489.23779092075847,600.6451942439079,0.9423200342299928,KOMAINU
2026-09-11 11:56:00,T24rF_x0TmQ,[MV] ABM - 'ヤラララ' (YARARARA) feat. 重音テト,54560566,1.0,11665.0,11665.0,11110.64528469114,10737.58122532147,11110.64528469114,1.0498940161533803,ABM
2026-09-11 11:56:00,pRy8kStWlAw,'ヤラララ' (YARARARA) ／Cover -しゆん×ばぁう,1581769,1.0,191.0,191.0,258.69139996936696,159.21160639860278,258.69139996936696,0.7383314637541771,ShiyunBaau
2026-09-11 11:56:00,xJQ6KrmdpD0,【以心伝心】新人歌い手グループが『ヤラララ』を本気で歌ってみたら...【EL6】,1831847,1.0,1755.0,1755.0,1882.21574367989,1101.9215182599853,1882.21574367989,0.9324117099184536,EL6
2026-09-11 12:55:00,SnZvS3f5IrA,ヤラララ／Cover - KOMAINU.,2802674,0.9833333333333332,588.0,597.9661016949153,600.538030541948,525.2001614205004,600.538030541948,0.9957172923008528,KOMAINU
2026-09-11 12:55:00,T24rF_x0TmQ,[MV] ABM - 'ヤラララ' (YARARARA) feat. 重音テト,54572439,0.9833333333333332,11873.0,12074.237288135591,11149.188964828916,11284.111610745997,11149.188964828916,1.082970010305218,ABM
2026-09-11 12:55:00,pRy8kStWlAw,'ヤラララ' (YARARARA) ／Cover -しゆん×ばぁう,1582066,0.9833333333333332,297.0,302.0338983050848,260.42509990279564,200.6731234866828,260.42509990279564,1.1597726118481655,ShiyunBaau
2026-09-11 12:55:00,xJQ6KrmdpD0,【以心伝心】新人歌い手グループが『ヤラララ』を本気で歌ってみたら...【EL6】,1833884,0.9833333333333332,2037.0,2071.5254237288136,1889.788130881847,1258.603136169722,1889.788130881847,1.0961680782502117,EL6
2026-09-11 13:55:00,SnZvS3f5IrA,ヤラララ／Cover - KOMAINU.,2803244,1.0,570.0,570.0,598.538030541948,504.64326069410816,598.538030541948,0.9523204389934784,KOMAINU
2026-09-11 13:55:00,T24rF_x0TmQ,[MV] ABM - 'ヤラララ' (YARARARA) feat. 重音テト,54583075,1.0,10636.0,10636.0,11111.148964828915,10316.227833506284,11111.148964828915,0.9572367388527552,ABM
2026-09-11 13:55:00,pRy8kStWlAw,'ヤラララ' (YARARARA) ／Cover -しゆん×ばぁう,1582326,1.0,260.0,260.0,259.02509990279566,214.2808716707022,259.02509990279566,1.0037637282933978,ShiyunBaau
2026-09-11 13:55:00,xJQ6KrmdpD0,【以心伝心】新人歌い手グループが『ヤラララ』を本気で歌ってみたら...【EL6】,1835517,1.0,1633.0,1633.0,1868.4681308818472,1375.5208117145162,1868.4681308818472,0.8739779785429281,EL6
2026-09-11 14:55:00,SnZvS3f5IrA,ヤラララ／Cover - KOMAINU.,2803792,1.0,548.0,548.0,595.1225953738514,541.6432606941082,595.1225953738514,0.920818675445772,KOMAINU
2026-09-11 14:55:00,T24rF_x0TmQ,[MV] ABM - 'ヤラララ' (YARARARA) feat. 重音テト,54593265,1.0,10190.0,10190.0,10941.91223384368,11128.084976363429,10941.91223384368,0.9312814599702242,ABM
2026-09-11 14:55:00,pRy8kStWlAw,'ヤラララ' (YARARARA) ／Cover -しゆん×ばぁう,1582485,1.0,159.0,159.0,255.7704960145647,209.7094430992736,255.7704960145647,0.6216510601400477,ShiyunBaau
2026-09-11 14:55:00,xJQ6KrmdpD0,【以心伝心】新人歌い手グループが『ヤラララ』を本気で歌ってみたら...【EL6】,1836999,1.0,1482.0,1482.0,1850.1105176911897,1509.0922402859449,1850.1105176911897,0.801033227922748,EL6
2026-09-11 15:58:00,SnZvS3f5IrA,ヤラララ／Cover - KOMAINU.,2804181,1.05,389.0,370.4761904761905,586.136739177945,525.4255736192782,586.136739177945,0.6320644411332793,KOMAINU
2026-09-11 15:58:00,T24rF_x0TmQ,[MV] ABM - 'ヤラララ' (YARARARA) feat. 重音テト,54600090,1.05,6825.0,6500.0,10764.235744489932,10652.656404934854,10764.235744489932,0.6038515092283502,ABM
2026-09-11 15:58:00,pRy8kStWlAw,'ヤラララ' (YARARARA) ／Cover -しゆん×ばぁう,1582734,1.05,249.0,237.1428571428572,255.0253904596964,220.7298512625389,255.0253904596964,0.9298794003036128,ShiyunBaau
2026-09-11 15:58:00,xJQ6KrmdpD0,【以心伝心】新人歌い手グループが『ヤラララ』を本気で歌ってみたら...【EL6】,1838266,1.05,1267.0,1206.6666666666663,1824.3727636502088,1571.0446212383256,1824.3727636502088,0.6614145369350753,EL6
2026-09-11 16:56:00,SnZvS3f5IrA,ヤラララ／Cover - KOMAINU.,2804949,0.9666666666666668,768.0,794.4827586206897,609.280698516046,559.0577217444547,609.280698516046,1.303968368858096,KOMAINU
2026-09-11 16:56:00,T24rF_x0TmQ,[MV] ABM - 'ヤラララ' (YARARARA) feat. 重音テト,54614830,0.9666666666666668,14740.0,15248.275862068966,11264.853689719364,11227.10883707662,11264.853689719364,1.3536150829890483,ABM
2026-09-11 16:56:00,pRy8kStWlAw,'ヤラララ' (YARARARA) ／Cover -しゆん×ばぁう,1583034,0.9666666666666668,300.0,310.3448275862069,265.6308655537143,231.9317233029974,265.6308655537143,1.1683311987832636,ShiyunBaau
2026-09-11 16:56:00,xJQ6KrmdpD0,【以心伝心】新人歌い手グループが『ヤラララ』を本気で歌ってみたら...【EL6】,1840454,0.9666666666666668,2188.0,2263.448275862069,1902.6721874456764,1657.5950780662936,1902.6721874456764,1.1896154738566562,EL6
2026-09-11 17:56:00,SnZvS3f5IrA,ヤラララ／Cover - KOMAINU.,2805204,1.0,255.0,255.0,595.1094705754041,528.8464358273993,595.1094705754041,0.4284925927215435,KOMAINU
2026-09-11 17:56:00,T24rF_x0TmQ,[MV] ABM - 'ヤラララ' (YARARARA) feat. 重音テト,54618876,1.0,4046.0,4046.0,10976.099542130589,10051.359021457794,10976.099542130589,0.3686191059465031,ABM
2026-09-11 17:56:00,pRy8kStWlAw,'ヤラララ' (YARARARA) ／Cover -しゆん×ばぁう,1583127,1.0,93.0,93.0,258.72563093156566,221.788797576307,258.72563093156566,0.3594541432371615,ShiyunBaau
2026-09-11 17:56:00,xJQ6KrmdpD0,【以心伝心】新人歌い手グループが『ヤラララ』を本気で歌ってみたら...【EL6】,1841307,1.0,853.0,853.0,1860.6852999478488,1609.234338036793,1860.6852999478488,0.4584332450113447,EL6
2026-09-11 18:56:00,SnZvS3f5IrA,ヤラララ／Cover - KOMAINU.,2806167,1.0,963.0,963.0,601.8930213835091,585.560721541685,601.8930213835091,1.5999520941220613,KOMAINU
2026-09-11 18:56:00,T24rF_x0TmQ,[MV] ABM - 'ヤラララ' (YARARARA) feat. 重音テト,54635190,1.0,16314.0,16314.0,11282.62575603408,10715.501878600651,11282.62575603408,1.4459400101324005,ABM
2026-09-11 18:56:00,pRy8kStWlAw,'ヤラララ' (YARARARA) ／Cover -しゆん×ばぁう,1583568,1.0,441.0,441.0,261.934074778499,257.5030832905927,261.934074778499,1.6836297468090995,ShiyunBaau
2026-09-11 18:56:00,xJQ6KrmdpD0,【以心伝心】新人歌い手グループが『ヤラララ』を本気で歌ってみたら...【EL6】,1844712,1.0,3405.0,3405.0,1902.2443139623008,1844.9486237510785,1902.2443139623008,1.7899908939180986,EL6
2026-09-11 19:55:00,SnZvS3f5IrA,ヤラララ／Cover - KOMAINU.,2806611,0.9833333333333332,444.0,451.5254237288136,595.8783174773213,564.6406246893848,595.8783174773213,0.7577476986247252,KOMAINU
2026-09-11 19:55:00,T24rF_x0TmQ,[MV] ABM - 'ヤラララ' (YARARARA) feat. 重音テト,54641490,0.9833333333333332,6300.0,6406.77966101695,11087.591912233394,9905.86507472656,11087.591912233394,0.577833285327546,ABM
2026-09-11 19:55:00,pRy8kStWlAw,'ヤラララ' (YARARARA) ／Cover -しゆん×ばぁう,1583836,0.9833333333333332,268.0,272.542372881356,262.35840670261325,253.29000823006,262.35840670261325,1.0388169996408247,ShiyunBaau
2026-09-11 19:55:00,xJQ6KrmdpD0,【以心伝心】新人歌い手グループが『ヤラララ』を本気で歌ってみたら...【EL6】,1846128,0.9833333333333332,1416.0,1440.0,1883.7545414038093,1754.7307060755336,1883.7545414038093,0.7644308047304745,EL6
2026-09-11 20:54:00,SnZvS3f5IrA,ヤラララ／Cover - KOMAINU.,2807010,0.9833333333333332,399.0,405.7627118644068,567.9088259518975,544.7808855862626,567.9088259518975,0.7144856591800448,KOMAINU
2026-09-11 20:54:00,T24rF_x0TmQ,[MV] ABM - 'ヤラララ' (YARARARA) feat. 重音テト,54647669,0.9833333333333332,6179.0,6283.728813559323,10679.621064775769,9453.098042080655,10679.621064775769,0.5883849975056449,ABM
2026-09-11 20:54:00,pRy8kStWlAw,'ヤラララ' (YARARARA) ／Cover -しゆん×ばぁう,1584058,0.9833333333333332,222.0,225.7627118644068,251.4289151771895,249.84909618435336,251.4289151771895,0.8979186491152181,ShiyunBaau
2026-09-11 20:54:00,xJQ6KrmdpD0,【以心伝心】新人歌い手グループが『ヤラララ』を本気で歌ってみたら...【EL6】,1847908,0.9833333333333332,1780.0,1810.169491525424,1795.841321064826,1761.66055425677,1795.841321064826,1.0079785281096565,EL6
2026-09-11 21:57:00,SnZvS3f5IrA,ヤラララ／Cover - KOMAINU.,2807692,1.05,682.0,649.5238095238095,586.1609647735279,555.6815563162728,586.1609647735279,1.108098028627278,KOMAINU
2026-09-11 21:57:00,T24rF_x0TmQ,[MV] ABM - 'ヤラララ' (YARARARA) feat. 重音テト,54659269,1.05,11600.0,11047.619047619048,10946.895318205952,9406.629054894898,10946.895318205952,1.009201122919809,ABM
2026-09-11 21:57:00,pRy8kStWlAw,'ヤラララ' (YARARARA) ／Cover -しゆん×ばぁう,1584484,1.05,426.0,405.7142857142857,261.6371476227101,283.6438650270161,261.6371476227101,1.5506753891818907,ShiyunBaau
2026-09-11 21:57:00,xJQ6KrmdpD0,【以心伝心】新人歌い手グループが『ヤラララ』を本気で歌ってみたら...【EL6】,1850659,1.05,2751.0,2620.0,1853.170134624148,1942.612062007737,1853.170134624148,1.413793558966121,EL6
2026-09-11 22:56:00,SnZvS3f5IrA,ヤラララ／Cover - KOMAINU.,2808460,0.9833333333333332,768.0,781.0169491525425,598.8033669068733,583.8484804208066,598.8033669068733,1.3042961885583506,KOMAINU
2026-09-11 22:56:00,T24rF_x0TmQ,[MV] ABM - 'ヤラララ' (YARARARA) feat. 重音テト,54672070,0.9833333333333332,12801.0,13017.966101694916,11184.692978627383,9858.0461857449,11184.692978627383,1.1639091145881877,ABM
2026-09-11 22:56:00,pRy8kStWlAw,'ヤラララ' (YARARARA) ／Cover -しゆん×ばぁう,1584865,0.9833333333333332,381.0,387.4576271186441,262.3828179714707,296.6205852884696,262.3828179714707,1.476688260741117,ShiyunBaau
2026-09-11 22:56:00,xJQ6KrmdpD0,【以心伝心】新人歌い手グループが『ヤラララ』を本気で歌ってみたら...【EL6】,1853758,0.9833333333333332,3099.0,3151.5254237288136,1865.81720598683,2093.726232222872,1865.81720598683,1.6890858405724547,EL6
2026-09-11 23:57:00,SnZvS3f5IrA,ヤラララ／Cover - KOMAINU.,2809162,1.0166666666666666,702.0,690.4918032786886,595.9754980544143,599.4743853640373,595.9754980544143,1.1585909245142234,KOMAINU
2026-09-11 23:57:00,T24rF_x0TmQ,[MV] ABM - 'ヤラララ' (YARARARA) feat. 重音テト,54684694,1.0166666666666666,12624.0,12417.04918032787,11181.455273709347,9933.3061148883,11181.455273709347,1.1105038544959116,ABM
2026-09-11 23:57:00,pRy8kStWlAw,'ヤラララ' (YARARARA) ／Cover -しゆん×ばぁう,1585240,1.0166666666666666,375.0,368.8524590163935,260.3336376436018,313.4756366564408,260.3336376436018,1.416845177423267,ShiyunBaau
2026-09-11 23:57:00,xJQ6KrmdpD0,【以心伝心】新人歌い手グループが『ヤラララ』を本気で歌ってみたら...【EL6】,1856577,1.0166666666666666,2819.0,2772.786885245902,1855.284419101584,2293.211685785734,1855.284419101584,1.4945346690232089,EL6
2026-09-12 00:55:00,SnZvS3f5IrA,ヤラララ／Cover - KOMAINU.,2809855,0.9666666666666668,693.0,716.8965517241379,593.0013601233799,614.1521561590498,593.0013601233799,1.2089290175910905,KOMAINU
2026-09-12 00:55:00,T24rF_x0TmQ,[MV] ABM - 'ヤラララ' (YARARARA) feat. 重音テト,54695649,0.9666666666666668,10955.0,11332.758620689656,11142.40354957142,10108.23767811347,11142.40354957142,1.0170838428415705,ABM
2026-09-12 00:55:00,pRy8kStWlAw,'ヤラララ' (YARARARA) ／Cover -しゆん×ばぁう,1585549,0.9666666666666668,309.0,319.6551724137931,259.1267410918777,314.2480786261099,259.1267410918777,1.233586202129768,ShiyunBaau
2026-09-12 00:55:00,xJQ6KrmdpD0,【以心伝心】新人歌い手グループが『ヤラララ』を本気で歌ってみたら...【EL6】,1858890,0.9666666666666668,2313.0,2392.758620689656,1844.6809708257224,2305.6550526487244,1844.6809708257224,1.2971124321939531,EL6
2026-09-12 01:54:00,SnZvS3f5IrA,ヤラララ／Cover - KOMAINU.,2810646,0.9833333333333332,791.0,804.406779661017,601.4575769048854,682.8280036166769,601.4575769048854,1.3374289568360131,KOMAINU
2026-09-12 01:54:00,T24rF_x0TmQ,[MV] ABM - 'ヤラララ' (YARARARA) feat. 重音テト,54711556,0.9833333333333332,15907.0,16176.610169491529,11343.771814368223,11624.56394929991,11343.771814368223,1.426034517813726,ABM
2026-09-12 01:54:00,pRy8kStWlAw,'ヤラララ' (YARARARA) ／Cover -しゆん×ばぁう,1585935,0.9833333333333332,386.0,392.542372881356,264.4633663634568,351.69087523627934,264.4633663634568,1.484297724403454,ShiyunBaau
2026-09-12 01:54:00,xJQ6KrmdpD0,【以心伝心】新人歌い手グループが『ヤラララ』を本気で歌ってみたら...【EL6】,1861626,0.9833333333333332,2736.0,2782.3728813559323,1882.1886472469305,2546.826662818216,1882.1886472469305,1.4782646178562908,EL6
2026-09-12 02:54:00,SnZvS3f5IrA,ヤラララ／Cover - KOMAINU.,2811488,1.0,842.0,842.0,604.4975769048854,667.7030036166769,604.4975769048854,1.3928922665185215,KOMAINU
2026-09-12 02:54:00,T24rF_x0TmQ,[MV] ABM - 'ヤラララ' (YARARARA) feat. 重音テト,54725803,1.0,14247.0,14247.0,11347.891814368222,11366.18894929991,11347.891814368222,1.255475486817829,ABM
2026-09-12 02:54:00,pRy8kStWlAw,'ヤラララ' (YARARARA) ／Cover -しゆん×ばぁう,1586274,1.0,339.0,339.0,262.8633663634568,338.94087523627934,262.8633663634568,1.2896433789532709,ShiyunBaau
2026-09-12 02:54:00,xJQ6KrmdpD0,【以心伝心】新人歌い手グループが『ヤラララ』を本気で歌ってみたら...【EL6】,1863777,1.0,2151.0,2151.0,1848.8286472469304,2390.076662818216,1848.8286472469304,1.163439350208593,EL6
2026-09-12 03:55:00,SnZvS3f5IrA,ヤラララ／Cover - KOMAINU.,2812141,1.0166666666666666,653.0,642.2950819672132,598.0293801835738,732.375853615344,598.0293801835738,1.0740192760597336,KOMAINU
2026-09-12 03:55:00,T24rF_x0TmQ,[MV] ABM - 'ヤラララ' (YARARARA) feat. 重音テト,54738982,1.0166666666666666,13179.0,12962.950819672133,11247.329847155108,13028.85056278502,11247.329847155108,1.1525358459146615,ABM
2026-09-12 03:55:00,pRy8kStWlAw,'ヤラララ' (YARARARA) ／Cover -しゆん×ばぁう,1586567,1.0166666666666666,293.0,288.1967213114754,259.1512352159158,357.3455197794211,259.1512352159158,1.1120792886491933,ShiyunBaau
2026-09-12 03:55:00,xJQ6KrmdpD0,【以心伝心】新人歌い手グループが『ヤラララ』を本気で歌ってみたら...【EL6】,1865921,1.0166666666666666,2144.0,2108.8524590163934,1818.982745607586,2568.470895719528,1818.982745607586,1.1593581435056348,EL6
2026-09-12 04:54:00,SnZvS3f5IrA,ヤラララ／Cover - KOMAINU.,2813057,0.9833333333333332,916.0,931.5254237288136,601.6264217444394,757.2695498795277,601.6264217444394,1.5483452688594013,KOMAINU
2026-09-12 04:54:00,T24rF_x0TmQ,[MV] ABM - 'ヤラララ' (YARARARA) feat. 重音テト,54755547,0.9833333333333332,16565.0,16845.76271186441,11287.908618891275,13505.964581419945,11287.908618891275,1.4923723499738109,ABM
2026-09-12 04:54:00,pRy8kStWlAw,'ヤラララ' (YARARARA) ／Cover -しゆん×ばぁう,1586784,0.9833333333333332,217.0,220.6779661016949,255.72518821365725,340.26207556970536,255.72518821365725,0.8629496673488396,ShiyunBaau
2026-09-12 04:54:00,xJQ6KrmdpD0,【以心伝心】新人歌い手グループが『ヤラララ』を本気で歌ってみたら...【EL6】,1867898,0.9833333333333332,1977.0,2010.5084745762715,1827.8360512589927,2498.725593076621,1827.8360512589927,1.0999391729862509,EL6
2026-09-12 05:55:00,SnZvS3f5IrA,ヤラララ／Cover - KOMAINU.,2813483,1.0166666666666666,426.0,419.016393442623,604.6592086296854,728.4561228693794,604.6592086296854,0.6929794295074457,KOMAINU
2026-09-12 05:55:00,T24rF_x0TmQ,[MV] ABM - 'ヤラララ' (YARARARA) feat. 重音テト,54766207,1.0166666666666666,10660.0,10485.245901639344,11381.105340202754,13435.667938172484,11381.105340202754,0.9212853750330502,ABM
2026-09-12 05:55:00,pRy8kStWlAw,'ヤラララ' (YARARARA) ／Cover -しゆん×ばぁう,1586957,1.0166666666666666,173.0,170.16393442622953,262.3235488693949,310.8182816586983,262.3235488693949,0.6486795987612625,ShiyunBaau
2026-09-12 05:55:00,xJQ6KrmdpD0,【以心伝心】新人歌い手グループが『ヤラララ』を本気で歌ってみたら...【EL6】,1868850,1.0166666666666666,952.0,936.3934426229508,1826.2376906032555,2288.2747734044897,1826.2376906032555,0.5127445608209055,EL6
2026-09-12 06:55:00,SnZvS3f5IrA,ヤラララ／Cover - KOMAINU.,2814066,1.0,583.0,583.0,599.2051125844877,703.7040042253116,599.2051125844877,0.9729556503371743,KOMAINU
2026-09-12 06:55:00,T24rF_x0TmQ,[MV] ABM - 'ヤラララ' (YARARARA) feat. 重音テト,54777069,1.0,10862.0,10862.0,11108.222571841172,13166.172175460615,11108.222571841172,0.9778342061253494,ABM
2026-09-12 06:55:00,pRy8kStWlAw,'ヤラララ' (YARARARA) ／Cover -しゆん×ばぁう,1587116,1.0,159.0,159.0,262.0841420897339,282.2610782688678,262.0841420897339,0.6066753933763785,ShiyunBaau
2026-09-12 06:55:00,xJQ6KrmdpD0,【以心伝心】新人歌い手グループが『ヤラララ』を本気で歌ってみたら...【EL6】,1869846,1.0,996.0,996.0,1833.7970126371536,2018.834095438388,1833.7970126371536,0.5431353596588472,EL6
2026-09-12 07:54:00,SnZvS3f5IrA,ヤラララ／Cover - KOMAINU.,2814589,0.9833333333333332,523.0,531.8644067796611,609.3244628669735,683.8755796629332,609.3244628669735,0.8728755190250366,KOMAINU
2026-09-12 07:54:00,T24rF_x0TmQ,[MV] ABM - 'ヤラララ' (YARARARA) feat. 重音テト,54788658,0.9833333333333332,11589.0,11785.42372881356,11411.490227208404,13087.218994021328,11411.490227208404,1.032768156845421,ABM
2026-09-12 07:54:00,pRy8kStWlAw,'ヤラララ' (YARARARA) ／Cover -しゆん×ばぁう,1587260,0.9833333333333332,144.0,146.4406779661017,260.22750367165486,254.4596056375813,260.22750367165486,0.5627409704966273,ShiyunBaau
2026-09-12 07:54:00,xJQ6KrmdpD0,【以心伝心】新人歌い手グループが『ヤラララ』を本気で歌ってみたら...【EL6】,1870596,0.9833333333333332,750.0,762.7118644067797,1842.7850069874364,1767.5747178334975,1842.7850069874364,0.4138908562391943,EL6
2026-09-12 08:54:00,SnZvS3f5IrA,ヤラララ／Cover - KOMAINU.,2815217,1.0,628.0,628.0,615.3244628669735,653.9573294169015,615.3244628669735,1.0205997614233755,KOMAINU
2026-09-12 08:54:00,T24rF_x0TmQ,[MV] ABM - 'ヤラララ' (YARARARA) feat. 重音テト,54802952,1.0,14294.0,14294.0,11597.573560541738,13068.911880284208,11597.573560541738,1.232499188333004,ABM
2026-09-12 08:54:00,pRy8kStWlAw,'ヤラララ' (YARARARA) ／Cover -しゆん×ばぁう,1587433,1.0,173.0,173.0,260.76917033832154,213.7827571150717,260.76917033832154,0.6634219826505949,ShiyunBaau
2026-09-12 08:54:00,xJQ6KrmdpD0,【以心伝心】新人歌い手グループが『ヤラララ』を本気で歌ってみたら...【EL6】,1871644,1.0,1048.0,1048.0,1854.2433403207697,1430.4951772317706,1854.2433403207697,0.5651901113576087,EL6
2026-09-12 09:57:00,SnZvS3f5IrA,ヤラララ／Cover - KOMAINU.,2815705,1.05,488.0,464.7619047619048,614.9673200098306,600.0661729543165,614.9673200098306,0.7557505734686443,KOMAINU
2026-09-12 09:57:00,T24rF_x0TmQ,[MV] ABM - 'ヤラララ' (YARARARA) feat. 重音テト,54815242,1.05,12290.0,11704.761904761905,11585.668798636974,12705.735009535903,11585.668798636974,1.0102793466820783,ABM
2026-09-12 09:57:00,pRy8kStWlAw,'ヤラララ' (YARARARA) ／Cover -しゆん×ばぁう,1587633,1.05,200.0,190.47619047619048,259.53901160816275,192.5650700402417,259.53901160816275,0.7339019644713782,ShiyunBaau
2026-09-12 09:57:00,xJQ6KrmdpD0,【以心伝心】新人歌い手グループが『ヤラララ』を本気で歌ってみたら...【EL6】,1872824,1.05,1180.0,1123.809523809524,1841.465562542992,1283.7536806331314,1841.465562542992,0.6102799567196829,EL6
2026-09-12 10:54:00,SnZvS3f5IrA,ヤラララ／Cover - KOMAINU.,2816006,0.95,301.0,316.8421052631579,603.0423114199638,564.6631644929216,603.0423114199638,0.5254060938395854,KOMAINU
2026-09-12 10:54:00,T24rF_x0TmQ,[MV] ABM - 'ヤラララ' (YARARARA) feat. 重音テト,54821099,0.95,5857.0,6165.263157894738,11368.852573007283,11888.17602808076,11368.852573007283,0.5422942305130011,ABM
2026-09-12 10:54:00,pRy8kStWlAw,'ヤラララ' (YARARARA) ／Cover -しゆん×ばぁう,1587761,0.95,128.0,134.73684210526315,254.5469248280468,185.3365415483694,254.5469248280468,0.5293202508585851,ShiyunBaau
2026-09-12 10:54:00,xJQ6KrmdpD0,【以心伝心】新人歌い手グループが『ヤラララ』を本気で歌ってみたら...【EL6】,1873975,0.95,1151.0,1211.578947368421,1816.270097936009,1274.7318389750426,1816.270097936009,0.6670698090252365,EL6
2026-09-12 11:55:00,SnZvS3f5IrA,ヤラララ／Cover - KOMAINU.,2816588,1.0166666666666666,582.0,572.4590163934427,603.8525364824811,502.2776895201128,603.8525364824811,0.9480112805819948,KOMAINU
2026-09-12 11:55:00,T24rF_x0TmQ,[MV] ABM - 'ヤラララ' (YARARARA) feat. 重音テト,54834927,1.0166666666666666,13828.0,13601.311475409835,11452.38977778639,11271.143738359911,11452.38977778639,1.1876395878344623,ABM
2026-09-12 11:55:00,pRy8kStWlAw,'ヤラララ' (YARARARA) ／Cover -しゆん×ばぁう,1588020,1.0166666666666666,259.0,254.7540983606557,257.6998006268798,175.51024904777722,257.6998006268798,0.9885692489514608,ShiyunBaau
2026-09-12 11:55:00,xJQ6KrmdpD0,【以心伝心】新人歌い手グループが『ヤラララ』を本気で歌ってみたら...【EL6】,1875633,1.0166666666666666,1658.0,1630.8196721311476,1824.7571221093904,1101.3304929055462,1824.7571221093904,0.893718759812783,EL6
2026-09-12 12:54:00,SnZvS3f5IrA,ヤラララ／Cover - KOMAINU.,2817169,0.9833333333333332,581.0,590.8474576271187,604.8464347875658,513.3489105334885,604.8464347875658,0.976855320036128,KOMAINU
2026-09-12 12:54:00,T24rF_x0TmQ,[MV] ABM - 'ヤラララ' (YARARARA) feat. 重音テト,54847041,0.9833333333333332,12114.0,12319.322033898306,11478.562659142324,11402.166025302213,11478.562659142324,1.0732460500258143,ABM
2026-09-12 12:54:00,pRy8kStWlAw,'ヤラララ' (YARARARA) ／Cover -しゆん×ばぁう,1588280,0.9833333333333332,260.0,264.40677966101697,260.6360718133205,186.6223153744322,260.6360718133205,1.0144673291822677,ShiyunBaau
2026-09-12 12:54:00,xJQ6KrmdpD0,【以心伝心】新人歌い手グループが『ヤラララ』を本気で歌ってみたら...【EL6】,1877658,0.9833333333333332,2025.0,2059.322033898305,1836.930003465323,1221.079435529641,1836.930003465323,1.1210672317472332,EL6
2026-09-12 13:54:00,SnZvS3f5IrA,ヤラララ／Cover - KOMAINU.,2817775,1.0,606.0,606.0,605.1677907197693,536.7218613531606,605.1677907197693,1.0013751711392982,KOMAINU
2026-09-12 13:54:00,T24rF_x0TmQ,[MV] ABM - 'ヤラララ' (YARARARA) feat. 重音テト,54860383,1.0,13342.0,13342.0,11529.2731676169,11759.260287597292,11529.2731676169,1.1572281969582123,ABM
2026-09-12 13:54:00,pRy8kStWlAw,'ヤラララ' (YARARARA) ／Cover -しゆん×ばぁう,1588507,1.0,227.0,227.0,257.6347158811171,193.7268235711535,257.6347158811171,0.8810924382750764,ShiyunBaau
2026-09-12 13:54:00,xJQ6KrmdpD0,【以心伝心】新人歌い手グループが『ヤラララ』を本気で歌ってみたら...【EL6】,1879650,1.0,1992.0,1992.0,1833.7489865161704,1353.0302552017722,1833.7489865161704,1.0862991688870576,EL6
2026-09-12 14:54:00,SnZvS3f5IrA,ヤラララ／Cover - KOMAINU.,2818409,1.0,634.0,634.0,607.7277907197692,544.7014977208034,607.7277907197692,1.0432302252446195,KOMAINU
2026-09-12 14:54:00,T24rF_x0TmQ,[MV] ABM - 'ヤラララ' (YARARARA) feat. 重音テト,54874829,1.0,14446.0,14446.0,11681.6731676169,12267.522653137828,11681.6731676169,1.2366379193047592,ABM
2026-09-12 14:54:00,pRy8kStWlAw,'ヤラララ' (YARARARA) ／Cover -しゆん×ばぁう,1588776,1.0,269.0,269.0,257.9947158811171,216.1962729433037,257.9947158811171,1.0426570136574196,ShiyunBaau
2026-09-12 14:54:00,xJQ6KrmdpD0,【以心伝心】新人歌い手グループが『ヤラララ』を本気で歌ってみたら...【EL6】,1881753,1.0,2103.0,2103.0,1852.5489865161703,1595.5043110296283,1852.5489865161703,1.135192653639253,EL6
2026-09-12 15:56:00,SnZvS3f5IrA,ヤラララ／Cover - KOMAINU.,2819095,1.0333333333333334,686.0,663.8709677419354,612.3626294294467,549.825921683937,612.3626294294467,1.0841141112096933,KOMAINU
2026-09-12 15:56:00,T24rF_x0TmQ,[MV] ABM - 'ヤラララ' (YARARARA) feat. 重音テト,54889491,1.0333333333333334,14662.0,14189.032258064515,11841.63445793948,12252.527261432757,11841.63445793948,1.1982325842317465,ABM
2026-09-12 15:56:00,pRy8kStWlAw,'ヤラララ' (YARARARA) ／Cover -しゆん×ばぁう,1589104,1.0333333333333334,328.0,317.41935483870964,264.33149007466545,236.8276093488337,264.33149007466545,1.200838215488622,ShiyunBaau
2026-09-12 15:56:00,xJQ6KrmdpD0,【以心伝心】新人歌い手グループが『ヤラララ』を本気で歌ってみたら...【EL6】,1884257,1.0333333333333334,2504.0,2423.2258064516127,1890.1980187742347,1791.965140522716,1890.1980187742347,1.2819957392734114,EL6
2026-09-12 16:54:00,SnZvS3f5IrA,ヤラララ／Cover - KOMAINU.,2819839,0.9666666666666668,744.0,769.6551724137931,628.3297887069508,577.304578025169,628.3297887069508,1.224922303934814,KOMAINU
2026-09-12 16:54:00,T24rF_x0TmQ,[MV] ABM - 'ヤラララ' (YARARARA) feat. 重音テト,54901295,0.9666666666666668,11804.0,12211.03448275862,12070.075837249826,12247.34066409849,12070.075837249826,1.011678356243113,ABM
2026-09-12 16:54:00,pRy8kStWlAw,'ヤラララ' (YARARARA) ／Cover -しゆん×ばぁう,1589405,0.9666666666666668,301.0,311.3793103448276,267.3009482027443,246.14657197333293,267.3009482027443,1.1649016303101567,ShiyunBaau
2026-09-12 16:54:00,xJQ6KrmdpD0,【以心伝心】新人歌い手グループが『ヤラララ』を本気で歌ってみたら...【EL6】,1886523,0.9666666666666668,2266.0,2344.137931034483,1935.6968693489475,1860.9867393366867,1935.6968693489475,1.211004660984398,EL6
2026-09-12 17:54:00,SnZvS3f5IrA,ヤラララ／Cover - KOMAINU.,2820420,1.0,581.0,581.0,619.7904783621232,631.1189448823271,619.7904783621232,0.9374135619756018,KOMAINU
2026-09-12 17:54:00,T24rF_x0TmQ,[MV] ABM - 'ヤラララ' (YARARARA) feat. 重音テト,54914087,1.0,12792.0,12792.0,11971.824802767069,13271.528607161612,11971.824802767069,1.0685087871519272,ABM
2026-09-12 17:54:00,pRy8kStWlAw,'ヤラララ' (YARARARA) ／Cover -しゆん×ばぁう,1589710,1.0,305.0,305.0,267.087155099296,278.4227918864586,267.087155099296,1.1419493381724366,ShiyunBaau
2026-09-12 17:54:00,xJQ6KrmdpD0,【以心伝心】新人歌い手グループが『ヤラララ』を本気で歌ってみたら...【EL6】,1889010,1.0,2487.0,2487.0,1944.6389383144644,2148.500777645078,1944.6389383144644,1.27890064885548,EL6
2026-09-12 18:54:00,SnZvS3f5IrA,ヤラララ／Cover - KOMAINU.,2821501,1.0,1081.0,1081.0,652.8304783621231,687.3540767720363,652.8304783621231,1.6558663172591224,KOMAINU
2026-09-12 18:54:00,T24rF_x0TmQ,[MV] ABM - 'ヤラララ' (YARARARA) feat. 重音テト,54936606,1.0,22519.0,22519.0,12710.744802767069,14427.46253126641,12710.744802767069,1.7716507057161377,ABM
2026-09-12 18:54:00,pRy8kStWlAw,'ヤラララ' (YARARARA) ／Cover -しゆん×ばぁう,1590282,1.0,572.0,572.0,286.247155099296,315.11994290065127,286.247155099296,1.9982731349821783,ShiyunBaau
2026-09-12 18:54:00,xJQ6KrmdpD0,【以心伝心】新人歌い手グループが『ヤラララ』を本気で歌ってみたら...【EL6】,1893455,1.0,4445.0,4445.0,2088.3189383144645,2435.5631804394434,2088.3189383144645,2.1285062920454445,EL6
2026-09-12 19:54:00,SnZvS3f5IrA,ヤラララ／Cover - KOMAINU.,2822082,1.0,581.0,581.0,637.5504783621232,702.3608771651042,637.5504783621232,0.9113003906649052,KOMAINU
2026-09-12 19:54:00,T24rF_x0TmQ,[MV] ABM - 'ヤラララ' (YARARARA) feat. 重音テト,54944432,1.0,7826.0,7826.0,12371.224802767068,13903.580962974736,12371.224802767068,0.6325970245282069,ABM
2026-09-12 19:54:00,pRy8kStWlAw,'ヤラララ' (YARARARA) ／Cover -しゆん×ばぁう,1590602,1.0,320.0,320.0,281.407155099296,331.68552359764817,281.407155099296,1.1371423725423269,ShiyunBaau
2026-09-12 19:54:00,xJQ6KrmdpD0,【以心伝心】新人歌い手グループが『ヤラララ』を本気で歌ってみたら...【EL6】,1895406,1.0,1951.0,1951.0,2030.1589383144644,2535.051962498014,2030.1589383144644,0.9610085019352298,EL6
2026-09-12 20:54:00,SnZvS3f5IrA,ヤラララ／Cover - KOMAINU.,2822311,1.0,229.0,229.0,637.9364093108275,648.5037343079613,637.9364093108275,0.3589699485053568,KOMAINU
2026-09-12 20:54:00,T24rF_x0TmQ,[MV] ABM - 'ヤラララ' (YARARARA) feat. 重音テト,54949676,1.0,5244.0,5244.0,12576.42131644168,12746.723820117591,12576.42131644168,0.4169707636260801,ABM
2026-09-12 20:54:00,pRy8kStWlAw,'ヤラララ' (YARARARA) ／Cover -しゆん×ばぁう,1590750,1.0,148.0,148.0,278.5364080306932,320.3998093119339,278.5364080306932,0.5313488496760223,ShiyunBaau
2026-09-12 20:54:00,xJQ6KrmdpD0,【以心伝心】新人歌い手グループが『ヤラララ』を本気で歌ってみたら...【EL6】,1896594,1.0,1188.0,1188.0,2028.825165264008,2420.1948196408707,2028.825165264008,0.5855605600423471,EL6
2026-09-12 21:56:00,SnZvS3f5IrA,ヤラララ／Cover - KOMAINU.,2822918,1.0333333333333334,607.0,587.4193548387096,635.9157271319427,641.8493564277769,635.9157271319427,0.9237377372125114,KOMAINU
2026-09-12 21:56:00,T24rF_x0TmQ,[MV] ABM - 'ヤラララ' (YARARARA) feat. 重音テト,54961050,1.0333333333333334,11374.0,11007.096774193547,12513.648334751755,12255.451930716668,12513.648334751755,0.8796073279145656,ABM
2026-09-12 21:56:00,pRy8kStWlAw,'ヤラララ' (YARARARA) ／Cover -しゆん×ばぁう,1591044,1.0333333333333334,294.0,284.51612903225805,278.7755968707558,322.616399173685,278.7755968707558,1.020591946447033,ShiyunBaau
2026-09-12 21:56:00,xJQ6KrmdpD0,【以心伝心】新人歌い手グループが『ヤラララ』を本気で歌ってみたら...【EL6】,1899136,1.0333333333333334,2542.0,2459.9999999999995,2046.072158653448,2471.1948196408707,2046.072158653448,1.2023036380197676,EL6
2026-09-12 22:54:00,SnZvS3f5IrA,ヤラララ／Cover - KOMAINU.,2823746,0.9666666666666668,828.0,856.551724137931,644.1968437165076,668.6871523915462,644.1968437165076,1.3296428451842504,KOMAINU
2026-09-12 22:54:00,T24rF_x0TmQ,[MV] ABM - 'ヤラララ' (YARARARA) feat. 重音テト,54974949,0.9666666666666668,13899.0,14378.275862068966,12646.874607329755,12520.804922135709,12646.874607329755,1.1369034886876903,ABM
2026-09-12 22:54:00,pRy8kStWlAw,'ヤラララ' (YARARARA) ／Cover -しゆん×ばぁう,1591419,0.9666666666666668,375.0,387.9310344827586,278.06426682149475,330.78072858731923,278.06426682149475,1.395112859761278,ShiyunBaau
2026-09-12 22:54:00,xJQ6KrmdpD0,【以心伝心】新人歌い手グループが『ヤラララ』を本気で歌ってみたら...【EL6】,1902294,0.9666666666666668,3158.0,3266.8965517241377,2071.9480207224133,2570.657536151279,2071.9480207224133,1.5767270795650024,EL6
2026-09-12 23:54:00,SnZvS3f5IrA,ヤラララ／Cover - KOMAINU.,2824474,1.0,728.0,728.0,642.076165750406,663.4244398538058,642.076165750406,1.1338218716609318,KOMAINU
2026-09-12 23:54:00,T24rF_x0TmQ,[MV] ABM - 'ヤラララ' (YARARARA) feat. 重音テト,54987581,1.0,12632.0,12632.0,12631.435963261958,12342.624662323216,12631.435963261958,1.000044653413886,ABM
2026-09-12 23:54:00,pRy8kStWlAw,'ヤラララ' (YARARARA) ／Cover -しゆん×ばぁう,1591789,1.0,370.0,370.0,277.365961736749,341.06388050214525,277.365961736749,1.33397767225371,ShiyunBaau
2026-09-12 23:54:00,xJQ6KrmdpD0,【以心伝心】新人歌い手グループが『ヤラララ』を本気で歌ってみたら...【EL6】,1904881,1.0,2587.0,2587.0,2049.3670037732604,2626.4137931034484,2049.3670037732604,1.262341003459536,EL6
2026-09-13 00:54:00,SnZvS3f5IrA,ヤラララ／Cover - KOMAINU.,2825196,1.0,722.0,722.0,643.3364936192584,683.5672969966629,643.3364936192584,1.1222742797291032,KOMAINU
2026-09-13 00:54:00,T24rF_x0TmQ,[MV] ABM - 'ヤラララ' (YARARARA) feat. 重音テト,55002695,1.0,15114.0,15114.0,12739.313996048842,12674.338948037504,12739.313996048842,1.1864061129734047,ABM
2026-09-13 00:54:00,pRy8kStWlAw,'ヤラララ' (YARARARA) ／Cover -しゆん×ばぁう,1592135,1.0,346.0,346.0,276.45186337609323,346.9210233592881,276.45186337609323,1.251574128582709,ShiyunBaau
2026-09-13 00:54:00,xJQ6KrmdpD0,【以心伝心】新人歌い手グループが『ヤラララ』を本気で歌ってみたら...【EL6】,1908034,1.0,3153.0,3153.0,2064.5755283634244,2721.5566502463053,2064.5755283634244,1.5271904353624508,EL6
2026-09-13 01:54:00,SnZvS3f5IrA,ヤラララ／Cover - KOMAINU.,2826052,1.0,856.0,856.0,642.421208712346,651.4244398538058,642.421208712346,1.332459122443585,KOMAINU
2026-09-13 01:54:00,T24rF_x0TmQ,[MV] ABM - 'ヤラララ' (YARARARA) feat. 重音テト,55019005,1.0,16310.0,16310.0,12803.478379626662,11787.338948037504,12803.478379626662,1.2738725771547392,ABM
2026-09-13 01:54:00,pRy8kStWlAw,'ヤラララ' (YARARARA) ／Cover -しゆん×ばぁう,1592519,1.0,384.0,384.0,274.29579329613256,320.06388050214525,274.29579329613256,1.3999485569413368,ShiyunBaau
2026-09-13 01:54:00,xJQ6KrmdpD0,【以心伝心】新人歌い手グループが『ヤラララ』を本気で歌ってみたら...【EL6】,1910677,1.0,2643.0,2643.0,2045.094029460001,2464.128078817734,2045.094029460001,1.2923611149057403,EL6
2026-09-13 02:54:00,SnZvS3f5IrA,ヤラララ／Cover - KOMAINU.,2826831,1.0,779.0,779.0,639.796208712346,679.7101541395201,639.796208712346,1.2175752050294508,KOMAINU
2026-09-13 02:54:00,T24rF_x0TmQ,[MV] ABM - 'ヤラララ' (YARARARA) feat. 重音テト,55034147,1.0,15142.0,15142.0,12840.770046293328,12832.48180518036,12840.770046293328,1.1792127688145115,ABM
2026-09-13 02:54:00,pRy8kStWlAw,'ヤラララ' (YARARARA) ／Cover -しゆん×ばぁう,1592870,1.0,351.0,351.0,274.79579329613256,324.49245193071664,274.79579329613256,1.2773121298175998,ShiyunBaau
2026-09-13 02:54:00,xJQ6KrmdpD0,【以心伝心】新人歌い手グループが『ヤラララ』を本気で歌ってみたら...【EL6】,1913359,1.0,2682.0,2682.0,2067.219029460001,2568.5566502463053,2067.219029460001,1.297395177665616,EL6
2026-09-13 03:54:00,SnZvS3f5IrA,ヤラララ／Cover - KOMAINU.,2827663,1.0,832.0,832.0,647.4843603638521,765.8530112823772,647.4843603638521,1.2849731220263911,KOMAINU
2026-09-13 03:54:00,T24rF_x0TmQ,[MV] ABM - 'ヤラララ' (YARARARA) feat. 重音テト,55050468,1.0,16321.0,16321.0,12979.979244441594,14414.91037660893,12979.979244441594,1.2573980044682374,ABM
2026-09-13 03:54:00,pRy8kStWlAw,'ヤラララ' (YARARARA) ／Cover -しゆん×ばぁう,1593170,1.0,300.0,300.0,275.80396156428725,346.2067376450024,275.80396156428725,1.0877291185321605,ShiyunBaau
2026-09-13 03:54:00,xJQ6KrmdpD0,【以心伝心】新人歌い手グループが『ヤラララ』を本気で歌ってみたら...【EL6】,1915743,1.0,2384.0,2384.0,2079.890268281601,2739.4137931034484,2079.890268281601,1.146214315416579,EL6
2026-09-13 04:54:00,SnZvS3f5IrA,ヤラララ／Cover - KOMAINU.,2828337,1.0,674.0,674.0,636.9703543083449,754.3713848720801,636.9703543083449,1.058134017448683,KOMAINU
2026-09-13 04:54:00,T24rF_x0TmQ,[MV] ABM - 'ヤラララ' (YARARARA) feat. 重音テト,55065689,1.0,15221.0,15221.0,12912.99031581264,14515.671579532816,12912.99031581264,1.1787354925342954,ABM
2026-09-13 04:54:00,pRy8kStWlAw,'ヤラララ' (YARARARA) ／Cover -しゆん×ばぁう,1593402,1.0,232.0,232.0,275.75934798725046,331.9308954393771,275.75934798725046,0.841313274394333,ShiyunBaau
2026-09-13 04:54:00,xJQ6KrmdpD0,【以心伝心】新人歌い手グループが『ヤラララ』を本気で歌ってみたら...【EL6】,1917728,1.0,1985.0,1985.0,2077.620657226973,2645.112068965517,2077.620657226973,0.955419841969325,EL6
2026-09-13 05:56:00,SnZvS3f5IrA,ヤラララ／Cover - KOMAINU.,2828967,1.0333333333333334,630.0,609.6774193548387,644.9145637213538,742.9539170506913,644.9145637213538,0.9453615310481034,KOMAINU
2026-09-13 05:56:00,T24rF_x0TmQ,[MV] ABM - 'ヤラララ' (YARARARA) feat. 重音テト,55081000,1.0333333333333334,15311.0,14817.096774193547,13093.484102169064,15079.58525345622,13093.484102169064,1.131638963210636,ABM
2026-09-13 05:56:00,pRy8kStWlAw,'ヤラララ' (YARARARA) ／Cover -しゆん×ばぁう,1593601,1.0333333333333334,199.0,192.5806451612903,276.6933776012113,310.7972350230415,276.6933776012113,0.6960074246476913,ShiyunBaau
2026-09-13 05:56:00,xJQ6KrmdpD0,【以心伝心】新人歌い手グループが『ヤラララ』を本気で歌ってみたら...【EL6】,1919161,1.0333333333333334,1433.0,1386.7741935483868,2096.386521848867,2402.967741935484,2096.386521848867,0.6615069211212772,EL6
2026-09-13 06:54:00,SnZvS3f5IrA,ヤラララ／Cover - KOMAINU.,2829571,0.9666666666666668,604.0,624.8275862068965,644.1110846207756,728.2150007945337,644.1110846207756,0.970061843563471,KOMAINU
2026-09-13 06:54:00,T24rF_x0TmQ,[MV] ABM - 'ヤラララ' (YARARARA) feat. 重音テト,55093618,0.9666666666666668,12618.0,13053.103448275862,13091.868876013335,15139.7428889242,13091.868876013335,0.9970389691414876,ABM
2026-09-13 06:54:00,pRy8kStWlAw,'ヤラララ' (YARARARA) ／Cover -しゆん×ばぁう,1593762,0.9666666666666668,161.0,166.55172413793105,272.28771146268014,281.73319561417446,272.28771146268014,0.6116755076578573,ShiyunBaau
2026-09-13 06:54:00,xJQ6KrmdpD0,【以心伝心】新人歌い手グループが『ヤラララ』を本気で歌ってみたら...【EL6】,1920216,0.9666666666666668,1055.0,1091.3793103448277,2056.186233388705,2189.3076434133163,2056.186233388705,0.5307784346684279,EL6
2026-09-13 07:54:00,SnZvS3f5IrA,ヤラララ／Cover - KOMAINU.,2830036,1.0,465.0,465.0,643.8713628641553,691.5007150802479,643.8713628641553,0.722193945591126,KOMAINU
2026-09-13 07:54:00,T24rF_x0TmQ,[MV] ABM - 'ヤラララ' (YARARARA) feat. 重音テト,55105352,1.0,11734.0,11734.0,13182.637423813328,14656.885746067055,13182.637423813328,0.8901101974331413,ABM
2026-09-13 07:54:00,pRy8kStWlAw,'ヤラララ' (YARARARA) ／Cover -しゆん×ばぁう,1593892,1.0,130.0,130.0,276.3230045250376,250.87605275703163,276.3230045250376,0.4704639059040802,ShiyunBaau
2026-09-13 07:54:00,xJQ6KrmdpD0,【以心伝心】新人歌い手グループが『ヤラララ』を本気で歌ってみたら...【EL6】,1920975,1.0,759.0,759.0,2100.205998762952,1847.3076434133163,2100.205998762952,0.3613931206972367,EL6
2026-09-13 08:54:00,SnZvS3f5IrA,ヤラララ／Cover - KOMAINU.,2830221,1.0,185.0,185.0,625.413029530822,595.6435722231051,625.413029530822,0.2958045183976819,KOMAINU
2026-09-13 08:54:00,T24rF_x0TmQ,[MV] ABM - 'ヤラララ' (YARARARA) feat. 重音テト,55120343,1.0,14991.0,14991.0,13211.679090479996,14468.457174638486,13211.679090479996,1.1346778783631022,ABM
2026-09-13 08:54:00,pRy8kStWlAw,'ヤラララ' (YARARARA) ／Cover -しゆん×ばぁう,1593927,1.0,35.0,35.0,270.5730045250376,201.0189098998888,270.5730045250376,0.1293551071787032,ShiyunBaau
2026-09-13 08:54:00,xJQ6KrmdpD0,【以心伝心】新人歌い手グループが『ヤラララ』を本気で歌ってみたら...【EL6】,1921750,1.0,775.0,775.0,2088.830998762952,1580.4505005561734,2088.830998762952,0.3710209205335284,EL6
2026-09-13 09:57:00,SnZvS3f5IrA,ヤラララ／Cover - KOMAINU.,2831069,1.05,848.0,807.6190476190476,639.6987438165363,599.7320075972548,639.6987438165363,1.2624990363443176,KOMAINU
2026-09-13 09:57:00,T24rF_x0TmQ,[MV] ABM - 'ヤラララ' (YARARARA) feat. 重音テト,55130162,1.05,9819.0,9351.42857142857,13113.623534924438,13641.23268484257,13113.623534924438,0.7131079023676162,ABM
2026-09-13 09:57:00,pRy8kStWlAw,'ヤラララ' (YARARARA) ／Cover -しゆん×ばぁう,1594203,1.05,276.0,262.85714285714283,273.5888775409106,188.42707316519488,273.5888775409106,0.9607742289078876,ShiyunBaau
2026-09-13 09:57:00,xJQ6KrmdpD0,【以心伝心】新人歌い手グループが『ヤラララ』を本気で歌ってみたら...【EL6】,1922499,1.05,749.0,713.3333333333333,2071.7278241597774,1299.2124053180785,2071.7278241597774,0.3443180735493752,EL6
2026-09-13 10:55:00,SnZvS3f5IrA,ヤラララ／Cover - KOMAINU.,2831391,0.9666666666666668,322.0,333.1034482758621,640.3762997753989,528.4610716366635,640.3762997753989,0.5201682954111394,KOMAINU
2026-09-13 10:55:00,T24rF_x0TmQ,[MV] ABM - 'ヤラララ' (YARARARA) feat. 重音テト,55136485,0.9666666666666668,6323.0,6541.0344827586205,13129.280673460433,12244.094753808084,13129.280673460433,0.4982020451417941,ABM
2026-09-13 10:55:00,pRy8kStWlAw,'ヤラララ' (YARARARA) ／Cover -しゆん×ばぁう,1594301,0.9666666666666668,98.0,101.3793103448276,272.19898038422576,160.05268892874167,272.19898038422576,0.3724455918303749,ShiyunBaau
2026-09-13 10:55:00,xJQ6KrmdpD0,【以心伝心】新人歌い手グループが『ヤラララ』を本気で歌ってみたら...【EL6】,1923419,0.9666666666666668,920.0,951.7241379310344,2060.90054043322,1094.6015678796546,2060.90054043322,0.4618001302144224,EL6
2026-09-13 11:55:00,SnZvS3f5IrA,ヤラララ／Cover - KOMAINU.,2831892,1.0,501.0,501.0,637.3988407590056,503.74678592237785,637.3988407590056,0.7860070774578383,KOMAINU
2026-09-13 11:55:00,T24rF_x0TmQ,[MV] ABM - 'ヤラララ' (YARARARA) feat. 重音テト,55147934,1.0,11449.0,11449.0,13039.60102865169,11705.23761095094,13039.60102865169,0.8780176613412719,ABM
2026-09-13 11:55:00,pRy8kStWlAw,'ヤラララ' (YARARARA) ／Cover -しゆん×ばぁう,1594489,1.0,188.0,188.0,269.41755961919847,153.7669746430274,269.41755961919847,0.6978015845207859,ShiyunBaau
2026-09-13 11:55:00,xJQ6KrmdpD0,【以心伝心】新人歌い手グループが『ヤラララ』を本気で歌ってみたら...【EL6】,1924961,1.0,1542.0,1542.0,2057.1997207610884,1031.3158535939403,2057.1997207610884,0.7495626138960959,EL6
2026-09-13 12:54:00,SnZvS3f5IrA,ヤラララ／Cover - KOMAINU.,2832532,0.9833333333333332,640.0,650.8474576271187,639.8988407590056,522.1343698854705,639.8988407590056,1.0171099182725922,KOMAINU
2026-09-13 12:54:00,T24rF_x0TmQ,[MV] ABM - 'ヤラララ' (YARARARA) feat. 重音テト,55159500,0.9833333333333332,11566.0,11762.033898305086,13016.380689668638,11712.33714687021,13016.380689668638,0.9036332125443172,ABM
2026-09-13 12:54:00,pRy8kStWlAw,'ヤラララ' (YARARARA) ／Cover -しゆん×ばぁう,1594743,0.9833333333333332,254.0,258.3050847457627,269.16332233106283,166.8342384058693,269.16332233106283,0.9596592972205,ShiyunBaau
2026-09-13 12:54:00,xJQ6KrmdpD0,【以心伝心】新人歌い手グループが『ヤラララ』を本気で歌ってみたら...【EL6】,1926683,0.9833333333333332,1722.0,1751.1864406779662,2044.3607377102408,1121.2996769794436,2044.3607377102408,0.8565936570662962,EL6
2026-09-13 13:54:00,SnZvS3f5IrA,ヤラララ／Cover - KOMAINU.,2833115,1.0,583.0,583.0,638.9405074256722,503.6528505031469,638.9405074256722,0.9124480185940008,KOMAINU
2026-09-13 13:54:00,T24rF_x0TmQ,[MV] ABM - 'ヤラララ' (YARARARA) feat. 重音テト,55171631,1.0,12131.0,12131.0,12965.922356335306,11137.070993213183,12965.922356335306,0.935606404743944,ABM
2026-09-13 13:54:00,pRy8kStWlAw,'ヤラララ' (YARARARA) ／Cover -しゆん×ばぁう,1594962,1.0,219.0,219.0,268.8299889977295,170.64879113539044,268.8299889977295,0.8146412564181953,ShiyunBaau
2026-09-13 13:54:00,xJQ6KrmdpD0,【以心伝心】新人歌い手グループが『ヤラララ』を本気で歌ってみたら...【EL6】,1928510,1.0,1827.0,1827.0,2037.4857377102408,1188.463415991762,2037.4857377102408,0.8966933933256446,EL6
2026-09-13 14:54:00,SnZvS3f5IrA,ヤラララ／Cover - KOMAINU.,2833812,1.0,697.0,697.0,641.5655074256722,536.7957076460041,641.5655074256722,1.0864050388194382,KOMAINU
2026-09-13 14:54:00,T24rF_x0TmQ,[MV] ABM - 'ヤラララ' (YARARARA) feat. 重音テト,55185180,1.0,13549.0,13549.0,12928.547356335306,11396.356707498897,12928.547356335306,1.047990901573382,ABM
2026-09-13 14:54:00,pRy8kStWlAw,'ヤラララ' (YARARARA) ／Cover -しゆん×ばぁう,1595272,1.0,310.0,310.0,270.53832233106283,196.36307684967616,270.53832233106283,1.1458635409908662,ShiyunBaau
2026-09-13 14:54:00,xJQ6KrmdpD0,【以心伝心】新人歌い手グループが『ヤラララ』を本気で歌ってみたら...【EL6】,1930922,1.0,2412.0,2412.0,2050.3607377102408,1424.606273134619,2050.3607377102408,1.176378359007022,EL6
2026-09-13 15:57:00,SnZvS3f5IrA,ヤラララ／Cover - KOMAINU.,2834526,1.05,714.0,680.0,642.2375504364248,607.5099933602897,642.2375504364248,1.0587982585850269,KOMAINU
2026-09-13 15:57:00,T24rF_x0TmQ,[MV] ABM - 'ヤラララ' (YARARARA) feat. 重音テト,55201012,1.05,15832.0,15078.095238095237,12965.591647169918,11408.798884369646,12965.591647169918,1.162931522788351,ABM
2026-09-13 15:57:00,pRy8kStWlAw,'ヤラララ' (YARARARA) ／Cover -しゆん×ばぁう,1595629,1.05,357.0,340.0,271.47918254611665,239.93450542110472,271.47918254611665,1.2523980542863304,ShiyunBaau
2026-09-13 15:57:00,xJQ6KrmdpD0,【以心伝心】新人歌い手グループが『ヤラララ』を本気で歌ってみたら...【EL6】,1933311,1.05,2389.0,2275.238095238095,2044.1945830763443,1638.9260010257751,2044.1945830763443,1.1130242267906068,EL6
2026-09-13 16:55:00,SnZvS3f5IrA,ヤラララ／Cover - KOMAINU.,2835336,0.9666666666666668,810.0,837.9310344827586,645.0823780226318,636.3126235005984,645.0823780226318,1.29895198354552,KOMAINU
2026-09-13 16:55:00,T24rF_x0TmQ,[MV] ABM - 'ヤラララ' (YARARARA) feat. 重音テト,55215928,0.9666666666666668,14916.0,15430.344827586208,13099.7295782044,11911.492127271717,13099.7295782044,1.177913233663963,ABM
2026-09-13 16:55:00,pRy8kStWlAw,'ヤラララ' (YARARARA) ／Cover -しゆん×ばぁう,1595945,0.9666666666666668,316.0,326.8965517241379,272.1257342702545,250.80476120898388,272.1257342702545,1.2012702606049348,ShiyunBaau
2026-09-13 16:55:00,xJQ6KrmdpD0,【以心伝心】新人歌い手グループが『ヤラララ』を本気で歌ってみたら...【EL6】,1935774,0.9666666666666668,2463.0,2547.9310344827586,2052.685962386689,1752.5516302078984,2052.685962386689,1.2412668480083728,EL6
2026-09-13 18:34:00,SnZvS3f5IrA,ヤラララ／Cover - KOMAINU.,2836833,1.65,1497.0,907.2727272727274,658.6770749923288,693.8644599118006,658.6770749923288,1.3774165850288531,KOMAINU
2026-09-13 18:34:00,T24rF_x0TmQ,[MV] ABM - 'ヤラララ' (YARARARA) feat. 重音テト,55238539,1.65,22611.0,13703.636363636364,13137.71442668925,13300.444332517556,13137.71442668925,1.0430761332273628,ABM
2026-09-13 18:34:00,pRy8kStWlAw,'ヤラララ' (YARARARA) ／Cover -しゆん×ばぁう,1596577,1.65,632.0,383.0303030303031,275.37699689651714,289.3188485000291,275.37699689651714,1.3909306418002685,ShiyunBaau
2026-09-13 18:34:00,xJQ6KrmdpD0,【以心伝心】新人歌い手グループが『ヤラララ』を本気で歌ってみたら...【EL6】,1940104,1.65,4330.0,2624.2424242424245,2058.404396730124,2139.942570663035,2058.404396730124,1.274891575441231,EL6
2026-09-13 19:08:00,SnZvS3f5IrA,ヤラララ／Cover - KOMAINU.,2837821,0.5666666666666667,988.0,1743.529411764706,686.2824671491916,871.3686615924728,686.2824671491916,2.540541971015673,KOMAINU
2026-09-13 19:08:00,T24rF_x0TmQ,[MV] ABM - 'ヤラララ' (YARARARA) feat. 重音テト,55256047,0.5666666666666667,17508.0,30896.470588235294,13486.775701199054,16078.65441655117,13486.775701199054,2.290871537626922,ABM
2026-09-13 19:08:00,pRy8kStWlAw,'ヤラララ' (YARARARA) ／Cover -しゆん×ばぁう,1597038,0.5666666666666667,461.0,813.5294117647059,285.4407223867133,378.6801930378442,285.4407223867133,2.850081813703307,ShiyunBaau
2026-09-13 19:08:00,xJQ6KrmdpD0,【以心伝心】新人歌い手グループが『ヤラララ』を本気で歌ってみたら...【EL6】,1943689,0.5666666666666667,3585.0,6326.470588235295,2136.799004573261,2823.438368982363,2136.799004573261,2.9607232943740307,EL6
2026-09-13 19:54:00,SnZvS3f5IrA,ヤラララ／Cover - KOMAINU.,2838002,0.7666666666666667,181.0,236.08695652173915,671.9110903375973,812.1171614345616,671.9110903375973,0.3513663636704058,KOMAINU
2026-09-13 19:54:00,T24rF_x0TmQ,[MV] ABM - 'ヤラララ' (YARARARA) feat. 重音テト,55258967,0.7666666666666667,2920.0,3808.695652173913,13319.388020039632,14942.463238532431,13319.388020039632,0.2859512498955324,ABM
2026-09-13 19:54:00,pRy8kStWlAw,'ヤラララ' (YARARARA) ／Cover -しゆん×ばぁう,1597148,0.7666666666666667,110.0,143.47826086956522,278.08564992294515,362.2763610555303,278.08564992294515,0.5159498913709559,ShiyunBaau
2026-09-13 19:54:00,xJQ6KrmdpD0,【以心伝心】新人歌い手グループが『ヤラララ』を本気で歌ってみたら...【EL6】,1944460,0.7666666666666667,771.0,1005.6521739130434,2097.409511819638,2716.9334737302306,2097.409511819638,0.4794734496271905,EL6
2026-09-13 20:54:00,SnZvS3f5IrA,ヤラララ／Cover - KOMAINU.,2838477,1.0,475.0,475.0,682.1610903375973,796.6885900059902,682.1610903375973,0.6963164664887664,KOMAINU
2026-09-13 20:54:00,T24rF_x0TmQ,[MV] ABM - 'ヤラララ' (YARARARA) feat. 重音テト,55266138,1.0,7171.0,7171.0,13399.6796867063,14233.891809961002,13399.6796867063,0.5351620462326636,ABM
2026-09-13 20:54:00,pRy8kStWlAw,'ヤラララ' (YARARARA) ／Cover -しゆん×ばぁう,1597355,1.0,207.0,207.0,280.54398325627847,360.56207534124457,280.54398325627847,0.7378522169584524,ShiyunBaau
2026-09-13 20:54:00,xJQ6KrmdpD0,【以心伝心】新人歌い手グループが『ヤラララ』を本気で歌ってみたら...【EL6】,1945967,1.0,1507.0,1507.0,2110.7011784863043,2671.219188015945,2110.7011784863043,0.713980745053049,EL6
2026-09-13 21:56:00,SnZvS3f5IrA,ヤラララ／Cover - KOMAINU.,2839231,1.0333333333333334,754.0,729.6774193548387,688.0885096924359,801.3567927709671,688.0885096924359,1.060441220971692,KOMAINU
2026-09-13 21:56:00,T24rF_x0TmQ,[MV] ABM - 'ヤラララ' (YARARARA) feat. 重音テト,55279340,1.0333333333333334,13202.0,12776.129032258064,13473.389364125656,14123.481671712154,13473.389364125656,0.9482490772719652,ABM
2026-09-13 21:56:00,pRy8kStWlAw,'ヤラララ' (YARARARA) ／Cover -しゆん×ばぁう,1597740,1.0333333333333334,385.0,372.5806451612903,284.21333809498816,369.50216750714327,284.21333809498816,1.3109189303310196,ShiyunBaau
2026-09-13 21:56:00,xJQ6KrmdpD0,【以心伝心】新人歌い手グループが『ヤラララ』を本気で歌ってみたら...【EL6】,1948856,1.0333333333333334,2889.0,2795.806451612903,2124.693113970175,2726.048681103503,2124.693113970175,1.3158636573112876,EL6
2026-09-13 22:54:00,SnZvS3f5IrA,ヤラララ／Cover - KOMAINU.,2840001,0.9666666666666668,770.0,796.551724137931,685.5885096924359,800.7561591918376,685.5885096924359,1.1618510416624028,KOMAINU
2026-09-13 22:54:00,T24rF_x0TmQ,[MV] ABM - 'ヤラララ' (YARARARA) feat. 重音テト,55290188,0.9666666666666668,10848.0,11222.06896551724,13341.880743436,13760.80508343779,13341.880743436,0.8411159701782169,ABM
2026-09-13 22:54:00,pRy8kStWlAw,'ヤラララ' (YARARARA) ／Cover -しゆん×ばぁう,1598068,0.9666666666666668,328.0,339.3103448275862,282.1874760260226,365.7281896721986,282.1874760260226,1.202428788144715,ShiyunBaau
2026-09-13 22:54:00,xJQ6KrmdpD0,【以心伝心】新人歌い手グループが『ヤラララ』を本気で歌ってみたら...【EL6】,1951244,0.9666666666666668,2388.0,2470.344827586207,2091.5034587977616,2694.0856994138408,2091.5034587977616,1.181133512925774,EL6
2026-09-13 23:54:00,SnZvS3f5IrA,ヤラララ／Cover - KOMAINU.,2840818,1.0,817.0,817.0,689.2968430257692,817.8811591918376,689.2968430257692,1.1852658375942349,KOMAINU
2026-09-13 23:54:00,T24rF_x0TmQ,[MV] ABM - 'ヤラララ' (YARARARA) feat. 重音テト,55304775,1.0,14587.0,14587.0,13423.339076769333,13699.418178675884,13423.339076769333,1.0866893785946687,ABM
2026-09-13 23:54:00,pRy8kStWlAw,'ヤラララ' (YARARARA) ／Cover -しゆん×ばぁう,1598460,1.0,392.0,392.0,283.10414269268927,372.2281896721986,283.10414269268927,1.3846494659935713,ShiyunBaau
2026-09-13 23:54:00,xJQ6KrmdpD0,【以心伝心】新人歌い手グループが『ヤラララ』を本気で歌ってみたら...【EL6】,1954444,1.0,3200.0,3200.0,2117.045125464428,2809.680937509079,2117.045125464428,1.5115407609925169,EL6
2026-09-14 00:54:00,SnZvS3f5IrA,ヤラララ／Cover - KOMAINU.,2841625,1.0,807.0,807.0,692.8385096924359,814.0147798814927,692.8385096924359,1.1647735925623457,KOMAINU
2026-09-14 00:54:00,T24rF_x0TmQ,[MV] ABM - 'ヤラララ' (YARARARA) feat. 重音テト,55317862,1.0,13087.0,13087.0,13338.880743436,13406.50007522761,13338.880743436,0.98111680070609,ABM
2026-09-14 00:54:00,pRy8kStWlAw,'ヤラララ' (YARARARA) ／Cover -しゆん×ばぁう,1598832,1.0,372.0,372.0,284.1874760260226,377.8661207066813,284.1874760260226,1.308995052146269,ShiyunBaau
2026-09-14 00:54:00,xJQ6KrmdpD0,【以心伝心】新人歌い手グループが『ヤラララ』を本気で歌ってみたら...【EL6】,1957188,1.0,2744.0,2744.0,2100.0034587977616,2834.189558198734,2100.0034587977616,1.3066645145293818,EL6
2026-09-14 01:55:00,SnZvS3f5IrA,ヤラララ／Cover - KOMAINU.,2842521,1.0166666666666666,896.0,881.3114754098361,693.8931545011792,810.7696233986313,693.8931545011792,1.2700968004841997,KOMAINU
2026-09-14 01:55:00,T24rF_x0TmQ,[MV] ABM - 'ヤラララ' (YARARARA) feat. 重音テト,55332940,1.0166666666666666,15078.0,14830.819672131149,13277.248229774796,13547.397988789457,13277.248229774796,1.117010047222918,ABM
2026-09-14 01:55:00,pRy8kStWlAw,'ヤラララ' (YARARARA) ／Cover -しゆん×ばぁう,1598832,1.0166666666666666,0.0,0.0,268.1874760260226,329.98733282789345,268.1874760260226,0.0,ShiyunBaau
2026-09-14 01:55:00,xJQ6KrmdpD0,【以心伝心】新人歌い手グループが『ヤラララ』を本気で歌ってみたら...【EL6】,1960212,1.0166666666666666,3024.0,2974.4262295081967,2113.8128850272697,2877.962533856956,2113.8128850272697,1.4071379025915174,EL6
2026-09-14 02:54:00,SnZvS3f5IrA,ヤラララ／Cover - KOMAINU.,2843292,0.9833333333333332,771.0,784.0677966101696,694.1043126932695,755.8012022161108,694.1043126932695,1.1296108989264495,KOMAINU
2026-09-14 02:54:00,T24rF_x0TmQ,[MV] ABM - 'ヤラララ' (YARARARA) feat. 重音テト,55346257,0.9833333333333332,13317.0,13542.71186440678,13210.61122412508,12459.532790616176,13210.61122412508,1.0251389307161822,ABM
2026-09-14 02:54:00,pRy8kStWlAw,'ヤラララ' (YARARARA) ／Cover -しゆん×ばぁう,1599456,0.9833333333333332,624.0,634.5762711864407,280.0031539921243,331.06675159647386,280.0031539921243,2.266318297272786,ShiyunBaau
2026-09-14 02:54:00,xJQ6KrmdpD0,【以心伝心】新人歌い手グループが『ヤラララ』を本気で歌ってみたら...【EL6】,1962498,0.9833333333333332,2286.0,2324.7457627118647,2098.9272918069305,2573.760467345596,2098.9272918069305,1.1075875623640736,EL6
2026-09-14 03:56:00,SnZvS3f5IrA,ヤラララ／Cover - KOMAINU.,2843374,1.0333333333333334,82.0,79.35483870967741,662.7440976395061,699.2804648889218,662.7440976395061,0.1197367716925964,KOMAINU
2026-09-14 03:56:00,T24rF_x0TmQ,[MV] ABM - 'ヤラララ' (YARARARA) feat. 重音テト,55349747,1.0333333333333334,3490.0,3377.4193548387093,12671.295363910023,11917.592698450277,12671.295363910023,0.2665409697936776,ABM
2026-09-14 03:56:00,pRy8kStWlAw,'ヤラララ' (YARARARA) ／Cover -しゆん×ばぁう,1599488,1.0333333333333334,32.0,30.96774193548387,268.79347657276946,305.91928615868585,268.79347657276946,0.1152101692732118,ShiyunBaau
2026-09-14 03:56:00,xJQ6KrmdpD0,【以心伝心】新人歌い手グループが『ヤラララ』を本気で歌ってみたら...【EL6】,1963007,1.0333333333333334,509.0,492.5806451612903,2020.1181520219843,2428.843416654352,2020.1181520219843,0.2438375422092289,EL6
2026-09-14 04:54:00,SnZvS3f5IrA,ヤラララ／Cover - KOMAINU.,2843720,0.9666666666666668,346.0,357.9310344827586,649.574557409621,656.6117860881513,649.574557409621,0.5510237899558736,KOMAINU
2026-09-14 04:54:00,T24rF_x0TmQ,[MV] ABM - 'ヤラララ' (YARARARA) feat. 重音テト,55365029,0.9666666666666668,15282.0,15808.96551724138,12695.793927128418,12404.014300799165,12695.793927128418,1.24521283253194,ABM
2026-09-14 04:54:00,pRy8kStWlAw,'ヤラララ' (YARARARA) ／Cover -しゆん×ばぁう,1599668,0.9666666666666668,180.0,186.20689655172413,266.885430595758,290.95523745781566,266.885430595758,0.6977034907303171,ShiyunBaau
2026-09-14 04:54:00,xJQ6KrmdpD0,【以心伝心】新人歌い手グループが『ヤラララ』を本気で歌ってみたら...【EL6】,1964365,0.9666666666666668,1358.0,1404.8275862068965,1995.944301447272,2300.84143784842,1995.944301447272,0.7038410767215534,EL6
2026-09-14 05:54:00,SnZvS3f5IrA,ヤラララ／Cover - KOMAINU.,2844876,1.0,1156.0,1156.0,669.8315751132362,697.5235921732061,669.8315751132362,1.7258069684227355,KOMAINU
2026-09-14 05:54:00,T24rF_x0TmQ,[MV] ABM - 'ヤラララ' (YARARARA) feat. 重音テト,55380114,1.0,15085.0,15085.0,12791.36217004328,12902.702344088288,12791.36217004328,1.17931146030157,ABM
2026-09-14 05:54:00,pRy8kStWlAw,'ヤラララ' (YARARARA) ／Cover -しゆん×ばぁう,1600089,1.0,421.0,421.0,273.05001337192766,290.96441566766407,273.05001337192766,1.5418420779439637,ShiyunBaau
2026-09-14 05:54:00,xJQ6KrmdpD0,【以心伝心】新人歌い手グループが『ヤラララ』を本気で歌ってみたら...【EL6】,1966427,1.0,2062.0,2062.0,1998.586529389381,2171.797174798321,1998.586529389381,1.0317291594224811,EL6
2026-09-14 06:54:00,SnZvS3f5IrA,ヤラララ／Cover - KOMAINU.,2845433,1.0,557.0,557.0,669.5118488445488,660.3807350303489,669.5118488445488,0.8319494284698277,KOMAINU
2026-09-14 06:54:00,T24rF_x0TmQ,[MV] ABM - 'ヤラララ' (YARARARA) feat. 重音テト,55391513,1.0,11399.0,11399.0,12638.035584525524,12447.273772659715,12638.035584525524,0.9019597961852042,ABM
2026-09-14 06:54:00,pRy8kStWlAw,'ヤラララ' (YARARARA) ／Cover -しゆん×ばぁう,1600263,1.0,174.0,174.0,276.7132485416238,259.8215585248069,276.7132485416238,0.6288097910636417,ShiyunBaau
2026-09-14 06:54:00,xJQ6KrmdpD0,【以心伝心】新人歌い手グループが『ヤラララ』を本気で歌ってみたら...【EL6】,1967356,1.0,929.0,929.0,2017.3129054517208,1847.3686033697493,2017.3129054517208,0.4605135859139196,EL6
2026-09-14 07:55:00,SnZvS3f5IrA,ヤラララ／Cover - KOMAINU.,2846418,1.0166666666666666,985.0,968.8524590163936,690.5057013035653,683.5025148898337,690.5057013035653,1.4031056618176412,KOMAINU
2026-09-14 07:55:00,T24rF_x0TmQ,[MV] ABM - 'ヤラララ' (YARARARA) feat. 重音テト,55414996,1.0166666666666666,23483.0,23098.032786885247,13111.536950645745,13877.421313643325,13111.536950645745,1.7616571477341312,ABM
2026-09-14 07:55:00,pRy8kStWlAw,'ヤラララ' (YARARARA) ／Cover -しゆん×ばぁう,1600477,1.0166666666666666,214.0,210.4918032786885,280.0670736782358,236.74895899319105,280.0670736782358,0.7515764010178466,ShiyunBaau
2026-09-14 07:55:00,xJQ6KrmdpD0,【以心伝心】新人歌い手グループが『ヤラララ』を本気で歌ってみたら...【EL6】,1968785,1.0166666666666666,1429.0,1405.573770491803,2044.2534792222127,1656.16485629715,2044.2534792222127,0.6875731335561129,EL6
2026-09-14 08:54:00,SnZvS3f5IrA,ヤラララ／Cover - KOMAINU.,2846633,0.9833333333333332,215.0,218.6440677966102,691.9075374617573,625.3952090031808,691.9075374617573,0.3160018585701488,KOMAINU
2026-09-14 08:54:00,T24rF_x0TmQ,[MV] ABM - 'ヤラララ' (YARARARA) feat. 重音テト,55418919,0.9833333333333332,3923.0,3989.491525423729,12653.140764205067,12641.430090115871,12653.140764205067,0.3152965417653258,ABM
2026-09-14 08:54:00,pRy8kStWlAw,'ヤラララ' (YARARARA) ／Cover -しゆん×ばぁう,1600619,0.9833333333333332,142.0,144.40677966101697,284.62568949744485,225.20618657666927,284.62568949744485,0.5073568022478636,ShiyunBaau
2026-09-14 08:54:00,xJQ6KrmdpD0,【以心伝心】新人歌い手グループが『ヤラララ』を本気で歌ってみたら...【EL6】,1969400,0.9833333333333332,615.0,625.4237288135594,2038.0211345894447,1527.3222153617012,2038.0211345894447,0.3068779406645112,EL6
2026-09-14 09:58:00,SnZvS3f5IrA,ヤラララ／Cover - KOMAINU.,2846922,1.0666666666666669,289.0,270.9375,669.5458063109637,515.5314142864914,669.5458063109637,0.4046586468710788,KOMAINU
2026-09-14 09:58:00,T24rF_x0TmQ,[MV] ABM - 'ヤラララ' (YARARARA) feat. 重音テト,55423129,1.0666666666666669,4210.0,3946.875,12427.951032062208,10957.82631205558,12427.951032062208,0.3175805078260823,ABM
2026-09-14 09:58:00,pRy8kStWlAw,'ヤラララ' (YARARARA) ／Cover -しゆん×ばぁう,1600732,1.0666666666666669,113.0,105.9375,278.0873710450639,181.85867448955904,278.0873710450639,0.380950417136465,ShiyunBaau
2026-09-14 09:58:00,xJQ6KrmdpD0,【以心伝心】新人歌い手グループが『ヤラララ』を本気で歌ってみたら...【EL6】,1970437,1.0666666666666669,1037.0,972.1875,2048.8067248672223,1127.3704615247927,2048.8067248672223,0.4745140125713932,EL6
2026-09-14 10:57:00,SnZvS3f5IrA,ヤラララ／Cover - KOMAINU.,2848140,0.9833333333333332,1218.0,1238.6440677966102,707.2766654576614,681.1441612989103,707.2766654576614,1.7512864884282788,KOMAINU
2026-09-14 10:57:00,T24rF_x0TmQ,[MV] ABM - 'ヤラララ' (YARARARA) feat. 重音テト,55444278,0.9833333333333332,21149.0,21507.457627118645,13051.551996410542,13547.831779524144,13051.551996410542,1.647885066314999,ABM
2026-09-14 10:57:00,pRy8kStWlAw,'ヤラララ' (YARARARA) ／Cover -しゆん×ばぁう,1601194,0.9833333333333332,462.0,469.8305084745763,293.43950430047005,244.55335542371515,293.43950430047005,1.6011153971739571,ShiyunBaau
2026-09-14 10:57:00,xJQ6KrmdpD0,【以心伝心】新人歌い手グループが『ヤラララ』を本気で歌ってみたら...【EL6】,1974149,0.9833333333333332,3712.0,3774.915254237289,2166.4396880466497,1596.2754056785068,2166.4396880466497,1.7424511169479664,EL6
2026-09-14 11:56:00,SnZvS3f5IrA,ヤラララ／Cover - KOMAINU.,2848367,0.9833333333333332,227.0,230.84745762711864,696.0203095254582,662.9893646052476,696.0203095254582,0.3316677034676026,KOMAINU
2026-09-14 11:56:00,T24rF_x0TmQ,[MV] ABM - 'ヤラララ' (YARARARA) feat. 重音テト,55450040,0.9833333333333332,5762.0,5859.661016949153,12818.662872116758,12126.502565196684,12818.662872116758,0.4571195198287902,ABM
2026-09-14 11:56:00,pRy8kStWlAw,'ヤラララ' (YARARARA) ／Cover -しゆん×ばぁう,1601324,0.9833333333333332,130.0,132.20338983050848,291.1146455434079,236.83856874925573,291.1146455434079,0.4541282682076389,ShiyunBaau
2026-09-14 11:56:00,xJQ6KrmdpD0,【以心伝心】新人歌い手グループが『ヤラララ』を本気で歌ってみたら...【EL6】,1975168,0.9833333333333332,1019.0,1036.271186440678,2145.3676541483446,1543.6244914261897,2145.3676541483446,0.4830273190876698,EL6
2026-09-14 12:57:00,SnZvS3f5IrA,ヤラララ／Cover - KOMAINU.,2849241,1.0166666666666666,874.0,859.672131147541,704.7213375888091,620.6568119120391,704.7213375888091,1.2198752688387344,KOMAINU
2026-09-14 12:57:00,T24rF_x0TmQ,[MV] ABM - 'ヤラララ' (YARARARA) feat. 重音テト,55465482,1.0166666666666666,15442.0,15188.852459016394,12961.44697881306,12141.338630770451,12961.44697881306,1.1718485199873343,ABM
2026-09-14 12:57:00,pRy8kStWlAw,'ヤラララ' (YARARARA) ／Cover -しゆん×ばぁう,1601619,1.0166666666666666,295.0,290.1639344262295,292.4420976134274,218.1477022387172,292.4420976134274,0.992209865796376,ShiyunBaau
2026-09-14 12:57:00,xJQ6KrmdpD0,【以心伝心】新人歌い手グループが『ヤラララ』を本気で歌ってみたら...【EL6】,1977550,1.0166666666666666,2382.0,2342.950819672132,2170.0245032731013,1583.760322807923,2170.0245032731013,1.0796886468969364,EL6
2026-09-14 13:57:00,SnZvS3f5IrA,ヤラララ／Cover - KOMAINU.,2849463,1.0,222.0,222.0,689.6796709221425,572.7996690548962,689.6796709221425,0.3218885656049176,KOMAINU
2026-09-14 13:57:00,T24rF_x0TmQ,[MV] ABM - 'ヤラララ' (YARARARA) feat. 重音テト,55468971,1.0,3489.0,3489.0,12601.363645479729,11011.338630770451,12601.363645479729,0.2768747968995839,ABM
2026-09-14 13:57:00,pRy8kStWlAw,'ヤラララ' (YARARARA) ／Cover -しゆん×ばぁう,1601659,1.0,40.0,40.0,284.983764280094,199.00484509586,284.983764280094,0.1403588730784197,ShiyunBaau
2026-09-14 13:57:00,xJQ6KrmdpD0,【以心伝心】新人歌い手グループが『ヤラララ』を本気で歌ってみたら...【EL6】,1978110,1.0,560.0,560.0,2117.232836606435,1531.0460370936376,2117.232836606435,0.2644961812030013,EL6
2026-09-14 14:55:00,SnZvS3f5IrA,ヤラララ／Cover - KOMAINU.,2850216,0.9666666666666668,753.0,778.9655172413793,693.0949008071998,545.672963087037,693.0949008071998,1.1238944570709897,KOMAINU
2026-09-14 14:55:00,T24rF_x0TmQ,[MV] ABM - 'ヤラララ' (YARARARA) feat. 重音テト,55480568,0.9666666666666668,11597.0,11996.896551724138,12536.692668468237,9425.462025747436,12536.692668468237,0.9569427016343977,ABM
2026-09-14 14:55:00,pRy8kStWlAw,'ヤラララ' (YARARARA) ／Cover -しゆん×ばぁう,1601903,0.9666666666666668,244.0,252.41379310344828,282.58433899273774,204.99370078511137,282.58433899273774,0.8932334820930582,ShiyunBaau
2026-09-14 14:55:00,xJQ6KrmdpD0,【以心伝心】新人歌い手グループが『ヤラララ』を本気で歌ってみたら...【EL6】,1979858,0.9666666666666668,1748.0,1808.2758620689656,2092.077664192642,1588.574907318946,2092.077664192642,0.8643445188574302,EL6
2026-09-14 16:00:00,SnZvS3f5IrA,ヤラララ／Cover - KOMAINU.,2850421,1.0833333333333333,205.0,189.23076923076923,672.6461828584819,541.471063291917,672.6461828584819,0.2813228916673738,KOMAINU
2026-09-14 16:00:00,T24rF_x0TmQ,[MV] ABM - 'ヤラララ' (YARARARA) feat. 重音テト,55483910,1.0833333333333333,3342.0,3084.923076923077,12036.97716175273,9296.237961675915,12036.97716175273,0.2562871919974528,ABM
2026-09-14 16:00:00,pRy8kStWlAw,'ヤラララ' (YARARARA) ／Cover -しゆん×ばぁう,1602000,1.0833333333333333,97.0,89.53846153846155,272.1484415568403,197.1553696247463,272.1484415568403,0.3290059683099848,ShiyunBaau
2026-09-14 16:00:00,xJQ6KrmdpD0,【以心伝心】新人歌い手グループが『ヤラララ』を本気で歌ってみたら...【EL6】,1980463,1.0833333333333333,605.0,558.4615384615385,2020.545307660285,1579.0088801258005,2020.545307660285,0.2763914950802146,EL6
2026-09-14 16:57:00,SnZvS3f5IrA,ヤラララ／Cover - KOMAINU.,2850714,0.95,293.0,308.42105263157896,650.5832669480161,512.3398119593746,650.5832669480161,0.4740685294265689,KOMAINU
2026-09-14 16:57:00,T24rF_x0TmQ,[MV] ABM - 'ヤラララ' (YARARARA) feat. 重音テト,55488613,0.95,4703.0,4950.526315789474,11600.318057094531,8753.024005940111,11600.318057094531,0.4267578088310973,ABM
2026-09-14 16:57:00,pRy8kStWlAw,'ヤラララ' (YARARARA) ／Cover -しゆん×ばぁう,1602151,0.95,151.0,158.94736842105263,265.15055891921173,192.3793694742846,265.15055891921173,0.5994608084891196,ShiyunBaau
2026-09-14 16:57:00,xJQ6KrmdpD0,【以心伝心】新人歌い手グループが『ヤラララ』を本気で歌ってみたら...【EL6】,1981356,0.95,893.0,940.0,1953.548181223504,1499.1327701100752,1953.548181223504,0.4811757442354351,EL6
2026-09-14 17:57:00,SnZvS3f5IrA,ヤラララ／Cover - KOMAINU.,2851851,1.0,1137.0,1137.0,670.0399362700954,532.3052754111982,670.0399362700954,1.696913778497035,KOMAINU
2026-09-14 17:57:00,T24rF_x0TmQ,[MV] ABM - 'ヤラララ' (YARARARA) feat. 重音テト,55503787,1.0,15174.0,15174.0,11743.265334810749,8534.837060057462,11743.265334810749,1.2921448649396918,ABM
2026-09-14 17:57:00,pRy8kStWlAw,'ヤラララ' (YARARARA) ／Cover -しゆん×ばぁう,1602549,1.0,398.0,398.0,270.46453656244324,194.4667067599572,270.46453656244324,1.4715422770708133,ShiyunBaau
2026-09-14 17:57:00,xJQ6KrmdpD0,【以心伝心】新人歌い手グループが『ヤラララ』を本気で歌ってみたら...【EL6】,1984351,1.0,2995.0,2995.0,1995.206253974564,1462.9942009490446,1995.206253974564,1.5010979411445764,EL6
2026-09-14 18:57:00,SnZvS3f5IrA,ヤラララ／Cover - KOMAINU.,2852794,1.0,943.0,943.0,671.4690271791862,634.0413528930384,671.4690271791862,1.4043834664444677,KOMAINU
2026-09-14 18:57:00,T24rF_x0TmQ,[MV] ABM - 'ヤラララ' (YARARARA) feat. 重音テト,55517906,1.0,14119.0,14119.0,11759.879880265296,9714.742629064724,11759.879880265296,1.2006075014162034,ABM
2026-09-14 18:57:00,pRy8kStWlAw,'ヤラララ' (YARARARA) ／Cover -しゆん×ばぁう,1603114,1.0,565.0,565.0,277.74332444123115,256.2947939270274,277.74332444123115,2.0342523124063443,ShiyunBaau
2026-09-14 18:57:00,xJQ6KrmdpD0,【以心伝心】新人歌い手グループが『ヤラララ』を本気で歌ってみたら...【EL6】,1987895,1.0,3544.0,3544.0,2031.9965570048664,1821.2411743146624,2031.9965570048664,1.7440974433656544,EL6
2026-09-14 19:56:00,SnZvS3f5IrA,ヤラララ／Cover - KOMAINU.,2853164,0.9833333333333332,370.0,376.271186440678,632.6408540680787,601.8200820864934,632.6408540680787,0.594762706235515,KOMAINU
2026-09-14 19:56:00,T24rF_x0TmQ,[MV] ABM - 'ヤラララ' (YARARARA) feat. 重音テト,55522505,0.9833333333333332,4599.0,4676.949152542373,10998.699163281895,9085.018444499432,10998.699163281895,0.4252274821877044,ABM
2026-09-14 19:56:00,pRy8kStWlAw,'ヤラララ' (YARARARA) ／Cover -しゆん×ばぁう,1603259,0.9833333333333332,145.0,147.45762711864407,255.5847110631313,242.6901480759795,255.5847110631313,0.5769422846354098,ShiyunBaau
2026-09-14 19:56:00,xJQ6KrmdpD0,【以心伝心】新人歌い手グループが『ヤラララ』を本気で歌ってみたら...【EL6】,1989191,0.9833333333333332,1296.0,1317.966101694915,1866.0732193611768,1758.331790237194,1866.0732193611768,0.7062778073338956,EL6
2026-09-14 20:57:00,SnZvS3f5IrA,ヤラララ／Cover - KOMAINU.,2853416,1.0166666666666666,252.0,247.8688524590164,623.1770562538711,568.6796254290604,623.1770562538711,0.397750286169135,KOMAINU
2026-09-14 20:57:00,T24rF_x0TmQ,[MV] ABM - 'ヤラララ' (YARARARA) feat. 重音テト,55526488,1.0166666666666666,3983.0,3917.704918032787,10863.145201533263,8274.285716430264,10863.145201533263,0.3606418624948351,ABM
2026-09-14 20:57:00,pRy8kStWlAw,'ヤラララ' (YARARARA) ／Cover -しゆん×ばぁう,1603407,1.0166666666666666,148.0,145.5737704918033,253.02528483362312,250.99014581048712,253.02528483362312,0.5753328983999578,ShiyunBaau
2026-09-14 20:57:00,xJQ6KrmdpD0,【以心伝心】新人歌い手グループが『ヤラララ』を本気で歌ってみたら...【EL6】,1990439,1.0166666666666666,1248.0,1227.5409836065571,1854.4290936781165,1770.1777836902825,1854.4290936781165,0.661950887090444,EL6
2026-09-14 22:00:00,SnZvS3f5IrA,ヤラララ／Cover - KOMAINU.,2854073,1.05,657.0,625.7142857142857,618.8452590188481,546.7865923537612,618.8452590188481,1.0110997484352198,KOMAINU
2026-09-14 22:00:00,T24rF_x0TmQ,[MV] ABM - 'ヤラララ' (YARARARA) feat. 重音テト,55535300,1.05,8812.0,8392.380952380952,10680.489031538384,7759.354916524094,10680.489031538384,0.7857674800843966,ABM
2026-09-14 22:00:00,pRy8kStWlAw,'ヤラララ' (YARARARA) ／Cover -しゆん×ばぁう,1603677,1.05,270.0,257.1428571428571,248.2153769995217,251.6657263875455,248.2153769995217,1.035966668347677,ShiyunBaau
2026-09-14 22:00:00,xJQ6KrmdpD0,【以心伝心】新人歌い手グループが『ヤラララ』を本気で歌ってみたら...【EL6】,1992817,1.05,2378.0,2264.7619047619046,1832.3022375593248,1835.3900755035595,1832.3022375593248,1.23601983250243,EL6
2026-09-14 22:57:00,SnZvS3f5IrA,ヤラララ／Cover - KOMAINU.,2854750,0.95,677.0,712.6315789473684,615.3485863025746,567.5172156779621,615.3485863025746,1.1580941190250147,KOMAINU
2026-09-14 22:57:00,T24rF_x0TmQ,[MV] ABM - 'ヤラララ' (YARARARA) feat. 重音テト,55544623,0.95,9323.0,9813.684210526317,10621.806333413762,8016.146078274372,10621.806333413762,0.9239185786747705,ABM
2026-09-14 22:57:00,pRy8kStWlAw,'ヤラララ' (YARARARA) ／Cover -しゆん×ばぁう,1603979,0.95,302.0,317.89473684210526,247.3230600001267,259.9443526943655,247.3230600001267,1.2853420818986403,ShiyunBaau
2026-09-14 22:57:00,xJQ6KrmdpD0,【以心伝心】新人歌い手グループが『ヤラララ』を本気で歌ってみたら...【EL6】,1995319,0.95,2502.0,2633.684210526316,1839.1080451818293,1935.176842381404,1839.1080451818293,1.4320443094282305,EL6
2026-09-14 23:59:00,SnZvS3f5IrA,ヤラララ／Cover - KOMAINU.,2855868,1.0333333333333334,1118.0,1081.9354838709676,626.3875647971983,732.0601982046165,626.3875647971983,1.7272620733159978,KOMAINU
2026-09-14 23:59:00,T24rF_x0TmQ,[MV] ABM - 'ヤラララ' (YARARARA) feat. 重音テト,55559657,1.0333333333333334,15034.0,14549.032258064515,10620.22434416645,10091.821641649563,10620.22434416645,1.3699364332219692,ABM
2026-09-14 23:59:00,pRy8kStWlAw,'ヤラララ' (YARARARA) ／Cover -しゆん×ばぁう,1604451,1.0333333333333334,472.0,456.7741935483871,250.02198473130952,326.83474073482813,250.02198473130952,1.8269361153950816,ShiyunBaau
2026-09-14 23:59:00,xJQ6KrmdpD0,【以心伝心】新人歌い手グループが『ヤラララ』を本気で歌ってみたら...【EL6】,1998864,1.0333333333333334,3545.0,3430.6451612903224,1848.7182602355929,2487.6569088400024,1848.7182602355929,1.85568847080741,EL6
2026-09-15 00:56:00,SnZvS3f5IrA,ヤラララ／Cover - KOMAINU.,2857475,0.95,1607.0,1691.578947368421,663.2450209375492,852.0000418500921,663.2450209375492,2.5504585695603725,KOMAINU
2026-09-15 00:56:00,T24rF_x0TmQ,[MV] ABM - 'ヤラララ' (YARARARA) feat. 重音テト,55579408,0.95,19751.0,20790.52631578948,10941.204607324344,11429.159725917052,10941.204607324344,1.900204507817331,ABM
2026-09-15 00:56:00,pRy8kStWlAw,'ヤラララ' (YARARARA) ／Cover -しゆん×ばぁう,1605082,0.95,631.0,664.2105263157895,262.1974233278008,369.0067139324483,262.1974233278008,2.533245818687506,ShiyunBaau
2026-09-15 00:56:00,xJQ6KrmdpD0,【以心伝心】新人歌い手グループが『ヤラララ』を本気で歌ってみたら...【EL6】,2004664,0.95,5800.0,6105.263157894738,1988.77089181454,2939.857689971844,1988.77089181454,3.0698675161744444,EL6
2026-09-15 01:57:00,SnZvS3f5IrA,ヤラララ／Cover - KOMAINU.,2858354,1.0166666666666666,879.0,864.5901639344263,662.5482996260738,800.0843569621662,662.5482996260738,1.304946619623626,KOMAINU
2026-09-15 01:57:00,T24rF_x0TmQ,[MV] ABM - 'ヤラララ' (YARARARA) feat. 重音テト,55592064,1.0166666666666666,12656.0,12448.524590163935,10841.942312242378,10655.543199642909,10841.942312242378,1.1481821459340782,ABM
2026-09-15 01:57:00,pRy8kStWlAw,'ヤラララ' (YARARARA) ／Cover -しゆん×ばぁう,1605359,1.0166666666666666,277.0,272.45901639344265,273.5498823441942,323.073246836147,273.5498823441942,0.9960121863646828,ShiyunBaau
2026-09-15 01:57:00,xJQ6KrmdpD0,【以心伝心】新人歌い手グループが『ヤラララ』を本気で歌ってみたら...【EL6】,2007110,1.0166666666666666,2446.0,2405.9016393442625,1965.082367224376,2769.394737017002,1965.082367224376,1.2243261043263705,EL6
2026-09-15 02:56:00,SnZvS3f5IrA,ヤラララ／Cover - KOMAINU.,2859108,0.9833333333333332,754.0,766.7796610169491,661.827960643023,855.8712819016334,661.827960643023,1.1585785228414294,KOMAINU
2026-09-15 02:56:00,T24rF_x0TmQ,[MV] ABM - 'ヤラララ' (YARARARA) feat. 重音テト,55603100,0.9833333333333332,11036.0,11223.050847457627,10745.289769869496,11590.700584630802,10745.289769869496,1.0444623726135152,ABM
2026-09-15 02:56:00,pRy8kStWlAw,'ヤラララ' (YARARARA) ／Cover -しゆん×ばぁう,1605541,0.9833333333333332,182.0,185.08474576271183,254.82106878487207,328.4485494995852,254.82106878487207,0.7263321931946143,ShiyunBaau
2026-09-15 02:56:00,xJQ6KrmdpD0,【以心伝心】新人歌い手グループが『ヤラララ』を本気で歌ってみたら...【EL6】,2008863,0.9833333333333332,1753.0,1782.7118644067798,1942.4976214616645,2835.786988832983,1942.4976214616645,0.917742109287809,EL6
2026-09-15 03:59:00,SnZvS3f5IrA,ヤラララ／Cover - KOMAINU.,2859921,1.05,813.0,774.2857142857142,690.7834137920245,931.0736907340188,690.7834137920245,1.1208805811293407,KOMAINU
2026-09-15 03:59:00,T24rF_x0TmQ,[MV] ABM - 'ヤラララ' (YARARARA) feat. 重音テト,55613899,1.05,10799.0,10284.761904761905,11033.095709449632,12500.280154163533,11033.095709449632,0.9321737230968826,ABM
2026-09-15 03:59:00,pRy8kStWlAw,'ヤラララ' (YARARARA) ／Cover -しゆん×ばぁう,1605774,1.05,233.0,221.9047619047619,262.7767779502587,339.3529768442936,262.7767779502587,0.8444610807533628,ShiyunBaau
2026-09-15 03:59:00,xJQ6KrmdpD0,【以心伝心】新人歌い手グループが『ヤラララ』を本気で歌ってみたら...【EL6】,2010349,1.05,1486.0,1415.2380952380952,1980.941681881532,2862.6008619232025,1980.941681881532,0.7144269355238557,EL6
2026-09-15 04:55:00,SnZvS3f5IrA,ヤラララ／Cover - KOMAINU.,2860554,0.9333333333333332,633.0,678.2142857142857,704.1285492600047,899.4662651065522,704.1285492600047,0.9631966867797744,KOMAINU
2026-09-15 04:55:00,T24rF_x0TmQ,[MV] ABM - 'ヤラララ' (YARARARA) feat. 重音テト,55624133,0.9333333333333332,10234.0,10965.0,10831.263812897903,12308.370134893092,10831.263812897903,1.0123472375349996,ABM
2026-09-15 04:55:00,pRy8kStWlAw,'ヤラララ' (YARARARA) ／Cover -しゆん×ばぁう,1605935,0.9333333333333332,161.0,172.5,262.2056572606035,318.4963547387569,262.2056572606035,0.657880542327712,ShiyunBaau
2026-09-15 04:55:00,xJQ6KrmdpD0,【以心伝心】新人歌い手グループが『ヤラララ』を本気で歌ってみたら...【EL6】,2011502,0.9333333333333332,1153.0,1235.357142857143,1973.880413408625,2659.195397039945,1973.880413408625,0.6258520700977259,EL6
2026-09-15 05:56:00,SnZvS3f5IrA,ヤラララ／Cover - KOMAINU.,2861168,1.0166666666666666,614.0,603.9344262295082,681.1258170195675,896.743782670955,681.1258170195675,0.8866708780356776,KOMAINU
2026-09-15 05:56:00,T24rF_x0TmQ,[MV] ABM - 'ヤラララ' (YARARARA) feat. 重音テト,55633716,1.0166666666666666,9583.0,9425.901639344263,10595.468047870583,12437.560220763504,10595.468047870583,0.8896163526479255,ABM
2026-09-15 05:56:00,pRy8kStWlAw,'ヤラララ' (YARARARA) ／Cover -しゆん×ばぁう,1606104,1.0166666666666666,169.0,166.22950819672133,251.5902201021336,307.13218612049,251.5902201021336,0.6607153017682489,ShiyunBaau
2026-09-15 05:56:00,xJQ6KrmdpD0,【以心伝心】新人歌い手グループが『ヤラララ』を本気で歌ってみたら...【EL6】,2012356,1.0166666666666666,854.0,840.0,1922.9637467419584,2481.100158944707,1922.9637467419584,0.436825707932974,EL6
2026-09-15 06:56:00,SnZvS3f5IrA,ヤラララ／Cover - KOMAINU.,2861736,1.0,568.0,568.0,681.5841503529009,878.664835302534,681.5841503529009,0.8333527117758079,KOMAINU
2026-09-15 06:56:00,T24rF_x0TmQ,[MV] ABM - 'ヤラララ' (YARARARA) feat. 重音テト,55642462,1.0,8746.0,8746.0,10484.926381203915,12304.099694447716,10484.926381203915,0.8341498721134323,ABM
2026-09-15 06:56:00,pRy8kStWlAw,'ヤラララ' (YARARARA) ／Cover -しゆん×ばぁう,1606218,1.0,114.0,114.0,249.0902201021336,281.6453440152268,249.0902201021336,0.4576654994855156,ShiyunBaau
2026-09-15 06:56:00,xJQ6KrmdpD0,【以心伝心】新人歌い手グループが『ヤラララ』を本気で歌ってみたら...【EL6】,2013044,1.0,688.0,688.0,1912.922080075292,2237.8896326289173,1912.922080075292,0.359659186940286,EL6
2026-09-15 07:55:00,SnZvS3f5IrA,ヤラララ／Cover - KOMAINU.,2862278,0.9833333333333332,542.0,551.1864406779662,664.1813995887998,812.3212049034089,664.1813995887998,0.8298733463767735,KOMAINU
2026-09-15 07:55:00,T24rF_x0TmQ,[MV] ABM - 'ヤラララ' (YARARARA) feat. 重音テト,55651819,0.9833333333333332,9357.0,9515.593220338984,9918.991399264489,11674.919814732024,9918.991399264489,0.95933072600956,ABM
2026-09-15 07:55:00,pRy8kStWlAw,'ヤラララ' (YARARARA) ／Cover -しゆん×ばぁう,1606372,0.9833333333333332,154.0,156.61016949152545,246.8451520276685,244.1248410081191,246.8451520276685,0.6344470134619911,ShiyunBaau
2026-09-15 07:55:00,xJQ6KrmdpD0,【以心伝心】新人歌い手グループが『ヤラララ』を本気で歌ってみたら...【EL6】,2013713,0.9833333333333332,669.0,680.3389830508474,1882.7039639319185,1894.101360348983,1882.7039639319185,0.3613626975268054,EL6
2026-09-15 08:54:00,SnZvS3f5IrA,ヤラララ／Cover - KOMAINU.,2862878,0.9833333333333332,600.0,610.1694915254237,680.4949589108336,677.1450229230342,680.4949589108336,0.8966554175537622,KOMAINU
2026-09-15 08:54:00,T24rF_x0TmQ,[MV] ABM - 'ヤラララ' (YARARARA) feat. 重音テト,55661206,0.9833333333333332,9387.0,9546.101694915254,10150.516822993302,10269.366737122746,10150.516822993302,0.9404547434758292,ABM
2026-09-15 08:54:00,pRy8kStWlAw,'ヤラララ' (YARARARA) ／Cover -しゆん×ばぁう,1606597,0.9833333333333332,225.0,228.8135593220339,250.36210118021089,189.7002201338996,250.36210118021089,0.913930496043144,ShiyunBaau
2026-09-15 08:54:00,xJQ6KrmdpD0,【以心伝心】新人歌い手グループが『ヤラララ』を本気で歌ってみたら...【EL6】,2015065,0.9833333333333332,1352.0,1374.9152542372883,1913.9327774912408,1302.807872391802,1913.9327774912408,0.7183717580925231,EL6
2026-09-15 09:59:00,SnZvS3f5IrA,ヤラララ／Cover - KOMAINU.,2863552,1.0833333333333333,674.0,622.1538461538462,695.1289733339105,629.7063149409635,695.1289733339105,0.8950192986057421,KOMAINU
2026-09-15 09:59:00,T24rF_x0TmQ,[MV] ABM - 'ヤラララ' (YARARARA) feat. 重音テト,55672469,1.0833333333333333,11263.0,10396.615384615385,10419.256005685613,9839.996263425111,10419.256005685613,0.997827040524019,ABM
2026-09-15 09:59:00,pRy8kStWlAw,'ヤラララ' (YARARARA) ／Cover -しゆん×ばぁう,1606908,1.0833333333333333,311.0,287.0769230769231,257.9095771417493,192.44784599885224,257.9095771417493,1.113091364261914,ShiyunBaau
2026-09-15 09:59:00,xJQ6KrmdpD0,【以心伝心】新人歌い手グループが『ヤラララ』を本気で歌ってみたら...【EL6】,2017037,1.0833333333333333,1972.0,1820.3076923076924,1949.2711188373944,1150.5938810987238,1949.2711188373944,0.9338401799095962,EL6
2026-09-15 10:57:00,SnZvS3f5IrA,ヤラララ／Cover - KOMAINU.,2864031,0.9666666666666668,479.0,495.5172413793104,664.1653555665231,612.9326807457569,664.1653555665231,0.7460751110040083,KOMAINU
2026-09-15 10:57:00,T24rF_x0TmQ,[MV] ABM - 'ヤラララ' (YARARARA) feat. 重音テト,55680253,0.9666666666666668,7784.0,8052.413793103448,9858.62917926831,9616.548454634903,9858.62917926831,0.8167883837275117,ABM
2026-09-15 10:57:00,pRy8kStWlAw,'ヤラララ' (YARARARA) ／Cover -しゆん×ばぁう,1607065,0.9666666666666668,157.0,162.41379310344828,245.100547334619,188.6935893869268,245.100547334619,0.6626414949686581,ShiyunBaau
2026-09-15 10:57:00,xJQ6KrmdpD0,【以心伝心】新人歌い手グループが『ヤラララ』を本気で歌ってみたら...【EL6】,2018673,0.9666666666666668,1636.0,1692.4137931034484,1862.5002246234844,1218.3213700993144,1862.5002246234844,0.9086784370431849,EL6
2026-09-15 11:57:00,SnZvS3f5IrA,ヤラララ／Cover - KOMAINU.,2864572,1.0,541.0,541.0,677.0883781653932,570.2802065665793,677.0883781653932,0.7990094313328315,KOMAINU
2026-09-15 11:57:00,T24rF_x0TmQ,[MV] ABM - 'ヤラララ' (YARARARA) feat. 重音テト,55690248,1.0,9995.0,9995.0,10030.934970228762,9382.51796175962,10030.934970228762,0.9964175851667452,ABM
2026-09-15 11:57:00,pRy8kStWlAw,'ヤラララ' (YARARARA) ／Cover -しゆん×ばぁう,1607281,1.0,216.0,216.0,248.59207275834777,190.16342188437883,248.59207275834777,0.8688933544955394,ShiyunBaau
2026-09-15 11:57:00,xJQ6KrmdpD0,【以心伝心】新人歌い手グループが『ヤラララ』を本気で歌ってみたら...【EL6】,2020115,1.0,1442.0,1442.0,1879.4055918551228,1219.7108175284682,1879.4055918551228,0.7672638658995535,EL6
2026-09-15 12:57:00,SnZvS3f5IrA,ヤラララ／Cover - KOMAINU.,2865545,1.0,973.0,973.0,681.8103727009124,623.0038599623638,681.8103727009124,1.4270830115792663,KOMAINU
2026-09-15 12:57:00,T24rF_x0TmQ,[MV] ABM - 'ヤラララ' (YARARARA) feat. 重音テト,55704716,1.0,14468.0,14468.0,10000.899451103078,10102.817727567584,10000.899451103078,1.4466698791181438,ABM
2026-09-15 12:57:00,pRy8kStWlAw,'ヤラララ' (YARARARA) ／Cover -しゆん×ばぁう,1607661,1.0,380.0,380.0,252.3352421572549,220.7020635705615,252.3352421572549,1.5059331259134412,ShiyunBaau
2026-09-15 12:57:00,xJQ6KrmdpD0,【以心伝心】新人歌い手グループが『ヤラララ』を本気で歌ってみたら...【EL6】,2022570,1.0,2455.0,2455.0,1884.0743077021173,1450.425103242754,1884.0743077021173,1.3030271629754369,EL6
2026-09-15 13:57:00,SnZvS3f5IrA,ヤラララ／Cover - KOMAINU.,2865951,1.0,406.0,406.0,689.477039367579,599.8610028195066,689.477039367579,0.5888520963256477,KOMAINU
2026-09-15 13:57:00,T24rF_x0TmQ,[MV] ABM - 'ヤラララ' (YARARARA) feat. 重音テト,55711759,1.0,7043.0,7043.0,10148.982784436412,9859.532013281869,10148.982784436412,0.6939611732124057,ABM
2026-09-15 13:57:00,pRy8kStWlAw,'ヤラララ' (YARARARA) ／Cover -しゆん×ばぁう,1607795,1.0,134.0,134.0,256.25190882392155,223.5592064277044,256.25190882392155,0.5229229339792956,ShiyunBaau
2026-09-15 13:57:00,xJQ6KrmdpD0,【以心伝心】新人歌い手グループが『ヤラララ』を本気で歌ってみたら...【EL6】,2023505,1.0,935.0,935.0,1899.6993077021173,1485.7108175284682,1899.6993077021173,0.4921831556231807,EL6
2026-09-15 14:57:00,SnZvS3f5IrA,ヤラララ／Cover - KOMAINU.,2866474,1.0,523.0,523.0,678.8118094825214,595.83436843694,678.8118094825214,0.7704639086917161,KOMAINU
2026-09-15 14:57:00,T24rF_x0TmQ,[MV] ABM - 'ヤラララ' (YARARARA) feat. 重音テト,55719362,1.0,7603.0,7603.0,9965.903761447908,9586.3044103763,9965.903761447908,0.7629012061516626,ABM
2026-09-15 14:57:00,pRy8kStWlAw,'ヤラララ' (YARARARA) ／Cover -しゆん×ばぁう,1607984,1.0,189.0,189.0,253.6096674446112,228.1863250717722,253.6096674446112,0.7452397296379797,ShiyunBaau
2026-09-15 14:57:00,xJQ6KrmdpD0,【以心伝心】新人歌い手グループが『ヤラララ』を本気で歌ってみたら...【EL6】,2024822,1.0,1317.0,1317.0,1879.2294801159103,1576.662391378347,1879.2294801159103,0.7008191463230812,EL6
2026-09-15 16:00:00,SnZvS3f5IrA,ヤラララ／Cover - KOMAINU.,2866933,1.05,459.0,437.1428571428571,689.1414798121918,571.1162778108591,689.1414798121918,0.6343296259891211,KOMAINU
2026-09-15 16:00:00,T24rF_x0TmQ,[MV] ABM - 'ヤラララ' (YARARARA) feat. 重音テト,55724548,1.05,5186.0,4939.047619047619,10043.158950703097,8928.153828109494,10043.158950703097,0.491782281181744,ABM
2026-09-15 16:00:00,pRy8kStWlAw,'ヤラララ' (YARARARA) ／Cover -しゆん×ばぁう,1608120,1.05,136.0,129.52380952380952,255.27572361066737,214.00207510059727,255.27572361066737,0.5073878851141841,ShiyunBaau
2026-09-15 16:00:00,xJQ6KrmdpD0,【以心伝心】新人歌い手グループが『ヤラララ』を本気で歌ってみたら...【EL6】,2025964,1.05,1142.0,1087.6190476190477,1901.27770966414,1535.6200761471696,1901.27770966414,0.5720463886420754,EL6
2026-09-15 16:57:00,SnZvS3f5IrA,ヤラララ／Cover - KOMAINU.,2867475,0.95,542.0,570.5263157894738,700.0625324437707,571.0425325581859,700.0625324437707,0.8149647914992489,KOMAINU
2026-09-15 16:57:00,T24rF_x0TmQ,[MV] ABM - 'ヤラララ' (YARARARA) feat. 重音テト,55733296,0.95,8748.0,9208.42105263158,10220.57123140485,8963.187231174754,10220.57123140485,0.900969314155042,ABM
2026-09-15 16:57:00,pRy8kStWlAw,'ヤラララ' (YARARARA) ／Cover -しゆん×ばぁう,1608347,0.95,227.0,238.94736842105263,258.6090569440007,217.12023676565417,258.6090569440007,0.9239713846247636,ShiyunBaau
2026-09-15 16:57:00,xJQ6KrmdpD0,【以心伝心】新人歌い手グループが『ヤラララ』を本気で歌ってみたら...【EL6】,2027540,0.95,1576.0,1658.9473684210527,1931.2338500150167,1551.035987681405,1931.2338500150167,0.8590090570378894,EL6
2026-09-15 17:59:00,SnZvS3f5IrA,ヤラララ／Cover - KOMAINU.,2867994,1.0333333333333334,519.0,502.25806451612897,673.6149517986095,564.7038910640657,673.6149517986095,0.745615968254649,KOMAINU
2026-09-15 17:59:00,T24rF_x0TmQ,[MV] ABM - 'ヤラララ' (YARARARA) feat. 重音テト,55741213,1.0333333333333334,7917.0,7661.612903225806,9907.555102372591,8702.583082129286,9907.555102372591,0.7733101480698357,ABM
2026-09-15 17:59:00,pRy8kStWlAw,'ヤラララ' (YARARARA) ／Cover -しゆん×ばぁう,1608607,1.0333333333333334,260.0,251.61290322580643,252.5095945784093,219.86915445295264,252.5095945784093,0.9964488820549572,ShiyunBaau
2026-09-15 17:59:00,xJQ6KrmdpD0,【以心伝心】新人歌い手グループが『ヤラララ』を本気で歌ってみたら...【EL6】,2029252,1.0333333333333334,1712.0,1656.7741935483868,1875.4744414128663,1507.4772299412125,1875.4744414128663,0.8833893744242527,EL6
2026-09-15 18:59:00,SnZvS3f5IrA,ヤラララ／Cover - KOMAINU.,2868924,1.0,930.0,930.0,673.0732851319427,620.2753196354943,673.0732851319427,1.3817217538468962,KOMAINU
2026-09-15 18:59:00,T24rF_x0TmQ,[MV] ABM - 'ヤラララ' (YARARARA) feat. 重音テト,55754815,1.0,13602.0,13602.0,9886.013435705929,9217.868796415,9886.013435705929,1.3758832201130553,ABM
2026-09-15 18:59:00,pRy8kStWlAw,'ヤラララ' (YARARARA) ／Cover -しゆん×ばぁう,1609085,1.0,478.0,478.0,248.8845945784093,257.29772588152406,248.8845945784093,1.920568851638624,ShiyunBaau
2026-09-15 18:59:00,xJQ6KrmdpD0,【以心伝心】新人歌い手グループが『ヤラララ』を本気で歌ってみたら...【EL6】,2032222,1.0,2970.0,2970.0,1851.5577747462,1725.7629442269265,1851.5577747462,1.6040547265164915,EL6
2026-09-15 19:56:00,SnZvS3f5IrA,ヤラララ／Cover - KOMAINU.,2869449,0.95,525.0,552.6315789473684,680.4216348197216,611.8198520494785,680.4216348197216,0.8121898991259864,KOMAINU
2026-09-15 19:56:00,T24rF_x0TmQ,[MV] ABM - 'ヤラララ' (YARARARA) feat. 重音テト,55762787,0.95,7972.0,8391.578947368422,10040.789677157012,9114.58256528418,10040.789677157012,0.8357489019473662,ABM
2026-09-15 19:56:00,pRy8kStWlAw,'ヤラララ' (YARARARA) ／Cover -しゆん×ばぁう,1609340,0.95,255.0,268.42105263157896,253.9247373081149,258.68814172528096,253.9247373081149,1.0570890236104646,ShiyunBaau
2026-09-15 19:56:00,xJQ6KrmdpD0,【以心伝心】新人歌い手グループが『ヤラララ』を本気で歌ってみたら...【EL6】,2034378,0.95,2156.0,2269.4736842105262,1891.203924017684,1793.7267867248763,1891.203924017684,1.2000153211342983,EL6
2026-09-15 20:54:00,SnZvS3f5IrA,ヤラララ／Cover - KOMAINU.,2870026,0.9666666666666668,577.0,596.8965517241379,677.0806314958983,564.8069210149957,677.0806314958983,0.8815738096146587,KOMAINU
2026-09-15 20:54:00,T24rF_x0TmQ,[MV] ABM - 'ヤラララ' (YARARARA) feat. 重音テト,55768944,0.9666666666666668,6157.0,6369.310344827586,9893.930503863834,8102.246358387627,9893.930503863834,0.6437593575516026,ABM
2026-09-15 20:54:00,pRy8kStWlAw,'ヤラララ' (YARARARA) ／Cover -しゆん×ばぁう,1609620,0.9666666666666668,280.0,289.6551724137931,255.35395471234204,247.39503827700509,255.35395471234204,1.134328124035093,ShiyunBaau
2026-09-15 20:54:00,xJQ6KrmdpD0,【以心伝心】新人歌い手グループが『ヤラララ』を本気で歌ってみたら...【EL6】,2036283,0.9666666666666668,1905.0,1970.6896551724133,1894.3833532638728,1733.1879936214282,1894.3833532638728,1.0402802852849562,EL6
2026-09-15 21:59:00,SnZvS3f5IrA,ヤラララ／Cover - KOMAINU.,2870975,1.0833333333333333,949.0,876.0000000000001,702.2058773975375,637.9221954457096,702.2058773975375,1.2474973910024298,KOMAINU
2026-09-15 21:59:00,T24rF_x0TmQ,[MV] ABM - 'ヤラララ' (YARARARA) feat. 重音テト,55780322,1.0833333333333333,11378.0,10502.769230769232,10157.333076373292,8667.820013981463,10157.333076373292,1.0340085484839965,ABM
2026-09-15 21:59:00,pRy8kStWlAw,'ヤラララ' (YARARARA) ／Cover -しゆん×ばぁう,1610100,1.0833333333333333,480.0,443.0769230769231,267.2540808157468,299.89103275613763,267.2540808157468,1.6578864641636435,ShiyunBaau
2026-09-15 21:59:00,xJQ6KrmdpD0,【以心伝心】新人歌い手グループが『ヤラララ』を本気で歌ってみたら...【EL6】,2038983,1.0833333333333333,2700.0,2492.3076923076924,1944.9740216119185,2015.11594875416,1944.9740216119185,1.2814092448608467,EL6
2026-09-15 22:57:00,SnZvS3f5IrA,ヤラララ／Cover - KOMAINU.,2871773,0.9666666666666668,798.0,825.5172413793103,710.0965963190039,661.3715761874096,710.0965963190039,1.162542174766959,KOMAINU
2026-09-15 22:57:00,T24rF_x0TmQ,[MV] ABM - 'ヤラララ' (YARARARA) feat. 重音テト,55792898,0.9666666666666668,12576.0,13009.655172413792,10364.038204951616,9210.549408785506,10364.038204951616,1.2552689323547823,ABM
2026-09-15 22:57:00,pRy8kStWlAw,'ヤラララ' (YARARARA) ／Cover -しゆん×ばぁう,1610500,0.9666666666666668,400.0,413.7931034482759,271.6711470773744,314.1287915926549,271.6711470773744,1.5231396778783577,ShiyunBaau
2026-09-15 22:57:00,xJQ6KrmdpD0,【以心伝心】新人歌い手グループが『ヤラララ』を本気で歌ってみたら...【EL6】,2042143,0.9666666666666668,3160.0,3268.965517241379,1958.1195809271296,2171.847144815062,1958.1195809271296,1.6694412073105314,EL6
2026-09-15 23:57:00,SnZvS3f5IrA,ヤラララ／Cover - KOMAINU.,2872678,1.0,905.0,905.0,717.8927324662437,741.1862052238494,717.8927324662437,1.2606340182480595,KOMAINU
2026-09-15 23:57:00,T24rF_x0TmQ,[MV] ABM - 'ヤラララ' (YARARARA) feat. 重音テト,55807093,1.0,14195.0,14195.0,10517.276676753552,10533.132371229263,10517.276676753552,1.3496839948477688,ABM
2026-09-15 23:57:00,pRy8kStWlAw,'ヤラララ' (YARARARA) ／Cover -しゆん×ばぁう,1610937,1.0,437.0,437.0,278.2843011942794,368.7941649709111,278.2843011942794,1.570336516018257,ShiyunBaau
2026-09-15 23:57:00,xJQ6KrmdpD0,【以心伝心】新人歌い手グループが『ヤラララ』を本気で歌ってみたら...【EL6】,2045349,1.0,3206.0,3206.0,2008.0347976900448,2547.744391782914,2008.0347976900448,1.5965858777387931,EL6
2026-09-16 00:56:00,SnZvS3f5IrA,ヤラララ／Cover - KOMAINU.,2873610,0.9833333333333332,932.0,947.7966101694916,671.7333537744249,767.0125058420547,671.7333537744249,1.4109714886775917,KOMAINU
2026-09-16 00:56:00,T24rF_x0TmQ,[MV] ABM - 'ヤラララ' (YARARARA) feat. 重音テト,55820787,0.9833333333333332,13694.0,13926.101694915254,10063.26916832917,10957.253536690012,10063.26916832917,1.3838546362988162,ABM
2026-09-16 00:56:00,pRy8kStWlAw,'ヤラララ' (YARARARA) ／Cover -しゆん×ばぁう,1611351,0.9833333333333332,414.0,421.0169491525424,260.71415663105626,375.322012993615,260.71415663105626,1.614860330535618,ShiyunBaau
2026-09-16 00:56:00,xJQ6KrmdpD0,【以心伝心】新人歌い手グループが『ヤラララ』を本気で歌ってみたら...【EL6】,2048313,0.9833333333333332,2964.0,3014.237288135593,1819.9666213000685,2606.056003826999,1819.9666213000685,1.6562047088437335,EL6
2026-09-16 01:56:00,SnZvS3f5IrA,ヤラララ／Cover - KOMAINU.,2874060,1.0,450.0,450.0,662.8640196234479,760.4802477775386,662.8640196234479,0.6788722674307028,KOMAINU
2026-09-16 01:56:00,T24rF_x0TmQ,[MV] ABM - 'ヤラララ' (YARARARA) feat. 重音テト,55827821,1.0,7034.0,7034.0,9942.098401596004,10878.801923786788,9942.098401596004,0.7074965179253138,ABM
2026-09-16 01:56:00,pRy8kStWlAw,'ヤラララ' (YARARARA) ／Cover -しゆん×ばぁう,1611552,1.0,201.0,201.0,258.32559036581404,368.9954000903892,258.32559036581404,0.778087837582659,ShiyunBaau
2026-09-16 01:56:00,xJQ6KrmdpD0,【以心伝心】新人歌い手グループが『ヤラララ』を本気で歌ってみたら...【EL6】,2049735,1.0,1422.0,1422.0,1804.0479564480656,2576.709229633451,1804.0479564480656,0.7882273832674225,EL6
2026-09-16 02:55:00,SnZvS3f5IrA,ヤラララ／Cover - KOMAINU.,2874236,0.9833333333333332,176.0,178.98305084745763,635.4397350999692,666.6031291334707,635.4397350999692,0.2816680181627287,KOMAINU
2026-09-16 02:55:00,T24rF_x0TmQ,[MV] ABM - 'ヤラララ' (YARARARA) feat. 重音テト,55831198,0.9833333333333332,3377.0,3434.237288135593,9581.52690951487,9607.831584803736,9581.52690951487,0.3584227566824706,ABM
2026-09-16 02:55:00,pRy8kStWlAw,'ヤラララ' (YARARARA) ／Cover -しゆん×ばぁう,1611632,0.9833333333333332,80.0,81.35593220338984,250.68146699821187,319.4148916158129,250.68146699821187,0.3245390781280618,ShiyunBaau
2026-09-16 02:55:00,xJQ6KrmdpD0,【以心伝心】新人歌い手グループが『ヤラララ』を本気で歌ってみたら...【EL6】,2050387,0.9833333333333332,652.0,663.0508474576271,1734.3339247726003,2288.3405855656542,1734.3339247726003,0.3823086419442345,EL6
2026-09-16 03:57:00,SnZvS3f5IrA,ヤラララ／Cover - KOMAINU.,2874525,1.0333333333333334,289.0,279.67741935483866,615.9556454334847,637.567760250157,615.9556454334847,0.4540544784811786,KOMAINU
2026-09-16 03:57:00,T24rF_x0TmQ,[MV] ABM - 'ヤラララ' (YARARARA) feat. 重音テト,55836398,1.0333333333333334,5200.0,5032.258064516129,9333.89519819721,9590.574492964286,9333.89519819721,0.5391380509059156,ABM
2026-09-16 03:57:00,pRy8kStWlAw,'ヤラララ' (YARARARA) ／Cover -しゆん×ばぁう,1611727,1.0333333333333334,95.0,91.93548387096772,246.9554965225421,298.4540559645856,246.9554965225421,0.372275511845414,ShiyunBaau
2026-09-16 03:57:00,xJQ6KrmdpD0,【以心伝心】新人歌い手グループが『ヤラララ』を本気で歌ってみたら...【EL6】,2051274,1.0333333333333334,887.0,858.3870967741934,1697.3609340672972,2132.135491702355,1697.3609340672972,0.5057186598004735,EL6
2026-09-16 04:55:00,SnZvS3f5IrA,ヤラララ／Cover - KOMAINU.,2875143,0.9666666666666668,618.0,639.3103448275862,607.7375616943627,637.7855833223356,607.7375616943627,1.0519513440064474,KOMAINU
2026-09-16 04:55:00,T24rF_x0TmQ,[MV] ABM - 'ヤラララ' (YARARARA) feat. 重音テト,55846251,0.9666666666666668,9853.0,10192.758620689656,9262.099027952418,9665.847508929955,9262.099027952418,1.1004804191715687,ABM
2026-09-16 04:55:00,pRy8kStWlAw,'ヤラララ' (YARARARA) ／Cover -しゆん×ばぁう,1611953,0.9666666666666668,226.0,233.79310344827587,250.5531564419612,290.37143690004683,250.5531564419612,0.9331077954407346,ShiyunBaau
2026-09-16 04:55:00,xJQ6KrmdpD0,【以心伝心】新人歌い手グループが『ヤラララ』を本気で歌ってみたら...【EL6】,2052808,0.9666666666666668,1534.0,1586.896551724138,1723.7635277213055,2063.980624205078,1723.7635277213055,0.920599911881129,EL6
2026-09-16 05:55:00,SnZvS3f5IrA,ヤラララ／Cover - KOMAINU.,2875843,1.0,700.0,700.0,611.4280592265882,615.7855833223355,611.4280592265882,1.144860772149464,KOMAINU
2026-09-16 05:55:00,T24rF_x0TmQ,[MV] ABM - 'ヤラララ' (YARARARA) feat. 重音テト,55856766,1.0,10515.0,10515.0,9312.21506683432,9667.376355083805,9312.21506683432,1.1291620655808765,ABM
2026-09-16 05:55:00,pRy8kStWlAw,'ヤラララ' (YARARARA) ／Cover -しゆん×ばぁう,1612165,1.0,212.0,212.0,249.0110301842828,261.4868215154315,249.0110301842828,0.8513679086549202,ShiyunBaau
2026-09-16 05:55:00,xJQ6KrmdpD0,【以心伝心】新人歌い手グループが『ヤラララ』を本気で歌ってみたら...【EL6】,2054319,1.0,1511.0,1511.0,1715.2529866124532,1941.317162666616,1715.2529866124532,0.8809196146535541,EL6
2026-09-16 06:54:00,SnZvS3f5IrA,ヤラララ／Cover - KOMAINU.,2876459,0.9833333333333332,616.0,626.4406779661017,612.328309296052,590.9010128956845,612.328309296052,1.0230470622635,KOMAINU
2026-09-16 06:54:00,T24rF_x0TmQ,[MV] ABM - 'ヤラララ' (YARARARA) feat. 重音テト,55866892,0.9833333333333332,10126.0,10297.627118644068,9347.08408600631,9328.372848362587,9347.08408600631,1.101694070994914,ABM
2026-09-16 06:54:00,pRy8kStWlAw,'ヤラララ' (YARARARA) ／Cover -しゆん×ばぁう,1612345,0.9833333333333332,180.0,183.0508474576272,249.6838837547189,232.6440395166004,249.6838837547189,0.7331304075574623,ShiyunBaau
2026-09-16 06:54:00,xJQ6KrmdpD0,【以心伝心】新人歌い手グループが『ヤラララ』を本気で歌ってみたら...【EL6】,2055314,0.9833333333333332,995.0,1011.8644067796612,1722.1275628836397,1659.1795238589016,1722.1275628836397,0.5875664663803019,EL6
2026-09-16 07:54:00,SnZvS3f5IrA,ヤラララ／Cover - KOMAINU.,2876990,1.0,531.0,531.0,610.848309296052,544.1510128956845,610.848309296052,0.869282916755438,KOMAINU
2026-09-16 07:54:00,T24rF_x0TmQ,[MV] ABM - 'ヤラララ' (YARARARA) feat. 重音テト,55876579,1.0,9687.0,9687.0,9384.724086006312,8764.872848362587,9384.724086006312,1.032209355461437,ABM
2026-09-16 07:54:00,pRy8kStWlAw,'ヤラララ' (YARARARA) ／Cover -しゆん×ばぁう,1612493,1.0,148.0,148.0,251.04388375471896,196.5190395166004,251.04388375471896,0.5895383619248122,ShiyunBaau
2026-09-16 07:54:00,xJQ6KrmdpD0,【以心伝心】新人歌い手グループが『ヤラララ』を本気で歌ってみたら...【EL6】,2056109,1.0,795.0,795.0,1726.4075628836397,1357.8045238589016,1726.4075628836397,0.4604938121749778,EL6
2026-09-16 08:54:00,SnZvS3f5IrA,ヤラララ／Cover - KOMAINU.,2877440,1.0,450.0,450.0,606.6604916749128,481.926436624498,606.6604916749128,0.7417657918642551,KOMAINU
2026-09-16 08:54:00,T24rF_x0TmQ,[MV] ABM - 'ヤラララ' (YARARARA) feat. 重音テト,55885841,1.0,9262.0,9262.0,9367.433634787649,8181.86013649818,9367.433634787649,0.988744661675947,ABM
2026-09-16 08:54:00,pRy8kStWlAw,'ヤラララ' (YARARARA) ／Cover -しゆん×ばぁう,1612622,1.0,129.0,129.0,250.81972354393392,160.01692087253258,250.81972354393392,0.5143136200666619,ShiyunBaau
2026-09-16 08:54:00,xJQ6KrmdpD0,【以心伝心】新人歌い手グループが『ヤラララ』を本気で歌ってみたら...【EL6】,2056764,1.0,655.0,655.0,1739.9972847834522,1062.8998628419524,1739.9972847834522,0.3764373690281457,EL6
2026-09-16 09:57:00,SnZvS3f5IrA,ヤラララ／Cover - KOMAINU.,2877942,1.05,502.0,478.0952380952381,601.5178815317258,529.2176686062521,601.5178815317258,0.7948146726374948,KOMAINU
2026-09-16 09:57:00,T24rF_x0TmQ,[MV] ABM - 'ヤラララ' (YARARARA) feat. 重音テト,55896436,1.05,10595.0,10090.47619047619,9396.35533701519,9296.731427760864,9396.35533701519,1.0738712861067143,ABM
2026-09-16 09:57:00,pRy8kStWlAw,'ヤラララ' (YARARARA) ／Cover -しゆん×ばぁう,1612765,1.05,143.0,136.19047619047618,246.2345536497956,161.99570156676387,246.2345536497956,0.5530924647731268,ShiyunBaau
2026-09-16 09:57:00,xJQ6KrmdpD0,【以心伝心】新人歌い手グループが『ヤラララ』を本気で歌ってみたら...【EL6】,2057533,1.05,769.0,732.3809523809523,1699.6926314873522,1021.504143951278,1699.6926314873522,0.430890232041582,EL6
2026-09-16 10:55:00,SnZvS3f5IrA,ヤラララ／Cover - KOMAINU.,2878397,0.9666666666666668,455.0,470.6896551724138,595.4593138924687,521.9016669270223,595.4593138924687,0.7904648465325936,KOMAINU
2026-09-16 10:55:00,T24rF_x0TmQ,[MV] ABM - 'ヤラララ' (YARARARA) feat. 重音テト,55905502,0.9666666666666668,9066.0,9378.620689655172,9355.635549216782,9306.967585497652,9355.635549216782,1.0024568229830535,ABM
2026-09-16 10:55:00,pRy8kStWlAw,'ヤラララ' (YARARARA) ／Cover -しゆん×ばぁう,1612901,0.9666666666666668,136.0,140.68965517241378,240.37906293361524,159.3324457674701,240.37906293361524,0.5852824844868774,ShiyunBaau
2026-09-16 10:55:00,xJQ6KrmdpD0,【以心伝心】新人歌い手グループが『ヤラララ』を本気で歌ってみたら...【EL6】,2058506,0.9666666666666668,973.0,1006.551724137931,1667.1423927605615,1019.6350914746096,1667.1423927605615,0.6037587002218916,EL6
2026-09-16 11:56:00,SnZvS3f5IrA,ヤラララ／Cover - KOMAINU.,2878800,1.0166666666666666,403.0,396.3934426229508,591.4943619422141,521.8027162652435,591.4943619422141,0.6701559103984771,KOMAINU
2026-09-16 11:56:00,T24rF_x0TmQ,[MV] ABM - 'ヤラララ' (YARARARA) feat. 重音テト,55915063,1.0166666666666666,9561.0,9404.262295081968,9409.709489295925,9804.998041979628,9409.709489295925,0.9994211092042584,ABM
2026-09-16 11:56:00,pRy8kStWlAw,'ヤラララ' (YARARARA) ／Cover -しゆん×ばぁう,1613178,1.0166666666666666,277.0,272.45901639344265,244.780871865215,174.48428503056567,244.780871865215,1.1130731511711758,ShiyunBaau
2026-09-16 11:56:00,xJQ6KrmdpD0,【以心伝心】新人歌い手グループが『ヤラララ』を本気で歌ってみたら...【EL6】,2060330,1.0166666666666666,1824.0,1794.098360655738,1671.2097754626532,1072.2707777077546,1671.2097754626532,1.0735327108525703,EL6
2026-09-16 12:56:00,SnZvS3f5IrA,ヤラララ／Cover - KOMAINU.,2879583,1.0,783.0,783.0,601.1743619422142,533.6598591223864,601.1743619422142,1.3024507523414033,KOMAINU
2026-09-16 12:56:00,T24rF_x0TmQ,[MV] ABM - 'ヤラララ' (YARARARA) feat. 重音テト,55927689,1.0,12626.0,12626.0,9514.949489295925,10106.569470551056,9514.949489295925,1.3269644798644418,ABM
2026-09-16 12:56:00,pRy8kStWlAw,'ヤラララ' (YARARARA) ／Cover -しゆん×ばぁう,1613595,1.0,417.0,417.0,252.82087186521505,203.76999931628,252.82087186521505,1.649389138339468,ShiyunBaau
2026-09-16 12:56:00,xJQ6KrmdpD0,【以心伝心】新人歌い手グループが『ヤラララ』を本気で歌ってみたら...【EL6】,2062944,1.0,2614.0,2614.0,1718.0897754626533,1229.8422062791833,1718.0897754626533,1.5214571655873412,EL6
2026-09-16 13:56:00,SnZvS3f5IrA,ヤラララ／Cover - KOMAINU.,2880154,1.0,571.0,571.0,585.0943619422142,525.7397622700861,585.0943619422142,0.975910959224717,KOMAINU
2026-09-16 13:56:00,T24rF_x0TmQ,[MV] ABM - 'ヤラララ' (YARARARA) feat. 重音テト,55938949,1.0,11260.0,11260.0,9386.629489295923,10244.05131074476,9386.629489295923,1.1995786147562746,ABM
2026-09-16 13:56:00,pRy8kStWlAw,'ヤラララ' (YARARARA) ／Cover -しゆん×ばぁう,1613814,1.0,219.0,219.0,246.380871865215,208.90559253661897,246.380871865215,0.8888677044693877,ShiyunBaau
2026-09-16 13:56:00,xJQ6KrmdpD0,【以心伝心】新人歌い手グループが『ヤラララ』を本気で歌ってみたら...【EL6】,2064323,1.0,1379.0,1379.0,1675.049775462653,1282.290148167803,1675.049775462653,0.8232591175501734,EL6
2026-09-16 14:55:00,SnZvS3f5IrA,ヤラララ／Cover - KOMAINU.,2880780,0.9833333333333332,626.0,636.6101694915254,594.3187687218751,540.826929340304,594.3187687218751,1.071159456835935,KOMAINU
2026-09-16 14:55:00,T24rF_x0TmQ,[MV] ABM - 'ヤラララ' (YARARARA) feat. 重音テト,55949508,0.9833333333333332,10559.0,10737.966101694916,9534.42813336372,10394.189325272606,9534.42813336372,1.1262307452000888,ABM
2026-09-16 14:55:00,pRy8kStWlAw,'ヤラララ' (YARARARA) ／Cover -しゆん×ばぁう,1614001,0.9833333333333332,187.0,190.16949152542367,248.627651526232,214.9298056116795,248.627651526232,0.7648766754544175,ShiyunBaau
2026-09-16 14:55:00,xJQ6KrmdpD0,【以心伝心】新人歌い手グループが『ヤラララ』を本気で歌ってみたら...【EL6】,2065739,0.9833333333333332,1416.0,1440.0,1695.2497754626531,1374.43300531066,1695.2497754626531,0.8494323496412247,EL6
2026-09-16 15:59:00,SnZvS3f5IrA,ヤラララ／Cover - KOMAINU.,2881379,1.0666666666666669,599.0,561.5625,595.8612687218753,556.764429340304,595.8612687218753,0.9424383316682988,KOMAINU
2026-09-16 15:59:00,T24rF_x0TmQ,[MV] ABM - 'ヤラララ' (YARARARA) feat. 重音テト,55959946,1.0666666666666669,10438.0,9785.625,9621.73313336372,10468.992896701178,9621.73313336372,1.0170335078269817,ABM
2026-09-16 15:59:00,pRy8kStWlAw,'ヤラララ' (YARARARA) ／Cover -しゆん×ばぁう,1614248,1.0666666666666669,247.0,231.5625,250.330151526232,229.58159132596523,250.330151526232,0.9250284018452914,ShiyunBaau
2026-09-16 15:59:00,xJQ6KrmdpD0,【以心伝心】新人歌い手グループが『ヤラララ』を本気で歌ってみたら...【EL6】,2067142,1.0666666666666669,1403.0,1315.3125,1695.1822754626533,1468.7633624535172,1695.1822754626533,0.7759121358445196,EL6
2026-09-16 16:56:00,SnZvS3f5IrA,ヤラララ／Cover - KOMAINU.,2881885,0.95,506.0,532.6315789473684,599.6808175940556,553.7478230411871,599.6808175940556,0.8881917902331918,KOMAINU
2026-09-16 16:56:00,T24rF_x0TmQ,[MV] ABM - 'ヤラララ' (YARARARA) feat. 重音テト,55969155,0.95,9209.0,9693.684210526317,9811.918597022868,10372.07931092932,9811.918597022868,0.9879499217887492,ABM
2026-09-16 16:56:00,pRy8kStWlAw,'ヤラララ' (YARARARA) ／Cover -しゆん×ばぁう,1614456,0.95,208.0,218.94736842105263,253.9070938821217,228.2523134628512,253.9070938821217,0.8623129234927978,ShiyunBaau
2026-09-16 16:56:00,xJQ6KrmdpD0,【以心伝心】新人歌い手グループが『ヤラララ』を本気で歌ってみたら...【EL6】,2068463,0.95,1321.0,1390.5263157894738,1707.2985661894702,1458.983731620512,1707.2985661894702,0.8144599564052805,EL6
2026-09-16 17:56:00,SnZvS3f5IrA,ヤラララ／Cover - KOMAINU.,2882504,1.0,619.0,619.0,601.6197649624767,585.7425272945493,601.6197649624767,1.0288890692256552,KOMAINU
2026-09-16 17:56:00,T24rF_x0TmQ,[MV] ABM - 'ヤラララ' (YARARARA) feat. 重音テト,55978332,1.0,9177.0,9177.0,9810.661754917604,10383.505372471887,9810.661754917604,0.9354109059360872,ABM
2026-09-16 17:56:00,pRy8kStWlAw,'ヤラララ' (YARARARA) ／Cover -しゆん×ばぁう,1614766,1.0,310.0,310.0,256.7491991452796,265.5911966199884,256.7491991452796,1.207403960876968,ShiyunBaau
2026-09-16 17:56:00,xJQ6KrmdpD0,【以心伝心】新人歌い手グループが『ヤラララ』を本気で歌ってみたら...【EL6】,2070102,1.0,1639.0,1639.0,1706.5006714526282,1653.133882349316,1706.5006714526282,0.9604449780877206,EL6
2026-09-16 18:56:00,SnZvS3f5IrA,ヤラララ／Cover - KOMAINU.,2883958,1.0,1454.0,1454.0,639.6894423818316,736.8291783484135,639.6894423818316,2.272977954093082,KOMAINU
2026-09-16 18:56:00,T24rF_x0TmQ,[MV] ABM - 'ヤラララ' (YARARARA) feat. 重音テト,55999147,1.0,20815.0,20815.0,10336.797238788571,12013.610758888748,10336.797238788571,2.013679819692335,ABM
2026-09-16 18:56:00,pRy8kStWlAw,'ヤラララ' (YARARARA) ／Cover -しゆん×ばぁう,1615336,1.0,570.0,570.0,269.48468301624735,308.0970514209252,269.48468301624735,2.115148043369999,ShiyunBaau
2026-09-16 18:56:00,xJQ6KrmdpD0,【以心伝心】新人歌い手グループが『ヤラララ』を本気で歌ってみたら...【EL6】,2074261,1.0,4159.0,4159.0,1806.589703710693,1990.9769736842104,1806.589703710693,2.30212758960018,EL6
2026-09-16 19:56:00,SnZvS3f5IrA,ヤラララ／Cover - KOMAINU.,2884235,1.0,277.0,277.0,616.1085200249341,664.5434640626992,616.1085200249341,0.4495961198341969,KOMAINU
2026-09-16 19:56:00,T24rF_x0TmQ,[MV] ABM - 'ヤラララ' (YARARARA) feat. 重音テト,56001735,1.0,2588.0,2588.0,9958.93133426441,10579.610758888748,9958.93133426441,0.2598672400818552,ABM
2026-09-16 19:56:00,pRy8kStWlAw,'ヤラララ' (YARARARA) ／Cover -しゆん×ばぁう,1615475,1.0,139.0,139.0,255.40400094894184,268.3827657066395,255.40400094894184,0.5442357969473927,ShiyunBaau
2026-09-16 19:56:00,xJQ6KrmdpD0,【以心伝心】新人歌い手グループが『ヤラララ』を本気で歌ってみたら...【EL6】,2074959,1.0,698.0,698.0,1692.6362045231997,1717.2626879699249,1692.6362045231997,0.4123744949651601,EL6
2026-09-16 20:55:00,SnZvS3f5IrA,ヤラララ／Cover - KOMAINU.,2884499,0.9833333333333332,264.0,268.47457627118644,602.4242710477279,615.0348530887601,602.4242710477279,0.445656971629412,KOMAINU
2026-09-16 20:55:00,T24rF_x0TmQ,[MV] ABM - 'ヤラララ' (YARARARA) feat. 重音テト,56005606,0.9833333333333332,3871.0,3936.6101694915255,9857.568826958744,9749.235685214097,9857.568826958744,0.3993489914800877,ABM
2026-09-16 20:55:00,pRy8kStWlAw,'ヤラララ' (YARARARA) ／Cover -しゆん×ばぁう,1615632,0.9833333333333332,157.0,159.66101694915255,249.98757780458183,254.7925471119536,249.98757780458183,0.6386758028191362,ShiyunBaau
2026-09-16 20:55:00,xJQ6KrmdpD0,【以心伝心】新人歌い手グループが『ヤラララ』を本気で歌ってみたら...【EL6】,2076152,0.9833333333333332,1193.0,1213.2203389830509,1661.0749830153095,1654.2573943465654,1661.0749830153095,0.7303826446056764,EL6
2026-09-16 21:59:00,SnZvS3f5IrA,ヤラララ／Cover - KOMAINU.,2885403,1.0666666666666669,904.0,847.5,601.2367710477279,651.4526650312221,601.2367710477279,1.4095944240455032,KOMAINU
2026-09-16 21:59:00,T24rF_x0TmQ,[MV] ABM - 'ヤラララ' (YARARARA) feat. 重音テト,56016625,1.0666666666666669,11019.0,10330.3125,9850.383129843356,9475.17598285969,9850.383129843356,1.0487218988165667,ABM
2026-09-16 21:59:00,pRy8kStWlAw,'ヤラララ' (YARARARA) ／Cover -しゆん×ばぁう,1616049,1.0666666666666669,417.0,390.9375,247.8151018430433,288.5869121957436,247.8151018430433,1.577537031006306,ShiyunBaau
2026-09-16 21:59:00,xJQ6KrmdpD0,【以心伝心】新人歌い手グループが『ヤラララ』を本気で歌ってみたら...【EL6】,2079273,1.0666666666666669,3121.0,2925.9375,1679.1428916691557,1905.8566649675035,1679.1428916691557,1.7425184685095296,EL6
2026-09-16 22:57:00,SnZvS3f5IrA,ヤラララ／Cover - KOMAINU.,2886201,0.9666666666666668,798.0,825.5172413793103,601.2367710477279,673.2107370747332,601.2367710477279,1.3730318588810635,KOMAINU
2026-09-16 22:57:00,T24rF_x0TmQ,[MV] ABM - 'ヤラララ' (YARARARA) feat. 重音テト,56027631,0.9666666666666668,11006.0,11385.51724137931,9782.710716050256,9713.968640174644,9782.710716050256,1.1638407361570418,ABM
2026-09-16 22:57:00,pRy8kStWlAw,'ヤラララ' (YARARARA) ／Cover -しゆん×ばぁう,1616447,0.9666666666666668,398.0,411.7241379310345,247.72889494649164,303.97906541265496,247.72889494649164,1.661994810980629,ShiyunBaau
2026-09-16 22:57:00,xJQ6KrmdpD0,【以心伝心】新人歌い手グループが『ヤラララ』を本気で歌ってみたら...【EL6】,2082146,0.9666666666666668,2873.0,2972.0689655172414,1666.7722020139834,2039.1332025362208,1666.7722020139834,1.783128469460944,EL6
2026-09-16 23:57:00,SnZvS3f5IrA,ヤラララ／Cover - KOMAINU.,2887015,1.0,814.0,814.0,597.4451043810612,729.355973950071,597.4451043810612,1.362468273705723,KOMAINU
2026-09-16 23:57:00,T24rF_x0TmQ,[MV] ABM - 'ヤラララ' (YARARARA) feat. 重音テト,56038090,1.0,10459.0,10459.0,9627.044049383589,9813.062844410118,9627.044049383589,1.086418629264471,ABM
2026-09-16 23:57:00,pRy8kStWlAw,'ヤラララ' (YARARARA) ／Cover -しゆん×ばぁう,1616822,1.0,375.0,375.0,245.1455616131583,336.617522125741,245.1455616131583,1.5297034036934885,ShiyunBaau
2026-09-16 23:57:00,xJQ6KrmdpD0,【以心伝心】新人歌い手グループが『ヤラララ』を本気で歌ってみたら...【EL6】,2085099,1.0,2953.0,2953.0,1656.2305353473166,2365.746686357185,1656.2305353473166,1.7829643500569483,EL6
2026-09-17 00:56:00,SnZvS3f5IrA,ヤラララ／Cover - KOMAINU.,2887909,0.9833333333333332,894.0,909.1525423728814,595.8349348895358,770.8063371461968,595.8349348895358,1.525846319402928,KOMAINU
2026-09-17 00:56:00,T24rF_x0TmQ,[MV] ABM - 'ヤラララ' (YARARARA) feat. 重音テト,56050335,0.9833333333333332,12245.0,12452.542372881357,9565.64574429884,10280.997469107457,9565.64574429884,1.3017984050165263,ABM
2026-09-17 00:56:00,pRy8kStWlAw,'ヤラララ' (YARARARA) ／Cover -しゆん×ばぁう,1617175,0.9833333333333332,353.0,358.98305084745766,242.5608158504465,343.61510081823496,242.5608158504465,1.4799713201360298,ShiyunBaau
2026-09-17 00:56:00,xJQ6KrmdpD0,【以心伝心】新人歌い手グループが『ヤラララ』を本気で歌ってみたら...【EL6】,2088234,0.9833333333333332,3135.0,3188.135593220339,1663.476298059181,2587.051771102947,1663.476298059181,1.91655005661338,EL6
2026-09-17 01:56:00,SnZvS3f5IrA,ヤラララ／Cover - KOMAINU.,2889030,1.0,1121.0,1121.0,623.7932682228692,723.2349085747683,623.7932682228692,1.7970697298379446,KOMAINU
2026-09-17 01:56:00,T24rF_x0TmQ,[MV] ABM - 'ヤラララ' (YARARARA) feat. 重音テト,56064356,1.0,14021.0,14021.0,9856.77074429884,9310.426040536027,9856.77074429884,1.4224739890708882,ABM
2026-09-17 01:56:00,pRy8kStWlAw,'ヤラララ' (YARARARA) ／Cover -しゆん×ばぁう,1617556,1.0,381.0,381.0,250.0608158504465,316.61510081823496,250.0608158504465,1.5236293567396189,ShiyunBaau
2026-09-17 01:56:00,xJQ6KrmdpD0,【以心伝心】新人歌い手グループが『ヤラララ』を本気で歌ってみたら...【EL6】,2091350,1.0,3116.0,3116.0,1734.0596313925143,2438.051771102947,1734.0596313925143,1.796939357557004,EL6
2026-09-17 02:55:00,SnZvS3f5IrA,ヤラララ／Cover - KOMAINU.,2890058,0.9833333333333332,1028.0,1045.4237288135594,659.8949631381234,763.5085111046172,659.8949631381234,1.5842274713570446,KOMAINU
2026-09-17 02:55:00,T24rF_x0TmQ,[MV] ABM - 'ヤラララ' (YARARARA) feat. 重音テト,56082876,0.9833333333333332,18520.0,18833.898305084746,10498.423286671725,10500.860073604616,10498.423286671725,1.7939739893127884,ABM
2026-09-17 02:55:00,pRy8kStWlAw,'ヤラララ' (YARARARA) ／Cover -しゆん×ばぁう,1618066,0.9833333333333332,510.0,518.6440677966102,268.2811548334973,341.86872169053186,268.2811548334973,1.933210955940961,ShiyunBaau
2026-09-17 02:55:00,xJQ6KrmdpD0,【以心伝心】新人歌い手グループが『ヤラララ』を本気で歌ってみたら...【EL6】,2094353,0.9833333333333332,3003.0,3053.898305084746,1833.6782754603112,2515.0325878506724,1833.6782754603112,1.6654493571497002,EL6
2026-09-17 03:56:00,SnZvS3f5IrA,ヤラララ／Cover - KOMAINU.,2891030,1.0166666666666666,972.0,956.0655737704918,671.7417875634181,931.237012333749,671.7417875634181,1.4232635090908814,KOMAINU
2026-09-17 03:56:00,T24rF_x0TmQ,[MV] ABM - 'ヤラララ' (YARARARA) feat. 重音テト,56097028,1.0166666666666666,14152.0,13920.0,10635.286355204857,13057.46720276363,10635.286355204857,1.3088505128202423,ABM
2026-09-17 03:56:00,pRy8kStWlAw,'ヤラララ' (YARARARA) ／Cover -しゆん×ばぁう,1618421,1.0166666666666666,355.0,349.1803278688525,271.5171217549115,397.924154920565,271.5171217549115,1.2860342862062475,ShiyunBaau
2026-09-17 03:56:00,xJQ6KrmdpD0,【以心伝心】新人歌い手グループが『ヤラララ』を本気で歌ってみたら...【EL6】,2096806,1.0166666666666666,2453.0,2412.786885245902,1856.8426198517348,2945.975321295461,1856.8426198517348,1.2994030077996368,EL6
2026-09-17 04:54:00,SnZvS3f5IrA,ヤラララ／Cover - KOMAINU.,2891982,0.9666666666666668,952.0,984.8275862068964,699.9477942375004,937.9358340678924,699.9477942375004,1.407001485417544,KOMAINU
2026-09-17 04:54:00,T24rF_x0TmQ,[MV] ABM - 'ヤラララ' (YARARARA) feat. 重音テト,56109893,0.9666666666666668,12865.0,13308.620689655172,10966.340860210415,13088.861388625071,10966.340860210415,1.213588092810733,ABM
2026-09-17 04:54:00,pRy8kStWlAw,'ヤラララ' (YARARARA) ／Cover -しゆん×ばぁう,1618740,0.9666666666666668,319.0,330.0,281.0397024000728,389.4336355554944,281.0397024000728,1.174211320257627,ShiyunBaau
2026-09-17 04:54:00,xJQ6KrmdpD0,【以心伝心】新人歌い手グループが『ヤラララ』を本気で歌ってみたら...【EL6】,2098743,0.9666666666666668,1937.0,2003.793103448276,1902.658860118698,2828.202544064563,1902.658860118698,1.0531541651787586,EL6
2026-09-17 05:55:00,SnZvS3f5IrA,ヤラララ／Cover - KOMAINU.,2892834,1.0166666666666666,852.0,838.032786885246,708.2257207497987,936.7524324285482,708.2257207497987,1.183284879851611,KOMAINU
2026-09-17 05:55:00,T24rF_x0TmQ,[MV] ABM - 'ヤラララ' (YARARARA) feat. 重音テト,56122957,1.0166666666666666,13064.0,12849.83606557377,11095.858289589356,13403.801834321794,11095.858289589356,1.1580749979143188,ABM
2026-09-17 05:55:00,pRy8kStWlAw,'ヤラララ' (YARARARA) ／Cover -しゆん×ばぁう,1619004,1.0166666666666666,264.0,259.672131147541,284.9946494875452,373.0254644489369,284.9946494875452,0.911147390361408,ShiyunBaau
2026-09-17 05:55:00,xJQ6KrmdpD0,【以心伝心】新人歌い手グループが『ヤラララ』を本気で歌ってみたら...【EL6】,2100253,1.0166666666666666,1510.0,1485.2459016393443,1914.742535536777,2648.116094269481,1914.742535536777,0.7756896157440676,EL6
2026-09-17 06:54:00,SnZvS3f5IrA,ヤラララ／Cover - KOMAINU.,2893521,0.9833333333333332,687.0,698.6440677966102,711.2341953260699,920.8932857307108,711.2341953260699,0.9822981971167912,KOMAINU
2026-09-17 06:54:00,T24rF_x0TmQ,[MV] ABM - 'ヤラララ' (YARARARA) feat. 重音テト,56133786,0.9833333333333332,10829.0,11012.542372881357,11125.646425182576,13357.17997575955,11125.646425182576,0.9898339343190692,ABM
2026-09-17 06:54:00,pRy8kStWlAw,'ヤラララ' (YARARARA) ／Cover -しゆん×ばぁう,1619169,0.9833333333333332,165.0,167.79661016949154,284.3590562672062,342.53452347874406,284.3590562672062,0.5900870975314274,ShiyunBaau
2026-09-17 06:54:00,xJQ6KrmdpD0,【以心伝心】新人歌い手グループが『ヤラララ』を本気で歌ってみたら...【EL6】,2101379,0.9833333333333332,1126.0,1145.084745762712,1920.2933829944047,2419.743066800165,1920.2933829944047,0.5963071871742467,EL6
2026-09-17 07:54:00,SnZvS3f5IrA,ヤラララ／Cover - KOMAINU.,2894099,1.0,578.0,578.0,713.1925286594033,891.3932857307107,713.1925286594033,0.810440346432784,KOMAINU
2026-09-17 07:54:00,T24rF_x0TmQ,[MV] ABM - 'ヤラララ' (YARARARA) feat. 重音テト,56144656,1.0,10870.0,10870.0,11174.93809184924,13408.55497575955,11174.93809184924,0.9727123238318738,ABM
2026-09-17 07:54:00,pRy8kStWlAw,'ヤラララ' (YARARARA) ／Cover -しゆん×ばぁう,1619300,1.0,131.0,131.0,283.6507229338728,312.03452347874406,283.6507229338728,0.4618355935956486,ShiyunBaau
2026-09-17 07:54:00,xJQ6KrmdpD0,【以心伝心】新人歌い手グループが『ヤラララ』を本気で歌ってみたら...【EL6】,2102105,1.0,726.0,726.0,1917.4183829944047,2141.368066800165,1917.4183829944047,0.3786341084652668,EL6
2026-09-17 08:54:00,SnZvS3f5IrA,ヤラララ／Cover - KOMAINU.,2894638,1.0,539.0,539.0,716.9008619927366,845.1242179341004,716.9008619927366,0.7518473314451963,KOMAINU
2026-09-17 08:54:00,T24rF_x0TmQ,[MV] ABM - 'ヤラララ' (YARARARA) feat. 重音テト,56155095,1.0,10439.0,10439.0,11223.979758515909,13156.86217914938,11223.979758515909,0.9300622617463004,ABM
2026-09-17 08:54:00,pRy8kStWlAw,'ヤラララ' (YARARARA) ／Cover -しゆん×ばぁう,1619444,1.0,144.0,144.0,284.2757229338728,285.1616421228119,284.2757229338728,0.5065504662650941,ShiyunBaau
2026-09-17 08:54:00,xJQ6KrmdpD0,【以心伝心】新人歌い手グループが『ヤラララ』を本気で歌ってみたら...【EL6】,2102833,1.0,728.0,728.0,1920.460049661072,1833.8511176476225,1920.460049661072,0.3790758366092956,EL6
2026-09-17 09:58:00,SnZvS3f5IrA,ヤラララ／Cover - KOMAINU.,2895279,1.0666666666666669,641.0,600.9375,722.0192895721016,742.2153592370349,722.0192895721016,0.8323011707293033,KOMAINU
2026-09-17 09:58:00,T24rF_x0TmQ,[MV] ABM - 'ヤラララ' (YARARARA) feat. 重音テト,56165949,1.0666666666666669,10854.0,10175.625,11227.527625579402,11796.517732587186,11227.527625579402,0.9063103952482934,ABM
2026-09-17 09:58:00,pRy8kStWlAw,'ヤラララ' (YARARARA) ／Cover -しゆん×ばぁう,1619594,1.0666666666666669,150.0,140.625,284.4604947592697,217.4677241694121,284.4604947592697,0.4943568706052019,ShiyunBaau
2026-09-17 09:58:00,xJQ6KrmdpD0,【以心伝心】新人歌い手グループが『ヤラララ』を本気で歌ってみたら...【EL6】,2103823,1.0666666666666669,990.0,928.125,1928.6160516451985,1347.0050908708906,1928.6160516451985,0.481238865148025,EL6
2026-09-17 10:56:00,SnZvS3f5IrA,ヤラララ／Cover - KOMAINU.,2895834,0.9666666666666668,555.0,574.1379310344828,726.329634399688,687.6542674176051,726.329634399688,0.7904646923968733,KOMAINU
2026-09-17 10:56:00,T24rF_x0TmQ,[MV] ABM - 'ヤラララ' (YARARARA) feat. 重音テト,56176779,0.9666666666666668,10830.0,11203.448275862069,11303.56210833802,11408.438914853195,11303.56210833802,0.991143160756192,ABM
2026-09-17 10:56:00,pRy8kStWlAw,'ヤラララ' (YARARARA) ／Cover -しゆん×ばぁう,1619765,0.9666666666666668,171.0,176.89655172413794,285.96911544892487,192.85575614873864,285.96911544892487,0.618586211474058,ShiyunBaau
2026-09-17 10:56:00,xJQ6KrmdpD0,【以心伝心】新人歌い手グループが『ヤラララ』を本気で歌ってみたら...【EL6】,2104928,0.9666666666666668,1105.0,1143.103448275862,1934.305706817612,1165.6217427323134,1934.305706817612,0.5909631782850583,EL6
2026-09-17 11:56:00,SnZvS3f5IrA,ヤラララ／Cover - KOMAINU.,2896488,1.0,654.0,654.0,737.063240957065,640.3931836737627,737.063240957065,0.8873051370066852,KOMAINU
2026-09-17 11:56:00,T24rF_x0TmQ,[MV] ABM - 'ヤラララ' (YARARARA) feat. 重音テト,56187782,1.0,11003.0,11003.0,11370.17617937627,11079.064530616744,11370.17617937627,0.9677070809120556,ABM
2026-09-17 11:56:00,pRy8kStWlAw,'ヤラララ' (YARARARA) ／Cover -しゆん×ばぁう,1619976,1.0,211.0,211.0,283.40832309919807,175.85575614873864,283.40832309919807,0.744508833377297,ShiyunBaau
2026-09-17 11:56:00,xJQ6KrmdpD0,【以心伝心】新人歌い手グループが『ヤラララ』を本気で歌ってみたら...【EL6】,2106759,1.0,1831.0,1831.0,1935.843275123623,1140.937013668274,1935.843275123623,0.9458410314146284,EL6
2026-09-17 12:56:00,SnZvS3f5IrA,ヤラララ／Cover - KOMAINU.,2897271,1.0,783.0,783.0,737.063240957065,632.5313569758704,737.063240957065,1.0623240401777287,KOMAINU
2026-09-17 12:56:00,T24rF_x0TmQ,[MV] ABM - 'ヤラララ' (YARARARA) feat. 重音テト,56201104,1.0,13322.0,13322.0,11399.17617937627,11146.51652124906,11399.17617937627,1.1686809459180532,ABM
2026-09-17 12:56:00,pRy8kStWlAw,'ヤラララ' (YARARARA) ／Cover -しゆん×ばぁう,1620319,1.0,343.0,343.0,280.3249897658648,187.7597374133757,280.3249897658648,1.2235798181477977,ShiyunBaau
2026-09-17 12:56:00,xJQ6KrmdpD0,【以心伝心】新人歌い手グループが『ヤラララ』を本気で歌ってみたら...【EL6】,2109552,1.0,2793.0,2793.0,1943.3016084569565,1327.7590277197962,1943.3016084569565,1.4372447322871984,EL6
2026-09-17 13:56:00,SnZvS3f5IrA,ヤラララ／Cover - KOMAINU.,2897962,1.0,691.0,691.0,742.063240957065,631.4393472906404,742.063240957065,0.9311874808793832,KOMAINU
2026-09-17 13:56:00,T24rF_x0TmQ,[MV] ABM - 'ヤラララ' (YARARARA) feat. 重音テト,56212487,1.0,11383.0,11383.0,11404.30117937627,11199.439039408866,11404.30117937627,0.9981321802150585,ABM
2026-09-17 13:56:00,pRy8kStWlAw,'ヤラララ' (YARARARA) ／Cover -しゆん×ばぁう,1620604,1.0,285.0,285.0,283.0749897658648,204.503078817734,283.0749897658648,1.0068003543362394,ShiyunBaau
2026-09-17 13:56:00,xJQ6KrmdpD0,【以心伝心】新人歌い手グループが『ヤラララ』を本気で歌ってみたら...【EL6】,2111361,1.0,1809.0,1809.0,1961.218275123623,1422.604064039409,1961.218275123623,0.9223858572733176,EL6
2026-09-17 14:55:00,SnZvS3f5IrA,ヤラララ／Cover - KOMAINU.,2898577,0.9833333333333332,615.0,625.4237288135594,741.5971392621497,638.2141656925775,741.5971392621497,0.8433470083714498,KOMAINU
2026-09-17 14:55:00,T24rF_x0TmQ,[MV] ABM - 'ヤラララ' (YARARARA) feat. 重音テト,56223842,0.9833333333333332,11355.0,11547.457627118643,11438.029992935595,11296.218700425816,11438.029992935595,1.0095670001084658,ABM
2026-09-17 14:55:00,pRy8kStWlAw,'ヤラララ' (YARARARA) ／Cover -しゆん×ばぁう,1620791,0.9833333333333332,187.0,190.16949152542367,283.0749897658648,212.955863321366,283.0749897658648,0.6717989875499618,ShiyunBaau
2026-09-17 14:55:00,xJQ6KrmdpD0,【以心伝心】新人歌い手グループが『ヤラララ』を本気で歌ってみたら...【EL6】,2112808,0.9833333333333332,1447.0,1471.5254237288136,1962.5318344456568,1529.107696000668,1962.5318344456568,0.7498097090203205,EL6
2026-09-17 15:59:00,SnZvS3f5IrA,ヤラララ／Cover - KOMAINU.,2899185,1.0666666666666669,608.0,570.0,741.9487017621497,642.6427371211488,741.9487017621497,0.7682471829201042,KOMAINU
2026-09-17 15:59:00,T24rF_x0TmQ,[MV] ABM - 'ヤラララ' (YARARARA) feat. 重音テト,56234131,1.0666666666666669,10289.0,9645.9375,11432.209680435595,11182.924057568673,11432.209680435595,0.8437509256419155,ABM
2026-09-17 15:59:00,pRy8kStWlAw,'ヤラララ' (YARARARA) ／Cover -しゆん×ばぁう,1620977,1.0666666666666669,186.0,174.375,280.6921772658648,217.2951490356517,280.6921772658648,0.6212321330025392,ShiyunBaau
2026-09-17 15:59:00,xJQ6KrmdpD0,【以心伝心】新人歌い手グループが『ヤラララ』を本気で歌ってみたら...【EL6】,2114288,1.0666666666666669,1480.0,1387.5,1965.5396469456568,1623.3219817149536,1965.5396469456568,0.7059130057010555,EL6
2026-09-17 16:56:00,SnZvS3f5IrA,ヤラララ／Cover - KOMAINU.,2899706,0.95,521.0,548.421052631579,742.6065964989917,630.8650265599526,742.6065964989917,0.7385081888810336,KOMAINU
2026-09-17 16:56:00,T24rF_x0TmQ,[MV] ABM - 'ヤラララ' (YARARARA) feat. 重音テト,56243704,0.95,9573.0,10076.842105263158,11448.174592716296,11044.663813530484,11448.174592716296,0.8802138737187302,ABM
2026-09-17 16:56:00,pRy8kStWlAw,'ヤラララ' (YARARARA) ／Cover -しゆん×ばぁう,1621149,0.95,172.0,181.05263157894737,279.1132298974437,212.76483435356363,279.1132298974437,0.6486709055155596,ShiyunBaau
2026-09-17 16:56:00,xJQ6KrmdpD0,【以心伝心】新人歌い手グループが『ヤラララ』を本気で歌ってみたら...【EL6】,2115598,0.95,1310.0,1378.9473684210527,1965.057190805306,1592.7751550532162,1965.057190805306,0.7017339621835343,EL6
2026-09-17 17:56:00,SnZvS3f5IrA,ヤラララ／Cover - KOMAINU.,2900224,1.0,518.0,518.0,738.3982631656585,627.1206830635912,738.3982631656585,0.7015184431491377,KOMAINU
2026-09-17 17:56:00,T24rF_x0TmQ,[MV] ABM - 'ヤラララ' (YARARARA) feat. 重音テト,56252507,1.0,8803.0,8803.0,11432.591259382963,10825.891033197402,11432.591259382963,0.769991666830142,ABM
2026-09-17 17:56:00,pRy8kStWlAw,'ヤラララ' (YARARARA) ／Cover -しゆん×ばぁう,1621312,1.0,163.0,163.0,272.9882298974437,221.08530330062447,272.9882298974437,0.5970953401955676,ShiyunBaau
2026-09-17 17:56:00,xJQ6KrmdpD0,【以心伝心】新人歌い手グループが『ヤラララ』を本気で歌ってみたら...【EL6】,2117133,1.0,1535.0,1535.0,1960.7238574719725,1743.7103988785525,1960.7238574719725,0.7828741381150568,EL6
2026-09-17 18:56:00,SnZvS3f5IrA,ヤラララ／Cover - KOMAINU.,2901715,1.0,1491.0,1491.0,739.9399298323251,746.6921116350197,739.9399298323251,2.0150284366162934,KOMAINU
2026-09-17 18:56:00,T24rF_x0TmQ,[MV] ABM - 'ヤラララ' (YARARARA) feat. 重音テト,56271178,1.0,18671.0,18671.0,11343.25792604963,11921.31960462597,11343.25792604963,1.6459997755250118,ABM
2026-09-17 18:56:00,pRy8kStWlAw,'ヤラララ' (YARARARA) ／Cover -しゆん×ばぁう,1621861,1.0,549.0,549.0,272.1132298974437,269.3710175863388,272.1132298974437,2.017542477471278,ShiyunBaau
2026-09-17 18:56:00,xJQ6KrmdpD0,【以心伝心】新人歌い手グループが『ヤラララ』を本気で歌ってみたら...【EL6】,2120606,1.0,3473.0,3473.0,1932.1405241386392,1978.281827449981,1932.1405241386392,1.7974883071966443,EL6
2026-09-17 19:55:00,SnZvS3f5IrA,ヤラララ／Cover - KOMAINU.,2901981,0.9833333333333332,266.0,270.5084745762712,721.162671622083,687.1691570026762,721.162671622083,0.3751004942724324,KOMAINU
2026-09-17 19:55:00,T24rF_x0TmQ,[MV] ABM - 'ヤラララ' (YARARARA) feat. 重音テト,56276065,0.9833333333333332,4887.0,4969.830508474576,11088.320829346629,11052.383467607047,11088.320829346629,0.4482040684935178,ABM
2026-09-17 19:55:00,pRy8kStWlAw,'ヤラララ' (YARARARA) ／Cover -しゆん×ばぁう,1621986,0.9833333333333332,125.0,127.11864406779662,266.3134464642578,251.589470896521,266.3134464642578,0.4773271712544088,ShiyunBaau
2026-09-17 19:55:00,xJQ6KrmdpD0,【以心伝心】新人歌い手グループが『ヤラララ』を本気で歌ってみたら...【EL6】,2121875,0.9833333333333332,1269.0,1290.5084745762713,1906.4752421561443,1892.3101583407672,1906.4752421561443,0.676908068901414,EL6
2026-09-17 20:55:00,SnZvS3f5IrA,ヤラララ／Cover - KOMAINU.,2902230,1.0,249.0,249.0,738.8580089283704,620.4191570026762,738.8580089283704,0.3370065655255551,KOMAINU
2026-09-17 20:55:00,T24rF_x0TmQ,[MV] ABM - 'ヤラララ' (YARARARA) feat. 重音テト,56280138,1.0,4073.0,4073.0,11448.183773507257,9896.258467607047,11448.183773507257,0.3557769582128396,ABM
2026-09-17 20:55:00,pRy8kStWlAw,'ヤラララ' (YARARARA) ／Cover -しゆん×ばぁう,1622084,1.0,98.0,98.0,269.04896436072056,220.964470896521,269.04896436072056,0.364245966279242,ShiyunBaau
2026-09-17 20:55:00,xJQ6KrmdpD0,【以心伝心】新人歌い手グループが『ヤラララ』を本気で歌ってみたら...【EL6】,2123058,1.0,1183.0,1183.0,1955.5691964550235,1691.0601583407672,1955.5691964550235,0.6049389620906764,EL6
2026-09-17 21:58:00,SnZvS3f5IrA,ヤラララ／Cover - KOMAINU.,2903008,1.05,778.0,740.952380952381,738.9417838093308,626.8402725943188,738.9417838093308,1.002720914133026,KOMAINU
2026-09-17 21:58:00,T24rF_x0TmQ,[MV] ABM - 'ヤラララ' (YARARARA) feat. 重音テト,56290063,1.05,9925.0,9452.380952380952,11368.351660662203,9384.570152302667,11368.351660662203,0.8314645108216464,ABM
2026-09-17 21:58:00,pRy8kStWlAw,'ヤラララ' (YARARARA) ／Cover -しゆん×ばぁう,1622486,1.05,402.0,382.8571428571428,273.6012915005774,239.34334550055524,273.6012915005774,1.3993250571199691,ShiyunBaau
2026-09-17 21:58:00,xJQ6KrmdpD0,【以心伝心】新人歌い手グループが『ヤラララ』を本気で歌ってみたら...【EL6】,2125802,1.05,2744.0,2613.333333333333,1981.879761930156,1837.327025190094,1981.879761930156,1.31861346158972,EL6
2026-09-17 22:56:00,SnZvS3f5IrA,ヤラララ／Cover - KOMAINU.,2903707,0.9666666666666668,699.0,723.1034482758621,733.9659217403653,638.8731695545117,733.9659217403653,0.985200302707861,KOMAINU
2026-09-17 22:56:00,T24rF_x0TmQ,[MV] ABM - 'ヤラララ' (YARARARA) feat. 重音テト,56300760,0.9666666666666668,10697.0,11065.862068965516,11397.773643420824,9594.731641885524,11397.773643420824,0.9708792624911532,ABM
2026-09-17 22:56:00,pRy8kStWlAw,'ヤラララ' (YARARARA) ／Cover -しゆん×ばぁう,1622851,0.9666666666666668,365.0,377.5862068965517,273.06723977643946,256.62370317505486,273.06723977643946,1.3827590860246806,ShiyunBaau
2026-09-17 22:56:00,xJQ6KrmdpD0,【以心伝心】新人歌い手グループが『ヤラララ』を本気で歌ってみたら...【EL6】,2128911,0.9666666666666668,3109.0,3216.206896551724,1993.4905377922248,2009.6870091102976,1993.4905377922248,1.6133544832942364,EL6
2026-09-17 23:56:00,SnZvS3f5IrA,ヤラララ／Cover - KOMAINU.,2904529,1.0,822.0,822.0,733.8252320851929,687.7949005435021,733.8252320851929,1.12015772156574,KOMAINU
2026-09-17 23:56:00,T24rF_x0TmQ,[MV] ABM - 'ヤラララ' (YARARARA) feat. 重音テト,56313616,1.0,12856.0,12856.0,11456.592953765654,9984.43907568872,11456.592953765654,1.122148622359353,ABM
2026-09-17 23:56:00,pRy8kStWlAw,'ヤラララ' (YARARARA) ／Cover -しゆん×ばぁう,1623311,1.0,460.0,460.0,274.9982742591981,308.2231419744988,274.9982742591981,1.6727377698611647,ShiyunBaau
2026-09-17 23:56:00,xJQ6KrmdpD0,【以心伝心】新人歌い手グループが『ヤラララ』を本気で歌ってみたら...【EL6】,2132344,1.0,3433.0,3433.0,2011.9277791715351,2392.00695778019,2011.9277791715351,1.7063236740106194,EL6
2026-09-18 00:55:00,SnZvS3f5IrA,ヤラララ／Cover - KOMAINU.,2905435,0.9833333333333332,906.0,921.35593220339,738.1194693733285,716.990029500988,738.1194693733285,1.2482477030251369,KOMAINU
2026-09-18 00:55:00,T24rF_x0TmQ,[MV] ABM - 'ヤラララ' (YARARARA) feat. 重音テト,56326583,0.9833333333333332,12967.0,13186.77966101695,11565.704140206331,10384.73164885475,11565.704140206331,1.1401622850765487,ABM
2026-09-18 00:55:00,pRy8kStWlAw,'ヤラララ' (YARARARA) ／Cover -しゆん×ばぁう,1623688,0.9833333333333332,377.0,383.3898305084746,275.3338674795371,317.6189780412457,275.3338674795371,1.3924543101729692,ShiyunBaau
2026-09-18 00:55:00,xJQ6KrmdpD0,【以心伝心】新人歌い手グループが『ヤラララ』を本気で歌ってみたら...【EL6】,2135223,0.9833333333333332,2879.0,2927.7966101694915,2010.919643578315,2458.9806643288525,2010.919643578315,1.4559490825598815,EL6
2026-09-18 01:56:00,SnZvS3f5IrA,ヤラララ／Cover - KOMAINU.,2906459,1.0166666666666666,1024.0,1007.2131147540985,726.2519711131011,676.3047643945719,726.2519711131011,1.3868645522715457,KOMAINU
2026-09-18 01:56:00,T24rF_x0TmQ,[MV] ABM - 'ヤラララ' (YARARARA) feat. 重音テト,56342011,1.0166666666666666,15428.0,15175.081967213117,11576.839295812084,10111.27645115016,11576.839295812084,1.310813908654903,ABM
2026-09-18 01:56:00,pRy8kStWlAw,'ヤラララ' (YARARARA) ／Cover -しゆん×ばぁう,1624124,1.0166666666666666,436.0,428.8524590163935,273.84233729822347,322.5434690494799,273.84233729822347,1.5660560863142166,ShiyunBaau
2026-09-18 01:56:00,xJQ6KrmdpD0,【以心伝心】新人歌い手グループが『ヤラララ』を本気で歌ってみたら...【EL6】,2138425,1.0166666666666666,3202.0,3149.508196721312,1963.2651538732853,2544.764787336019,1963.2651538732853,1.604219476165872,EL6
2026-09-18 02:55:00,SnZvS3f5IrA,ヤラララ／Cover - KOMAINU.,2907345,0.9833333333333332,886.0,901.0169491525425,720.2350219605587,766.3774036197534,720.2350219605587,1.2510040773911209,KOMAINU
2026-09-18 02:55:00,T24rF_x0TmQ,[MV] ABM - 'ヤラララ' (YARARARA) feat. 重音テト,56358165,0.9833333333333332,16154.0,16427.79661016949,11476.585058523948,11748.128751392289,11476.585058523948,1.4314185383890092,ABM
2026-09-18 02:55:00,pRy8kStWlAw,'ヤラララ' (YARARARA) ／Cover -しゆん×ばぁう,1624540,0.9833333333333332,416.0,423.0508474576271,269.85928645076586,364.81949810517,269.85928645076586,1.5676720005513325,ShiyunBaau
2026-09-18 02:55:00,xJQ6KrmdpD0,【以心伝心】新人歌い手グループが『ヤラララ』を本気で歌ってみたら...【EL6】,2141560,0.9833333333333332,3135.0,3188.135593220339,1968.858374212268,2815.8543757137427,1968.858374212268,1.619281323114924,EL6
2026-09-18 03:57:00,SnZvS3f5IrA,ヤラララ／Cover - KOMAINU.,2908258,1.0333333333333334,913.0,883.5483870967741,717.2134725158206,857.0271732050069,717.2134725158206,1.2319182795012045,KOMAINU
2026-09-18 03:57:00,T24rF_x0TmQ,[MV] ABM - 'ヤラララ' (YARARARA) feat. 重音テト,56372464,1.0333333333333334,14299.0,13837.74193548387,11473.15763916911,13143.091885032842,11473.15763916911,1.2060970807410611,ABM
2026-09-18 03:57:00,pRy8kStWlAw,'ヤラララ' (YARARARA) ／Cover -しゆん×ばぁう,1624937,1.0333333333333334,397.0,384.1935483870967,271.31817063902605,405.7042907318981,271.31817063902605,1.4160258691197103,ShiyunBaau
2026-09-18 03:57:00,xJQ6KrmdpD0,【以心伝心】新人歌い手グループが『ヤラララ』を本気で歌ってみたら...【EL6】,2144153,1.0333333333333334,2593.0,2509.354838709677,1972.8820389399248,3005.333638386554,1972.8820389399248,1.271923404025722,EL6
2026-09-18 04:54:00,SnZvS3f5IrA,ヤラララ／Cover - KOMAINU.,2909118,0.95,860.0,905.2631578947368,713.8982880028138,863.0566712912231,713.8982880028138,1.2680562106785285,KOMAINU
2026-09-18 04:54:00,T24rF_x0TmQ,[MV] ABM - 'ヤラララ' (YARARARA) feat. 重音テト,56384603,0.95,12139.0,12777.894736842103,11451.0440578019,13097.442241509,11451.0440578019,1.1158715897295135,ABM
2026-09-18 04:54:00,pRy8kStWlAw,'ヤラララ' (YARARARA) ／Cover -しゆん×ばぁう,1625241,0.95,304.0,320.0,270.90150397235936,394.9912543904108,270.90150397235936,1.1812411349058078,ShiyunBaau
2026-09-18 04:54:00,xJQ6KrmdpD0,【以心伝心】新人歌い手グループが『ヤラララ』を本気で歌ってみたら...【EL6】,2146185,0.95,2032.0,2138.947368421053,1978.513466647124,2897.0353546408664,1978.513466647124,1.0810881019909393,EL6
2026-09-18 05:54:00,SnZvS3f5IrA,ヤラララ／Cover - KOMAINU.,2909923,1.0,805.0,805.0,717.5423564827013,871.0626236721755,717.5423564827013,1.1218849907983195,KOMAINU
2026-09-18 05:54:00,T24rF_x0TmQ,[MV] ABM - 'ヤラララ' (YARARARA) feat. 重音テト,56396383,1.0,11780.0,11780.0,11464.202295489824,13388.39462246138,11464.202295489824,1.0275464176547562,ABM
2026-09-18 05:54:00,pRy8kStWlAw,'ヤラララ' (YARARARA) ／Cover -しゆん×ばぁう,1625461,1.0,220.0,220.0,268.865443813465,374.634111533268,268.865443813465,0.8182531636629096,ShiyunBaau
2026-09-18 05:54:00,xJQ6KrmdpD0,【以心伝心】新人歌い手グループが『ヤラララ』を本気で歌ってみたら...【EL6】,2147570,1.0,1385.0,1385.0,1954.7729279812395,2743.4936879741995,1954.7729279812395,0.7085221921046025,EL6
2026-09-18 06:54:00,SnZvS3f5IrA,ヤラララ／Cover - KOMAINU.,2910595,1.0,672.0,672.0,711.4117523910699,864.6746926376927,711.4117523910699,0.9446006447621844,KOMAINU
2026-09-18 06:54:00,T24rF_x0TmQ,[MV] ABM - 'ヤラララ' (YARARARA) feat. 重音テト,56407353,1.0,10970.0,10970.0,11404.694956199604,13376.41186384069,11404.694956199604,0.9618845608875052,ABM
2026-09-18 06:54:00,pRy8kStWlAw,'ヤラララ' (YARARARA) ／Cover -しゆん×ばぁう,1625601,1.0,140.0,140.0,268.090306417483,344.935835671199,268.090306417483,0.5222120928982241,ShiyunBaau
2026-09-18 06:54:00,xJQ6KrmdpD0,【以心伝心】新人歌い手グループが『ヤラララ』を本気で歌ってみたら...【EL6】,2148773,1.0,1203.0,1203.0,1976.7496896720384,2491.842825905234,1976.7496896720384,0.6085747762022359,EL6
2026-09-18 07:54:00,SnZvS3f5IrA,ヤラララ／Cover - KOMAINU.,2911088,1.0,493.0,493.0,707.8700857244031,823.5496926376927,707.8700857244031,0.6964554795326398,KOMAINU
2026-09-18 07:54:00,T24rF_x0TmQ,[MV] ABM - 'ヤラララ' (YARARARA) feat. 重音テト,56417681,1.0,10328.0,10328.0,11382.11162286627,13060.41186384069,11382.11162286627,0.9073887466760916,ABM
2026-09-18 07:54:00,pRy8kStWlAw,'ヤラララ' (YARARARA) ／Cover -しゆん×ばぁう,1625737,1.0,136.0,136.0,268.29863975081633,304.435835671199,268.29863975081633,0.5068978364046521,ShiyunBaau
2026-09-18 07:54:00,xJQ6KrmdpD0,【以心伝心】新人歌い手グループが『ヤラララ』を本気で歌ってみたら...【EL6】,2149514,1.0,741.0,741.0,1977.3746896720384,2155.342825905234,1977.3746896720384,0.3747392964369843,EL6
2026-09-18 08:54:00,SnZvS3f5IrA,ヤラララ／Cover - KOMAINU.,2912170,1.0,1082.0,1082.0,730.4950857244031,843.630201112269,730.4950857244031,1.4811872401948103,KOMAINU
2026-09-18 08:54:00,T24rF_x0TmQ,[MV] ABM - 'ヤラララ' (YARARARA) feat. 重音テト,56432943,1.0,15262.0,15262.0,11583.069956199604,13319.814406213573,11583.069956199604,1.3176126931557834,ABM
2026-09-18 08:54:00,pRy8kStWlAw,'ヤラララ' (YARARARA) ／Cover -しゆん×ばぁう,1625834,1.0,97.0,97.0,266.340306417483,268.63710685763965,266.340306417483,0.3641957212737995,ShiyunBaau
2026-09-18 08:54:00,xJQ6KrmdpD0,【以心伝心】新人歌い手グループが『ヤラララ』を本気で歌ってみたら...【EL6】,2150152,1.0,638.0,638.0,1973.6246896720384,1869.1182496340475,1973.6246896720384,0.3232630820533654,EL6
2026-09-18 09:57:00,SnZvS3f5IrA,ヤラララ／Cover - KOMAINU.,2912714,1.05,544.0,518.0952380952381,721.9990918192366,765.5581118695357,721.9990918192366,0.7175843348913118,KOMAINU
2026-09-18 09:57:00,T24rF_x0TmQ,[MV] ABM - 'ヤラララ' (YARARARA) feat. 重音テト,56443666,1.05,10723.0,10212.380952380952,11528.242396046857,12166.859660672417,11528.242396046857,0.8858575836228838,ABM
2026-09-18 09:57:00,pRy8kStWlAw,'ヤラララ' (YARARARA) ／Cover -しゆん×ばぁう,1626160,1.05,326.0,310.4761904761905,268.1057417798313,229.6671055518981,268.1057417798313,1.1580363345263744,ShiyunBaau
2026-09-18 09:57:00,xJQ6KrmdpD0,【以心伝心】新人歌い手グループが『ヤラララ』を本気で歌ってみたら...【EL6】,2150808,1.05,656.0,624.7619047619047,1919.670178275633,1320.009158841805,1919.670178275633,0.3254527323662987,EL6
2026-09-18 10:55:00,SnZvS3f5IrA,ヤラララ／Cover - KOMAINU.,2913303,0.9666666666666668,589.0,609.3103448275862,722.3340056123401,746.027140989292,722.3340056123401,0.8435299184219618,KOMAINU
2026-09-18 10:55:00,T24rF_x0TmQ,[MV] ABM - 'ヤラララ' (YARARARA) feat. 重音テト,56453331,0.9666666666666668,9665.0,9998.275862068966,11521.148430529614,11895.786685846986,11521.148430529614,0.8678193777605342,ABM
2026-09-18 10:55:00,pRy8kStWlAw,'ヤラララ' (YARARARA) ／Cover -しゆん×ばぁう,1626312,0.9666666666666668,152.0,157.24137931034485,268.7703969522451,220.613889771704,268.7703969522451,0.5850398001171362,ShiyunBaau
2026-09-18 10:55:00,xJQ6KrmdpD0,【以心伝心】新人歌い手グループが『ヤラララ』を本気で歌ってみたら...【EL6】,2152955,0.9666666666666668,2147.0,2221.0344827586205,1971.386557585978,1432.637324331407,1971.386557585978,1.1266357043026325,EL6
2026-09-18 11:55:00,SnZvS3f5IrA,ヤラララ／Cover - KOMAINU.,2914028,1.0,725.0,725.0,728.3684883709608,700.629368988975,728.3684883709608,0.995375296399087,KOMAINU
2026-09-18 11:55:00,T24rF_x0TmQ,[MV] ABM - 'ヤラララ' (YARARARA) feat. 重音テト,56464721,1.0,11390.0,11390.0,11528.610499495133,11420.093830635702,11528.610499495133,0.98797682517757,ABM
2026-09-18 11:55:00,pRy8kStWlAw,'ヤラララ' (YARARARA) ／Cover -しゆん×ばぁう,1626572,1.0,260.0,260.0,272.09453488327955,188.6739385409336,272.09453488327955,0.9555502469446224,ShiyunBaau
2026-09-18 11:55:00,xJQ6KrmdpD0,【以心伝心】新人歌い手グループが『ヤラララ』を本気で歌ってみたら...【EL6】,2154882,1.0,1927.0,1927.0,2002.742419654944,1248.5423410743606,2002.742419654944,0.9621806484390572,EL6
2026-09-18 12:55:00,SnZvS3f5IrA,ヤラララ／Cover - KOMAINU.,2914812,1.0,784.0,784.0,733.5684883709608,697.629368988975,733.5684883709608,1.0687481979235949,KOMAINU
2026-09-18 12:55:00,T24rF_x0TmQ,[MV] ABM - 'ヤラララ' (YARARARA) feat. 重音テト,56479368,1.0,14647.0,14647.0,11674.370499495131,11829.665259207131,11674.370499495131,1.2546286757503045,ABM
2026-09-18 12:55:00,pRy8kStWlAw,'ヤラララ' (YARARARA) ／Cover -しゆん×ばぁう,1626930,1.0,358.0,358.0,277.97453488327955,208.3882242552193,277.97453488327955,1.2878877561583937,ShiyunBaau
2026-09-18 12:55:00,xJQ6KrmdpD0,【以心伝心】新人歌い手グループが『ヤラララ』を本気で歌ってみたら...【EL6】,2157761,1.0,2879.0,2879.0,2044.6624196549435,1461.970912502932,2044.6624196549435,1.4080563971464095,EL6
2026-09-18 13:55:00,SnZvS3f5IrA,ヤラララ／Cover - KOMAINU.,2915561,1.0,749.0,749.0,732.2084883709608,708.629368988975,732.2084883709608,1.022932691843545,KOMAINU
2026-09-18 13:55:00,T24rF_x0TmQ,[MV] ABM - 'ヤラララ' (YARARARA) feat. 重音テト,56492177,1.0,12809.0,12809.0,11653.850499495133,12092.379544921418,11653.850499495133,1.099121702355364,ABM
2026-09-18 13:55:00,pRy8kStWlAw,'ヤラララ' (YARARARA) ／Cover -しゆん×ばぁう,1627226,1.0,296.0,296.0,276.09453488327955,230.6739385409336,276.09453488327955,1.0720965560768363,ShiyunBaau
2026-09-18 13:55:00,xJQ6KrmdpD0,【以心伝心】新人歌い手グループが『ヤラララ』を本気で歌ってみたら...【EL6】,2159802,1.0,2041.0,2041.0,2014.582419654944,1581.6851982172177,2014.582419654944,1.013113179231248,EL6
2026-09-18 14:54:00,SnZvS3f5IrA,ヤラララ／Cover - KOMAINU.,2916193,0.9833333333333332,632.0,642.7118644067797,730.2769629472319,730.0167781899435,730.2769629472319,0.8800933029749981,KOMAINU
2026-09-18 14:54:00,T24rF_x0TmQ,[MV] ABM - 'ヤラララ' (YARARARA) feat. 重音テト,56502738,0.9833333333333332,10561.0,10740.0,11628.130499495132,12151.23668777856,11628.130499495132,0.9236222452496818,ABM
2026-09-18 14:54:00,pRy8kStWlAw,'ヤラララ' (YARARARA) ／Cover -しゆん×ばぁう,1627412,0.9833333333333332,186.0,189.15254237288136,272.2606365781948,238.26715887991668,272.2606365781948,0.6947480353758582,ShiyunBaau
2026-09-18 14:54:00,xJQ6KrmdpD0,【以心伝心】新人歌い手グループが『ヤラララ』を本気で歌ってみたら...【EL6】,2161234,0.9833333333333332,1432.0,1456.271186440678,2000.4732671125707,1683.866796280172,2000.4732671125707,0.7279633326680844,EL6
2026-09-18 15:57:00,SnZvS3f5IrA,ヤラララ／Cover - KOMAINU.,2916656,1.05,463.0,440.9523809523809,722.8981090327849,638.4385468974264,722.8981090327849,0.6099786061722605,KOMAINU
2026-09-18 15:57:00,T24rF_x0TmQ,[MV] ABM - 'ヤラララ' (YARARARA) feat. 重音テト,56512091,1.05,9353.0,8907.619047619048,11522.536956315147,11243.467980295569,11522.536956315147,0.7730605752353049,ABM
2026-09-18 15:57:00,pRy8kStWlAw,'ヤラララ' (YARARARA) ／Cover -しゆん×ばぁう,1627575,1.05,163.0,155.23809523809524,270.8633807267017,246.58688677107315,270.8633807267017,0.5731232284763101,ShiyunBaau
2026-09-18 15:57:00,xJQ6KrmdpD0,【以心伝心】新人歌い手グループが『ヤラララ』を本気で歌ってみたら...【EL6】,2162296,1.05,1062.0,1011.4285714285712,1982.0693930205607,1737.213735055682,1982.0693930205607,0.5102891831083732,EL6
2026-09-18 16:55:00,SnZvS3f5IrA,ヤラララ／Cover - KOMAINU.,2917114,0.9666666666666668,458.0,473.7931034482759,719.0498331707158,617.8578664662825,719.0498331707158,0.6589155321252798,KOMAINU
2026-09-18 16:55:00,T24rF_x0TmQ,[MV] ABM - 'ヤラララ' (YARARARA) feat. 重音テト,56519963,0.9666666666666668,7872.0,8143.448275862069,11462.437387349632,10855.96551724138,11462.437387349632,0.7104464784121288,ABM
2026-09-18 16:55:00,pRy8kStWlAw,'ヤラララ' (YARARARA) ／Cover -しゆん×ばぁう,1627708,0.9666666666666668,133.0,137.58620689655172,269.3918290025638,232.961801786758,269.3918290025638,0.5107289534577618,ShiyunBaau
2026-09-18 16:55:00,xJQ6KrmdpD0,【以心伝心】新人歌い手グループが『ヤラララ』を本気で歌ってみたら...【EL6】,2163355,0.9666666666666668,1059.0,1095.5172413793102,1970.3900826757333,1657.0016733461357,1970.3900826757333,0.5559900301018714,EL6
2026-09-18 17:55:00,SnZvS3f5IrA,ヤラララ／Cover - KOMAINU.,2917558,1.0,444.0,444.0,714.8729910654527,608.4939069724909,714.8729910654527,0.6210893481067996,KOMAINU
2026-09-18 17:55:00,T24rF_x0TmQ,[MV] ABM - 'ヤラララ' (YARARARA) feat. 重音テト,56527366,1.0,7403.0,7403.0,11355.483703139103,10577.152474783015,11355.483703139103,0.6519317180608977,ABM
2026-09-18 17:55:00,pRy8kStWlAw,'ヤラララ' (YARARARA) ／Cover -しゆん×ばぁう,1627843,1.0,135.0,135.0,267.54972373940586,218.71097778678973,267.54972373940586,0.5045791044489747,ShiyunBaau
2026-09-18 17:55:00,xJQ6KrmdpD0,【以心伝心】新人歌い手グループが『ヤラララ』を本気で歌ってみたら...【EL6】,2164563,1.0,1208.0,1208.0,1963.552187938892,1659.7452856069374,1963.552187938892,0.6152115576148846,EL6
2026-09-18 18:54:00,SnZvS3f5IrA,ヤラララ／Cover - KOMAINU.,2918804,0.9833333333333332,1246.0,1267.1186440677966,744.8377368281645,690.8219991094041,744.8377368281645,1.7012009212418884,KOMAINU
2026-09-18 18:54:00,T24rF_x0TmQ,[MV] ABM - 'ヤラララ' (YARARARA) feat. 重音テト,56544340,0.9833333333333332,16974.0,17261.694915254237,11693.831499749273,11412.72027984192,11693.831499749273,1.4761367919166908,ABM
2026-09-18 18:54:00,pRy8kStWlAw,'ヤラララ' (YARARARA) ／Cover -しゆん×ばぁう,1628310,0.9833333333333332,467.0,474.91525423728814,280.0263339088974,250.73651234310205,280.0263339088974,1.6959664029019323,ShiyunBaau
2026-09-18 18:54:00,xJQ6KrmdpD0,【以心伝心】新人歌い手グループが『ヤラララ』を本気で歌ってみたら...【EL6】,2167520,0.9833333333333332,2957.0,3007.1186440677966,2022.4369337016035,1828.1669554145449,2022.4369337016035,1.4868788212663626,EL6
2026-09-18 19:54:00,SnZvS3f5IrA,ヤラララ／Cover - KOMAINU.,2919027,1.0,223.0,223.0,694.1177368281645,628.0719991094041,694.1177368281645,0.3212711448910947,KOMAINU
2026-09-18 19:54:00,T24rF_x0TmQ,[MV] ABM - 'ヤラララ' (YARARARA) feat. 重音テト,56549276,1.0,4936.0,4936.0,11144.431499749271,10605.97027984192,11144.431499749271,0.4429117806602382,ABM
2026-09-18 19:54:00,pRy8kStWlAw,'ヤラララ' (YARARARA) ／Cover -しゆん×ばぁう,1628414,1.0,104.0,104.0,262.22633390889746,231.23651234310205,262.22633390889746,0.3966039506777059,ShiyunBaau
2026-09-18 19:54:00,xJQ6KrmdpD0,【以心伝心】新人歌い手グループが『ヤラララ』を本気で歌ってみたら...【EL6】,2168906,1.0,1386.0,1386.0,1938.9569337016032,1760.5419554145446,1938.9569337016032,0.7148173205446239,EL6
2026-09-18 20:54:00,SnZvS3f5IrA,ヤラララ／Cover - KOMAINU.,2919027,1.0,0.0,0.0,683.2973978451136,530.0719991094041,683.2973978451136,0.0,KOMAINU
2026-09-18 20:54:00,T24rF_x0TmQ,[MV] ABM - 'ヤラララ' (YARARARA) feat. 重音テト,56549276,1.0,0.0,0.0,10945.63827941029,8775.09527984192,10945.63827941029,0.0,ABM
2026-09-18 20:54:00,pRy8kStWlAw,'ヤラララ' (YARARARA) ／Cover -しゆん×ばぁう,1628438,1.0,24.0,24.0,258.1015881461855,189.48651234310205,258.1015881461855,0.0929866420907363,ShiyunBaau
2026-09-18 20:54:00,xJQ6KrmdpD0,【以心伝心】新人歌い手グループが『ヤラララ』を本気で歌ってみたら...【EL6】,2169488,1.0,582.0,582.0,1910.6165947185525,1473.4169554145446,1910.6165947185525,0.3046137051299571,EL6
2026-09-18 21:57:00,SnZvS3f5IrA,ヤラララ／Cover - KOMAINU.,2919562,1.05,535.0,509.5238095238095,693.7183502260659,479.7697054274662,693.7183502260659,0.7344822424803498,KOMAINU
2026-09-18 21:57:00,T24rF_x0TmQ,[MV] ABM - 'ヤラララ' (YARARARA) feat. 重音テト,56557947,1.05,8671.0,8258.095238095239,11113.0420889341,7844.265353832941,11113.0420889341,0.7430994296618658,ABM
2026-09-18 21:57:00,pRy8kStWlAw,'ヤラララ' (YARARARA) ／Cover -しゆん×ばぁう,1628818,1.05,380.0,361.9047619047618,268.657778622376,198.9491883252424,268.657778622376,1.3470846210392196,ShiyunBaau
2026-09-18 21:57:00,xJQ6KrmdpD0,【以心伝心】新人歌い手グループが『ヤラララ』を本気で歌ってみたら...【EL6】,2172185,1.05,2697.0,2568.5714285714284,1966.039451861409,1551.2336979210154,1966.039451861409,1.306469931790816,EL6
2026-09-18 22:55:00,SnZvS3f5IrA,ヤラララ／Cover - KOMAINU.,2920504,0.9666666666666668,942.0,974.4827586206897,703.0595653327986,541.6088370766191,703.0595653327986,1.3860600248848205,KOMAINU
2026-09-18 22:55:00,T24rF_x0TmQ,[MV] ABM - 'ヤラララ' (YARARARA) feat. 重音テト,56571366,0.9666666666666668,13419.0,13881.724137931034,11290.215816356103,8598.947701845203,11290.215816356103,1.2295357647477934,ABM
2026-09-18 22:55:00,pRy8kStWlAw,'ヤラララ' (YARARARA) ／Cover -しゆん×ばぁう,1629280,0.9666666666666668,462.0,477.9310344827586,272.4607342874006,233.821919094932,272.4607342874006,1.7541281158650226,ShiyunBaau
2026-09-18 22:55:00,xJQ6KrmdpD0,【以心伝心】新人歌い手グループが『ヤラララ』を本気で歌ってみたら...【EL6】,2176022,0.9666666666666668,3837.0,3969.310344827586,2020.27853232118,1853.4932787843368,2020.27853232118,1.9647342093305744,EL6
2026-09-18 23:56:00,SnZvS3f5IrA,ヤラララ／Cover - KOMAINU.,2921899,1.0166666666666666,1395.0,1372.1311475409836,725.1465346910451,684.3223371076112,725.1465346910451,1.892212238352062,KOMAINU
2026-09-18 23:56:00,T24rF_x0TmQ,[MV] ABM - 'ヤラララ' (YARARARA) feat. 重音テト,56594175,1.0166666666666666,22809.0,22435.081967213115,11698.69230446459,10596.513751213375,11698.69230446459,1.9177427171626,ABM
2026-09-18 23:56:00,pRy8kStWlAw,'ヤラララ' (YARARARA) ／Cover -しゆん×ばぁう,1629918,1.0166666666666666,638.0,627.5409836065575,275.06138057895924,315.04171917590946,275.06138057895924,2.281457986888913,ShiyunBaau
2026-09-18 23:56:00,xJQ6KrmdpD0,【以心伝心】新人歌い手グループが『ヤラララ』を本気で歌ってみたら...【EL6】,2181465,1.0166666666666666,5443.0,5353.770491803279,2050.4802876367103,2582.110129895727,2050.4802876367103,2.6109836432389164,EL6
2026-09-19 00:55:00,SnZvS3f5IrA,ヤラララ／Cover - KOMAINU.,2923410,0.9833333333333332,1511.0,1536.6101694915255,750.782127911384,840.4095041778293,750.782127911384,2.046679206078403,KOMAINU
2026-09-19 00:55:00,T24rF_x0TmQ,[MV] ABM - 'ヤラララ' (YARARARA) feat. 重音テト,56616060,0.9833333333333332,21885.0,22255.93220338983,12076.573660396796,12718.361208840492,12076.573660396796,1.8429012093367687,ABM
2026-09-19 00:55:00,pRy8kStWlAw,'ヤラララ' (YARARARA) ／Cover -しゆん×ばぁう,1630575,0.9833333333333332,657.0,668.135593220339,286.92578735862025,391.203946778815,286.92578735862025,2.328600713693453,ShiyunBaau
2026-09-19 00:55:00,xJQ6KrmdpD0,【以心伝心】新人歌い手グループが『ヤラララ』を本気で歌ってみたら...【EL6】,2185920,0.9833333333333332,4455.0,4530.508474576272,2117.25994865366,3056.7541976923376,2117.25994865366,2.139797939056641,EL6
2026-09-19 01:54:00,SnZvS3f5IrA,ヤラララ／Cover - KOMAINU.,2924781,0.9833333333333332,1371.0,1394.2372881355932,776.5203343203524,858.5693104732288,776.5203343203524,1.79549359690097,KOMAINU
2026-09-19 01:54:00,T24rF_x0TmQ,[MV] ABM - 'ヤラララ' (YARARARA) feat. 重音テト,56638176,0.9833333333333332,22116.0,22490.84745762712,12493.144612286009,13465.383000608048,12493.144612286009,1.8002551123525117,ABM
2026-09-19 01:54:00,pRy8kStWlAw,'ヤラララ' (YARARARA) ／Cover -しゆん×ばぁう,1631157,0.9833333333333332,582.0,591.8644067796611,299.1233321354619,407.9109685705826,299.1233321354619,1.9786634581605544,ShiyunBaau
2026-09-19 01:54:00,xJQ6KrmdpD0,【以心伝心】新人歌い手グループが『ヤラララ』を本気で歌ってみたら...【EL6】,2189825,0.9833333333333332,3905.0,3971.1864406779664,2191.417008334632,3194.478168636648,2191.417008334632,1.8121546130080788,EL6
2026-09-19 02:54:00,SnZvS3f5IrA,ヤラララ／Cover - KOMAINU.,2925806,1.0,1025.0,1025.0,777.2318097301885,973.1407390446574,777.2318097301885,1.3187828742570673,KOMAINU
2026-09-19 02:54:00,T24rF_x0TmQ,[MV] ABM - 'ヤラララ' (YARARARA) feat. 重音テト,56654156,1.0,15980.0,15980.0,12525.341333597484,15043.097286322332,12525.341333597484,1.2758135346887414,ABM
2026-09-19 02:54:00,pRy8kStWlAw,'ヤラララ' (YARARARA) ／Cover -しゆん×ばぁう,1631532,1.0,375.0,375.0,296.9692337748062,446.62525428486833,296.9692337748062,1.2627570716108762,ShiyunBaau
2026-09-19 02:54:00,xJQ6KrmdpD0,【以心伝心】新人歌い手グループが『ヤラララ』を本気で歌ってみたら...【EL6】,2192062,1.0,2237.0,2237.0,2154.91668046578,3316.049597208076,2154.91668046578,1.0380911801733692,EL6
2026-09-19 03:54:00,SnZvS3f5IrA,ヤラララ／Cover - KOMAINU.,2926622,1.0,816.0,816.0,773.8311317640869,1089.712167616086,773.8311317640869,1.0544936311101645,KOMAINU
2026-09-19 03:54:00,T24rF_x0TmQ,[MV] ABM - 'ヤラララ' (YARARARA) feat. 重音テト,56668061,1.0,13905.0,13905.0,12424.429469190703,17029.525857750905,12424.429469190703,1.1191660779660522,ABM
2026-09-19 03:54:00,pRy8kStWlAw,'ヤラララ' (YARARARA) ／Cover -しゆん×ばぁう,1631754,1.0,222.0,222.0,288.92719987650105,474.9109685705826,288.92719987650105,0.7683596424804989,ShiyunBaau
2026-09-19 03:54:00,xJQ6KrmdpD0,【以心伝心】新人歌い手グループが『ヤラララ』を本気で歌ってみたら...【EL6】,2193680,1.0,1618.0,1618.0,2092.111256736965,3464.049597208076,2092.111256736965,0.7733814321727661,EL6
2026-09-19 04:54:00,SnZvS3f5IrA,ヤラララ／Cover - KOMAINU.,2927451,1.0,829.0,829.0,766.0819478796108,1057.1231466640752,766.0819478796108,1.082129662883372,KOMAINU
2026-09-19 04:54:00,T24rF_x0TmQ,[MV] ABM - 'ヤラララ' (YARARARA) feat. 重音テト,56681810,1.0,13749.0,13749.0,12406.004169060068,16619.46012553204,12406.004169060068,1.1082536981802162,ABM
2026-09-19 04:54:00,pRy8kStWlAw,'ヤラララ' (YARARARA) ／Cover -しゆん×ばぁう,1631998,1.0,244.0,244.0,281.7911020218929,446.0470974992598,281.7911020218929,0.8658896546032285,ShiyunBaau
2026-09-19 04:54:00,xJQ6KrmdpD0,【以心伝心】新人歌い手グループが『ヤラララ』を本気で歌ってみたら...【EL6】,2195177,1.0,1497.0,1497.0,2047.978300470559,3218.1683975570663,2047.978300470559,0.730964776167813,EL6
2026-09-19 05:54:00,SnZvS3f5IrA,ヤラララ／Cover - KOMAINU.,2928079,1.0,628.0,628.0,758.7069478796108,1071.932670473599,758.7069478796108,0.8277240662618119,KOMAINU
2026-09-19 05:54:00,T24rF_x0TmQ,[MV] ABM - 'ヤラララ' (YARARARA) feat. 重音テト,56693170,1.0,11360.0,11360.0,12388.504169060068,17007.198220770137,12388.504169060068,0.9169791481663518,ABM
2026-09-19 05:54:00,pRy8kStWlAw,'ヤラララ' (YARARARA) ／Cover -しゆん×ばぁう,1632190,1.0,192.0,192.0,280.62443535522624,424.80900226116455,280.62443535522624,0.6841884590590207,ShiyunBaau
2026-09-19 05:54:00,xJQ6KrmdpD0,【以心伝心】新人歌い手グループが『ヤラララ』を本気で歌ってみたら...【EL6】,2196064,1.0,887.0,887.0,2027.228300470559,3007.971968985638,2027.228300470559,0.4375432208568271,EL6
2026-09-19 06:54:00,SnZvS3f5IrA,ヤラララ／Cover - KOMAINU.,2928616,1.0,537.0,537.0,753.0819478796108,1017.2473256460128,753.0819478796108,0.713069808022866,KOMAINU
2026-09-19 06:54:00,T24rF_x0TmQ,[MV] ABM - 'ヤラララ' (YARARARA) feat. 重音テト,56704050,1.0,10880.0,10880.0,12384.754169060068,16631.982703528756,12384.754169060068,0.8784994721316887,ABM
2026-09-19 06:54:00,pRy8kStWlAw,'ヤラララ' (YARARARA) ／Cover -しゆん×ばぁう,1632309,1.0,119.0,119.0,279.74943535522624,379.9426229508197,279.74943535522624,0.4253806619802239,ShiyunBaau
2026-09-19 06:54:00,xJQ6KrmdpD0,【以心伝心】新人歌い手グループが『ヤラララ』を本気で歌ってみたら...【EL6】,2196624,1.0,560.0,560.0,2000.4366338038924,2581.808175882189,2000.4366338038924,0.2799388846099777,EL6
2026-09-19 07:54:00,SnZvS3f5IrA,ヤラララ／Cover - KOMAINU.,2929161,1.0,545.0,545.0,755.2486145462775,913.8559322033898,755.2486145462775,0.7216166829083344,KOMAINU
2026-09-19 07:54:00,T24rF_x0TmQ,[MV] ABM - 'ヤラララ' (YARARARA) feat. 重音テト,56714770,1.0,10720.0,10720.0,12401.0875023934,15167.597457627118,12401.0875023934,0.8644403160554305,ABM
2026-09-19 07:54:00,pRy8kStWlAw,'ヤラララ' (YARARARA) ／Cover -しゆん×ばぁう,1632454,1.0,145.0,145.0,280.12443535522624,319.625,280.12443535522624,0.5176271031697941,ShiyunBaau
2026-09-19 07:54:00,xJQ6KrmdpD0,【以心伝心】新人歌い手グループが『ヤラララ』を本気で歌ってみたら...【EL6】,2197334,1.0,710.0,710.0,1999.1449671372256,2001.33686440678,1999.1449671372256,0.3551518332443492,EL6
2026-09-19 08:55:00,SnZvS3f5IrA,ヤラララ／Cover - KOMAINU.,2929736,1.0166666666666666,575.0,565.5737704918033,733.730854983436,706.5105386416861,733.730854983436,0.7708191180055679,KOMAINU
2026-09-19 08:55:00,T24rF_x0TmQ,[MV] ABM - 'ヤラララ' (YARARARA) feat. 重音テト,56726071,1.0166666666666666,11301.0,11115.737704918034,12228.326573431652,12529.962529274006,12228.326573431652,0.9090154436232568,ABM
2026-09-19 08:55:00,pRy8kStWlAw,'ヤラララ' (YARARARA) ／Cover -しゆん×ばぁう,1632832,1.0166666666666666,378.0,371.8032786885246,291.5745719672481,238.4004683840749,291.5745719672481,1.275156733250005,ShiyunBaau
2026-09-19 08:55:00,xJQ6KrmdpD0,【以心伝心】新人歌い手グループが『ヤラララ』を本気で歌ってみたら...【EL6】,2199492,1.0166666666666666,2158.0,2122.622950819672,2061.004256754712,1375.9461358313818,2061.004256754712,1.0298974123236335,EL6
2026-09-19 09:56:00,SnZvS3f5IrA,ヤラララ／Cover - KOMAINU.,2930273,1.0166666666666666,537.0,528.1967213114755,725.5094896365575,635.5386416861827,725.5094896365575,0.7280355789364995,KOMAINU
2026-09-19 09:56:00,T24rF_x0TmQ,[MV] ABM - 'ヤラララ' (YARARARA) feat. 重音テト,56748431,1.0166666666666666,22360.0,21993.44262295082,12618.931215412418,13389.02576112412,12618.931215412418,1.7428926624220464,ABM
2026-09-19 09:56:00,pRy8kStWlAw,'ヤラララ' (YARARARA) ／Cover -しゆん×ばぁう,1633037,1.0166666666666666,205.0,201.63934426229508,287.97716285904994,213.6346604215457,287.97716285904994,0.7001921341970689,ShiyunBaau
2026-09-19 09:56:00,xJQ6KrmdpD0,【以心伝心】新人歌い手グループが『ヤラララ』を本気で歌ってみたら...【EL6】,2200953,1.0166666666666666,1461.0,1437.049180327869,2036.0460536976384,1261.6674473067917,2036.0460536976384,0.7058038680991825,EL6
2026-09-19 10:55:00,SnZvS3f5IrA,ヤラララ／Cover - KOMAINU.,2931765,0.9833333333333332,1492.0,1517.2881355932204,771.984158066014,735.7226610566428,771.984158066014,1.9654394714450527,KOMAINU
2026-09-19 10:55:00,T24rF_x0TmQ,[MV] ABM - 'ヤラララ' (YARARARA) feat. 重音テト,56759292,0.9833333333333332,10861.0,11045.084745762711,12762.821179859304,12980.466439090222,12762.821179859304,0.8654109142571622,ABM
2026-09-19 10:55:00,pRy8kStWlAw,'ヤラララ' (YARARARA) ／Cover -しゆん×ばぁう,1633310,0.9833333333333332,273.0,277.6271186440678,292.0557758472409,221.5813916564125,292.0557758472409,0.950596227171621,ShiyunBaau
2026-09-19 10:55:00,xJQ6KrmdpD0,【以心伝心】新人歌い手グループが『ヤラララ』を本気で歌ってみたら...【EL6】,2202714,0.9833333333333332,1761.0,1790.8474576271187,2076.925100522815,1286.3599412535227,2076.925100522815,0.8622590468844143,EL6
2026-09-19 11:54:00,SnZvS3f5IrA,ヤラララ／Cover - KOMAINU.,2932376,0.9833333333333332,611.0,621.3559322033899,765.959029031509,706.0592227999841,765.959029031509,0.8112130135590182,KOMAINU
2026-09-19 11:54:00,T24rF_x0TmQ,[MV] ABM - 'ヤラララ' (YARARARA) feat. 重音テト,56773805,0.9833333333333332,14513.0,14758.98305084746,12842.667654698833,13124.749732068432,12842.667654698833,1.149214746318495,ABM
2026-09-19 11:54:00,pRy8kStWlAw,'ヤラララ' (YARARARA) ／Cover -しゆん×ばぁう,1633629,0.9833333333333332,319.0,324.40677966101697,293.349815999792,233.06807446512923,293.349815999792,1.1058700635464076,ShiyunBaau
2026-09-19 11:54:00,xJQ6KrmdpD0,【以心伝心】新人歌い手グループが『ヤラララ』を本気で歌ってみたら...【EL6】,2205023,0.9833333333333332,2309.0,2348.135593220339,2087.773520230716,1407.950740285,2087.773520230716,1.124708006144676,EL6
2026-09-19 12:54:00,SnZvS3f5IrA,ヤラララ／Cover - KOMAINU.,2932974,1.0,598.0,598.0,760.8790290315089,701.7735085142698,760.8790290315089,0.7859330815848206,KOMAINU
2026-09-19 12:54:00,T24rF_x0TmQ,[MV] ABM - 'ヤラララ' (YARARARA) feat. 重音テト,56787024,1.0,13219.0,13219.0,12915.82765469883,13390.32116063986,12915.82765469883,1.023472932080421,ABM
2026-09-19 12:54:00,pRy8kStWlAw,'ヤラララ' (YARARARA) ／Cover -しゆん×ばぁう,1633912,1.0,283.0,283.0,294.26981599979194,246.06807446512923,294.26981599979194,0.9617024397779216,ShiyunBaau
2026-09-19 12:54:00,xJQ6KrmdpD0,【以心伝心】新人歌い手グループが『ヤラララ』を本気で歌ってみたら...【EL6】,2207258,1.0,2235.0,2235.0,2100.0935202307155,1600.5221688564286,2100.0935202307155,1.0642383200889376,EL6
2026-09-19 13:54:00,SnZvS3f5IrA,ヤラララ／Cover - KOMAINU.,2933700,1.0,726.0,726.0,758.559029031509,728.7735085142698,758.559029031509,0.9570777911996132,KOMAINU
2026-09-19 13:54:00,T24rF_x0TmQ,[MV] ABM - 'ヤラララ' (YARARARA) feat. 重音テト,56801235,1.0,14211.0,14211.0,12898.38765469883,13866.178303497005,12898.38765469883,1.1017656144660055,ABM
2026-09-19 13:54:00,pRy8kStWlAw,'ヤラララ' (YARARARA) ／Cover -しゆん×ばぁう,1634194,1.0,282.0,282.0,291.229815999792,269.35378875084353,291.229815999792,0.9683074483012462,ShiyunBaau
2026-09-19 13:54:00,xJQ6KrmdpD0,【以心伝心】新人歌い手グループが『ヤラララ』を本気で歌ってみたら...【EL6】,2209614,1.0,2356.0,2356.0,2079.1735202307154,1857.093597427857,2079.1735202307154,1.1331425574035623,EL6
2026-09-19 14:54:00,SnZvS3f5IrA,ヤラララ／Cover - KOMAINU.,2934454,1.0,754.0,754.0,763.5943275575393,758.6306513714127,763.5943275575393,0.987435307975338,KOMAINU
2026-09-19 14:54:00,T24rF_x0TmQ,[MV] ABM - 'ヤラララ' (YARARARA) feat. 重音テト,56815014,1.0,13779.0,13779.0,13028.737140311285,14303.178303497005,13028.737140311285,1.0575852326751902,ABM
2026-09-19 14:54:00,pRy8kStWlAw,'ヤラララ' (YARARARA) ／Cover -しゆん×ばぁう,1634462,1.0,268.0,268.0,294.3163690675799,286.9252173222721,294.3163690675799,0.9105847590096586,ShiyunBaau
2026-09-19 14:54:00,xJQ6KrmdpD0,【以心伝心】新人歌い手グループが『ヤラララ』を本気で歌ってみたら...【EL6】,2211855,1.0,2241.0,2241.0,2113.461117471967,2075.807883142143,2113.461117471967,1.060345980095716,EL6
2026-09-19 15:56:00,SnZvS3f5IrA,ヤラララ／Cover - KOMAINU.,2935289,1.0333333333333334,835.0,808.0645161290322,765.3731351003989,793.2721864624455,765.3731351003989,1.055778520398463,KOMAINU
2026-09-19 15:56:00,T24rF_x0TmQ,[MV] ABM - 'ヤラララ' (YARARARA) feat. 重音テト,56831406,1.0333333333333334,16392.0,15863.225806451612,13142.116686956891,14981.390889430371,13142.116686956891,1.2070525764084357,ABM
2026-09-19 15:56:00,pRy8kStWlAw,'ヤラララ' (YARARARA) ／Cover -しゆん×ばぁう,1634821,1.0333333333333334,359.0,347.41935483870964,296.44048849842505,283.4417996294414,296.44048849842505,1.171969984931918,ShiyunBaau
2026-09-19 15:56:00,xJQ6KrmdpD0,【以心伝心】新人歌い手グループが『ヤラララ』を本気で歌ってみたら...【EL6】,2214862,1.0333333333333334,3007.0,2909.9999999999995,2145.3226727730885,2188.290318739332,2145.3226727730885,1.3564393072108232,EL6
2026-09-19 16:54:00,SnZvS3f5IrA,ヤラララ／Cover - KOMAINU.,2935985,0.9666666666666668,696.0,720.0,776.5350398623038,784.1131631546398,776.5350398623038,0.9271957645693248,KOMAINU
2026-09-19 16:54:00,T24rF_x0TmQ,[MV] ABM - 'ヤラララ' (YARARARA) feat. 重音テト,56842174,0.9666666666666668,10768.0,11139.310344827589,13231.384338845235,14501.130821355024,13231.384338845235,0.8418854792181002,ABM
2026-09-19 16:54:00,pRy8kStWlAw,'ヤラララ' (YARARARA) ／Cover -しゆん×ばぁう,1635124,0.9666666666666668,303.0,313.4482758620689,302.76889572338405,287.1926091585198,302.76889572338405,1.0352723819703125,ShiyunBaau
2026-09-19 16:54:00,xJQ6KrmdpD0,【以心伝心】新人歌い手グループが『ヤラララ』を本気で歌ってみたら...【EL6】,2216895,0.9666666666666668,2033.0,2103.103448275862,2188.98966784698,2177.6419599313986,2188.98966784698,0.960764447254978,EL6
2026-09-19 17:54:00,SnZvS3f5IrA,ヤラララ／Cover - KOMAINU.,2936790,1.0,805.0,805.0,789.7833157243728,818.7135729907053,789.7833157243728,1.0192669102685092,KOMAINU
2026-09-19 17:54:00,T24rF_x0TmQ,[MV] ABM - 'ヤラララ' (YARARARA) feat. 重音テト,56854131,1.0,11957.0,11957.0,13383.926407810752,13246.57549348617,13383.926407810752,0.8933850677049443,ABM
2026-09-19 17:54:00,pRy8kStWlAw,'ヤラララ' (YARARARA) ／Cover -しゆん×ばぁう,1635426,1.0,302.0,302.0,309.345447447522,299.7376911257329,309.345447447522,0.9762548713480969,ShiyunBaau
2026-09-19 17:54:00,xJQ6KrmdpD0,【以心伝心】新人歌い手グループが『ヤラララ』を本気で歌ってみたら...【EL6】,2219338,1.0,2443.0,2443.0,2242.8889781918074,2303.3858123904147,2242.8889781918074,1.0892202082911475,EL6
2026-09-19 18:54:00,SnZvS3f5IrA,ヤラララ／Cover - KOMAINU.,2937912,1.0,1122.0,1122.0,798.1443437100634,790.4377880184331,798.1443437100634,1.4057607609978648,KOMAINU
2026-09-19 18:54:00,T24rF_x0TmQ,[MV] ABM - 'ヤラララ' (YARARARA) feat. 重音テト,56870347,1.0,16216.0,16216.0,13589.56105333394,13769.219450182743,13589.56105333394,1.1932688580858697,ABM
2026-09-19 18:54:00,pRy8kStWlAw,'ヤラララ' (YARARARA) ／Cover -しゆん×ばぁう,1635920,1.0,494.0,494.0,317.4050388312817,327.1239472429684,317.4050388312817,1.5563710072749926,ShiyunBaau
2026-09-19 18:54:00,xJQ6KrmdpD0,【以心伝心】新人歌い手グループが『ヤラララ』を本気で歌ってみたら...【EL6】,2222575,1.0,3237.0,3237.0,2295.587742113641,2503.586206896552,2295.587742113641,1.4100963951913952,EL6
2026-09-19 19:54:00,SnZvS3f5IrA,ヤラララ／Cover - KOMAINU.,2938702,1.0,790.0,790.0,821.7693437100634,817.8663594470046,821.7693437100634,0.961340315316907,KOMAINU
2026-09-19 19:54:00,T24rF_x0TmQ,[MV] ABM - 'ヤラララ' (YARARARA) feat. 重音テト,56882932,1.0,12585.0,12585.0,13908.269386667273,13678.648021611314,13908.269386667273,0.9048573657959356,ABM
2026-09-19 19:54:00,pRy8kStWlAw,'ヤラララ' (YARARARA) ／Cover -しゆん×ばぁう,1636334,1.0,414.0,414.0,330.3217054979484,345.8382329572541,330.3217054979484,1.2533236330198452,ShiyunBaau
2026-09-19 19:54:00,xJQ6KrmdpD0,【以心伝心】新人歌い手グループが『ヤラララ』を本気で歌ってみたら...【EL6】,2225336,1.0,2761.0,2761.0,2352.879408780308,2578.729064039409,2352.879408780308,1.1734558047032486,EL6
2026-09-19 20:54:00,SnZvS3f5IrA,ヤラララ／Cover - KOMAINU.,2939403,1.0,701.0,701.0,850.9776770433967,814.294930875576,850.9776770433967,0.8237583886283912,KOMAINU
2026-09-19 20:54:00,T24rF_x0TmQ,[MV] ABM - 'ヤラララ' (YARARARA) feat. 重音テト,56893692,1.0,10760.0,10760.0,14356.602720000606,13185.648021611314,14356.602720000606,0.7494809329097006,ABM
2026-09-19 20:54:00,pRy8kStWlAw,'ヤラララ' (YARARARA) ／Cover -しゆん×ばぁう,1636636,1.0,302.0,302.0,341.9050388312817,348.6953758143969,341.9050388312817,0.8832861926583848,ShiyunBaau
2026-09-19 20:54:00,xJQ6KrmdpD0,【以心伝心】新人歌い手グループが『ヤラララ』を本気で歌ってみたら...【EL6】,2227920,1.0,2584.0,2584.0,2436.2960754469746,2611.3004926108374,2436.2960754469746,1.060626426336925,EL6
2026-09-19 21:56:00,SnZvS3f5IrA,ヤラララ／Cover - KOMAINU.,2940121,1.0333333333333334,718.0,694.8387096774193,844.7321183487577,805.8433179723503,844.7321183487577,0.8225550971539439,KOMAINU
2026-09-19 21:56:00,T24rF_x0TmQ,[MV] ABM - 'ヤラララ' (YARARARA) feat. 重音テト,56907441,1.0333333333333334,13749.0,13305.48387096774,14314.557966039292,13118.002860320992,14314.557966039292,0.9295071424863038,ABM
2026-09-19 21:56:00,pRy8kStWlAw,'ヤラララ' (YARARARA) ／Cover -しゆん×ばぁう,1636973,1.0333333333333334,337.0,326.12903225806446,341.27399856835297,356.9995232798347,341.27399856835297,0.9556222672286148,ShiyunBaau
2026-09-19 21:56:00,xJQ6KrmdpD0,【以心伝心】新人歌い手グループが『ヤラララ』を本気で歌ってみたら...【EL6】,2230706,1.0333333333333334,2786.0,2696.1290322580644,2446.6893937194186,2676.318925790561,2446.6893937194186,1.1019498589313994,EL6
2026-09-19 22:54:00,SnZvS3f5IrA,ヤラララ／Cover - KOMAINU.,2941015,0.9666666666666668,894.0,924.8275862068964,861.344269416081,820.7163515016684,861.344269416081,1.073702605386638,KOMAINU
2026-09-19 22:54:00,T24rF_x0TmQ,[MV] ABM - 'ヤラララ' (YARARARA) feat. 重音テト,56920247,0.9666666666666668,12806.0,13247.58620689655,14514.137604791344,13134.200778642937,14514.137604791344,0.9127367100697265,ABM
2026-09-19 22:54:00,pRy8kStWlAw,'ヤラララ' (YARARARA) ／Cover -しゆん×ばぁう,1637370,0.9666666666666668,397.0,410.6896551724138,343.22539429905913,363.7107897664071,343.22539429905913,1.1965596427127174,ShiyunBaau
2026-09-19 22:54:00,xJQ6KrmdpD0,【以心伝心】新人歌い手グループが『ヤラララ』を本気で歌ってみたら...【EL6】,2233562,0.9666666666666668,2856.0,2954.4827586206898,2462.125846921389,2711.089404894327,2462.125846921389,1.199972276930904,EL6
2026-09-19 23:54:00,SnZvS3f5IrA,ヤラララ／Cover - KOMAINU.,2941878,1.0,863.0,863.0,856.8849590712535,842.9523279834737,856.8849590712535,1.0071363616130855,KOMAINU
2026-09-19 23:54:00,T24rF_x0TmQ,[MV] ABM - 'ヤラララ' (YARARARA) feat. 重音テト,56934874,1.0,14627.0,14627.0,14543.948639274102,13242.5814396949,14543.948639274102,1.00571037225074,ABM
2026-09-19 23:54:00,pRy8kStWlAw,'ヤラララ' (YARARARA) ／Cover -しゆん×ばぁう,1637807,1.0,437.0,437.0,341.5881529197488,383.6883839186398,341.5881529197488,1.2793183729140245,ShiyunBaau
2026-09-19 23:54:00,xJQ6KrmdpD0,【以心伝心】新人歌い手グループが『ヤラララ』を本気で歌ってみたら...【EL6】,2236563,1.0,3001.0,3001.0,2423.3934331282853,2810.944541554108,2423.3934331282853,1.2383461797724276,EL6
2026-09-20 00:54:00,SnZvS3f5IrA,ヤラララ／Cover - KOMAINU.,2942029,1.0,151.0,151.0,808.0397131696141,749.5237565549022,808.0397131696141,0.1868720033668739,KOMAINU
2026-09-20 00:54:00,T24rF_x0TmQ,[MV] ABM - 'ヤラララ' (YARARARA) feat. 重音テト,56938917,1.0,4043.0,4043.0,13808.26536058558,12112.01001112347,13808.26536058558,0.292795647709695,ABM
2026-09-20 00:54:00,pRy8kStWlAw,'ヤラララ' (YARARARA) ／Cover -しゆん×ばぁう,1637839,1.0,32.0,32.0,317.76651357548644,345.1169553472112,317.76651357548644,0.1007028702928393,ShiyunBaau
2026-09-20 00:54:00,xJQ6KrmdpD0,【以心伝心】新人歌い手グループが『ヤラララ』を本気で歌ってみたら...【EL6】,2239225,1.0,2662.0,2662.0,2315.7226134561542,2842.2302558398223,2315.7226134561542,1.1495331887039075,EL6
2026-09-20 01:55:00,SnZvS3f5IrA,ヤラララ／Cover - KOMAINU.,2942965,1.0166666666666666,936.0,920.655737704918,757.9500462215898,720.7602905127477,757.9500462215898,1.2146654549259843,KOMAINU
2026-09-20 01:55:00,T24rF_x0TmQ,[MV] ABM - 'ヤラララ' (YARARARA) feat. 重音テト,56953957,1.0166666666666666,15040.0,14793.44262295082,13135.554040690557,11908.787528687872,13135.554040690557,1.1262138298182591,ABM
2026-09-20 01:55:00,pRy8kStWlAw,'ヤラララ' (YARARARA) ／Cover -しゆん×ばぁう,1638190,1.0166666666666666,351.0,345.2459016393443,292.8920308761044,323.8663698671175,292.8920308761044,1.1787480205816387,ShiyunBaau
2026-09-20 01:55:00,xJQ6KrmdpD0,【以心伝心】新人歌い手グループが『ヤラララ』を本気で歌ってみたら...【EL6】,2240632,1.0166666666666666,1407.0,1383.9344262295083,2115.63770197413,2577.506602444038,2115.63770197413,0.654145284392569,EL6
2026-09-20 02:54:00,SnZvS3f5IrA,ヤラララ／Cover - KOMAINU.,2943899,0.9833333333333332,934.0,949.8305084745764,754.817984074697,743.59322029483,754.817984074697,1.2583570191944191,KOMAINU
2026-09-20 02:54:00,T24rF_x0TmQ,[MV] ABM - 'ヤラララ' (YARARARA) feat. 重音テト,56970731,0.9833333333333332,16774.0,17058.305084745763,13180.483419221628,12547.831112222982,13180.483419221628,1.2942093656344162,ABM
2026-09-20 02:54:00,pRy8kStWlAw,'ヤラララ' (YARARARA) ／Cover -しゆん×ばぁう,1638537,0.9833333333333332,347.0,352.8813559322034,291.97042070661286,315.1351350002894,291.97042070661286,1.2086202262481822,ShiyunBaau
2026-09-20 02:54:00,xJQ6KrmdpD0,【以心伝心】新人歌い手グループが『ヤラララ』を本気で歌ってみたら...【EL6】,2242688,0.9833333333333332,2056.0,2090.8474576271187,2109.548012708593,2481.770524962197,2109.548012708593,0.991135278756958,EL6
2026-09-20 03:54:00,SnZvS3f5IrA,ヤラララ／Cover - KOMAINU.,2944606,1.0,707.0,707.0,750.2763174080304,744.4503631519729,750.2763174080304,0.9423194942930672,KOMAINU
2026-09-20 03:54:00,T24rF_x0TmQ,[MV] ABM - 'ヤラララ' (YARARARA) feat. 重音テト,56984903,1.0,14172.0,14172.0,13191.608419221628,13035.259683651557,13191.608419221628,1.074319336173581,ABM
2026-09-20 03:54:00,pRy8kStWlAw,'ヤラララ' (YARARARA) ／Cover -しゆん×ばぁう,1638794,1.0,257.0,257.0,293.4287540399462,308.706563571718,293.4287540399462,0.8758514510306411,ShiyunBaau
2026-09-20 03:54:00,xJQ6KrmdpD0,【以心伝心】新人歌い手グループが『ヤラララ』を本気で歌ってみたら...【EL6】,2244245,1.0,1557.0,1557.0,2107.0063460419265,2335.0562392479114,2107.0063460419265,0.7389631279112521,EL6
2026-09-20 04:54:00,SnZvS3f5IrA,ヤラララ／Cover - KOMAINU.,2945330,1.0,724.0,724.0,745.9013174080304,741.8940677579762,745.9013174080304,0.9706377815712454,KOMAINU
2026-09-20 04:54:00,T24rF_x0TmQ,[MV] ABM - 'ヤラララ' (YARARARA) feat. 重音テト,56998240,1.0,13337.0,13337.0,13174.44175255496,13072.97722319511,13174.44175255496,1.0123389097237092,ABM
2026-09-20 04:54:00,pRy8kStWlAw,'ヤラララ' (YARARARA) ／Cover -しゆん×ばぁう,1639043,1.0,249.0,249.0,293.63708737327954,301.24324312525323,293.63708737327954,0.8479855260363087,ShiyunBaau
2026-09-20 04:54:00,xJQ6KrmdpD0,【以心伝心】新人歌い手グループが『ヤラララ』を本気で歌ってみたら...【EL6】,2245665,1.0,1420.0,1420.0,2103.798012708593,2220.6742093419225,2103.798012708593,0.6749697411168202,EL6
2026-09-20 05:54:00,SnZvS3f5IrA,ヤラララ／Cover - KOMAINU.,2945980,1.0,650.0,650.0,746.817984074697,709.3551780256421,746.817984074697,0.8703593296636343,KOMAINU
2026-09-20 05:54:00,T24rF_x0TmQ,[MV] ABM - 'ヤラララ' (YARARARA) feat. 重音テト,57011987,1.0,13747.0,13747.0,13273.900085888294,13111.106815385228,13273.900085888294,1.0356413647119935,ABM
2026-09-20 05:54:00,pRy8kStWlAw,'ヤラララ' (YARARARA) ／Cover -しゆん×ばぁう,1639209,1.0,166.0,166.0,292.5537540399462,262.73246536736394,292.5537540399462,0.5674170907317561,ShiyunBaau
2026-09-20 05:54:00,xJQ6KrmdpD0,【以心伝心】新人歌い手グループが『ヤラララ』を本気で歌ってみたら...【EL6】,2246609,1.0,944.0,944.0,2106.173012708593,1865.5402691223755,2106.173012708593,0.4482062937393692,EL6
2026-09-20 06:54:00,SnZvS3f5IrA,ヤラララ／Cover - KOMAINU.,2946512,1.0,532.0,532.0,746.6096507413637,662.0694637399278,746.6096507413637,0.712554411092514,KOMAINU
2026-09-20 06:54:00,T24rF_x0TmQ,[MV] ABM - 'ヤラララ' (YARARARA) feat. 重音テト,57024094,1.0,12107.0,12107.0,13325.025085888294,12751.106815385228,13325.025085888294,0.9085911600137828,ABM
2026-09-20 06:54:00,pRy8kStWlAw,'ヤラララ' (YARARARA) ／Cover -しゆん×ばぁう,1639376,1.0,167.0,167.0,294.5537540399462,224.16103679593536,294.5537540399462,0.5669593332609576,ShiyunBaau
2026-09-20 06:54:00,xJQ6KrmdpD0,【以心伝心】新人歌い手グループが『ヤラララ』を本気で歌ってみたら...【EL6】,2247310,1.0,701.0,701.0,2112.048012708593,1536.9688405509469,2112.048012708593,0.3319053334876622,EL6
2026-09-20 07:54:00,SnZvS3f5IrA,ヤラララ／Cover - KOMAINU.,2947103,1.0,591.0,591.0,748.5263174080304,724.9266065970706,748.5263174080304,0.7895513975333469,KOMAINU
2026-09-20 07:54:00,T24rF_x0TmQ,[MV] ABM - 'ヤラララ' (YARARARA) feat. 重音テト,57036082,1.0,11988.0,11988.0,13377.858419221628,13886.106815385228,13377.858419221628,0.8961075550609322,ABM
2026-09-20 07:54:00,pRy8kStWlAw,'ヤラララ' (YARARARA) ／Cover -しゆん×ばぁう,1639555,1.0,179.0,179.0,295.97042070661286,245.16103679593536,295.97042070661286,0.6047901664384147,ShiyunBaau
2026-09-20 07:54:00,xJQ6KrmdpD0,【以心伝心】新人歌い手グループが『ヤラララ』を本気で歌ってみたら...【EL6】,2248075,1.0,765.0,765.0,2114.33967937526,1265.9688405509469,2114.33967937526,0.3618150893455494,EL6
2026-09-20 08:54:00,SnZvS3f5IrA,ヤラララ／Cover - KOMAINU.,2947646,1.0,543.0,543.0,740.3052647117091,702.1857807724368,740.3052647117091,0.7334812082032889,KOMAINU
2026-09-20 08:54:00,T24rF_x0TmQ,[MV] ABM - 'ヤラララ' (YARARARA) feat. 重音テト,57046625,1.0,10543.0,10543.0,13264.46408245276,13468.218463462072,13264.46408245276,0.7948304533424068,ABM
2026-09-20 08:54:00,pRy8kStWlAw,'ヤラララ' (YARARARA) ／Cover -しゆん×ばぁう,1639696,1.0,141.0,141.0,289.77160387834834,232.14090719644344,289.77160387834834,0.4865901217125281,ShiyunBaau
2026-09-20 08:54:00,xJQ6KrmdpD0,【以心伝心】新人歌い手グループが『ヤラララ』を本気で歌ってみたら...【EL6】,2248747,1.0,672.0,672.0,2056.6460922002498,1191.7227354820784,2056.6460922002498,0.32674557015353,EL6
2026-09-20 09:57:00,SnZvS3f5IrA,ヤラララ／Cover - KOMAINU.,2948102,1.05,456.0,434.2857142857143,743.6727850114652,597.3265306122449,743.6727850114652,0.5839741927345357,KOMAINU
2026-09-20 09:57:00,T24rF_x0TmQ,[MV] ABM - 'ヤラララ' (YARARARA) feat. 重音テト,57057769,1.05,11144.0,10613.333333333332,12879.823127782647,12358.190476190475,12879.823127782647,0.8240278789574101,ABM
2026-09-20 09:57:00,pRy8kStWlAw,'ヤラララ' (YARARARA) ／Cover -しゆん×ばぁう,1639877,1.05,181.0,172.38095238095238,285.1345177662018,190.19727891156464,285.1345177662018,0.6045600993223046,ShiyunBaau
2026-09-20 09:57:00,xJQ6KrmdpD0,【以心伝心】新人歌い手グループが『ヤラララ』を本気で歌ってみたら...【EL6】,2249958,1.05,1211.0,1153.3333333333333,2042.075562799668,1030.3333333333333,2042.075562799668,0.5647848465274826,EL6
2026-09-20 10:54:00,SnZvS3f5IrA,ヤラララ／Cover - KOMAINU.,2948879,0.95,777.0,817.8947368421053,746.6416630846908,613.1686358754029,746.6416630846908,1.095431419488484,KOMAINU
2026-09-20 10:54:00,T24rF_x0TmQ,[MV] ABM - 'ヤラララ' (YARARARA) feat. 重音テト,57073059,0.95,15290.0,16094.736842105263,13008.419676355552,12632.8671679198,13008.419676355552,1.2372553501913444,ABM
2026-09-20 10:54:00,pRy8kStWlAw,'ヤラララ' (YARARARA) ／Cover -しゆん×ばぁう,1640118,0.95,241.0,253.6842105263158,283.8765054766063,189.7235947010383,283.8765054766063,0.8936428539600344,ShiyunBaau
2026-09-20 10:54:00,xJQ6KrmdpD0,【以心伝心】新人歌い手グループが『ヤラララ』を本気で歌ってみたら...【EL6】,2251907,0.95,1949.0,2051.5789473684213,2042.455698182418,1100.9874686716792,2042.455698182418,1.0044668039527722,EL6
2026-09-20 11:55:00,SnZvS3f5IrA,ヤラララ／Cover - KOMAINU.,2949530,1.0166666666666666,651.0,640.327868852459,715.3218907572133,601.215474282897,715.3218907572133,0.8951604545117886,KOMAINU
2026-09-20 11:55:00,T24rF_x0TmQ,[MV] ABM - 'ヤラララ' (YARARARA) feat. 重音テト,57085693,1.0166666666666666,12634.0,12426.88524590164,12993.054556590843,12502.850774477176,12993.054556590843,0.9564252340953951,ABM
2026-09-20 11:55:00,pRy8kStWlAw,'ヤラララ' (YARARARA) ／Cover -しゆん×ばぁう,1640399,1.0166666666666666,281.0,276.39344262295083,282.13634088470934,193.6369436471741,282.13634088470934,0.9796449537703996,ShiyunBaau
2026-09-20 11:55:00,xJQ6KrmdpD0,【以心伝心】新人歌い手グループが『ヤラララ』を本気で歌ってみたら...【EL6】,2254283,1.0166666666666666,2376.0,2337.049180327869,2052.477441001703,1231.994494432803,2052.477441001703,1.1386479254979205,EL6
2026-09-20 12:55:00,SnZvS3f5IrA,ヤラララ／Cover - KOMAINU.,2950250,1.0,720.0,720.0,720.4052240905467,611.215474282897,720.4052240905467,0.9994375053414442,KOMAINU
2026-09-20 12:55:00,T24rF_x0TmQ,[MV] ABM - 'ヤラララ' (YARARARA) feat. 重音テト,57101028,1.0,15335.0,15335.0,13081.221223257511,12729.70791733432,13081.221223257511,1.1722911598448793,ABM
2026-09-20 12:55:00,pRy8kStWlAw,'ヤラララ' (YARARARA) ／Cover -しゆん×ばぁう,1640770,1.0,371.0,371.0,285.803007551376,222.9226579328884,285.803007551376,1.2980969066020378,ShiyunBaau
2026-09-20 12:55:00,xJQ6KrmdpD0,【以心伝心】新人歌い手グループが『ヤラララ』を本気で歌ってみたら...【EL6】,2257002,1.0,2719.0,2719.0,2072.644107668369,1485.5659230042318,2072.644107668369,1.3118508816541357,EL6
2026-09-20 13:55:00,SnZvS3f5IrA,ヤラララ／Cover - KOMAINU.,2950878,1.0,628.0,628.0,716.3218907572133,624.9297599971827,716.3218907572133,0.8767008353411487,KOMAINU
2026-09-20 13:55:00,T24rF_x0TmQ,[MV] ABM - 'ヤラララ' (YARARARA) feat. 重音テト,57112918,1.0,11890.0,11890.0,12984.512889924175,12698.70791733432,12984.512889924175,0.9157062803046307,ABM
2026-09-20 13:55:00,pRy8kStWlAw,'ヤラララ' (YARARARA) ／Cover -しゆん×ばぁう,1641088,1.0,318.0,318.0,287.303007551376,244.49408650431693,287.303007551376,1.1068453571379155,ShiyunBaau
2026-09-20 13:55:00,xJQ6KrmdpD0,【以心伝心】新人歌い手グループが『ヤラララ』を本気で歌ってみたら...【EL6】,2259213,1.0,2211.0,2211.0,2066.602441001703,1701.2802087185175,2066.602441001703,1.069871958018353,EL6
2026-09-20 14:54:00,SnZvS3f5IrA,ヤラララ／Cover - KOMAINU.,2951385,0.9833333333333332,507.0,515.5932203389831,706.3882749380042,614.1573629027517,706.3882749380042,0.7299005923962057,KOMAINU
2026-09-20 14:54:00,T24rF_x0TmQ,[MV] ABM - 'ヤラララ' (YARARARA) feat. 重音テト,57123168,0.9833333333333332,10250.0,10423.728813559324,12844.709923822484,12475.24060498565,12844.709923822484,0.811519207158343,ABM
2026-09-20 14:54:00,pRy8kStWlAw,'ヤラララ' (YARARARA) ／Cover -しゆん×ばぁう,1641329,0.9833333333333332,241.0,245.0847457627119,286.34820529148897,253.93476447041868,286.34820529148897,0.855897614281281,ShiyunBaau
2026-09-20 14:54:00,xJQ6KrmdpD0,【以心伝心】新人歌い手グループが『ヤラララ』を本気で歌ってみたら...【EL6】,2258125,0.9833333333333332,-1088.0,-1106.4406779661017,1927.1257460864488,1433.9315404376462,1927.1257460864488,-0.5741403643291204,EL6
2026-09-20 15:56:00,SnZvS3f5IrA,ヤラララ／Cover - KOMAINU.,2950712,1.0333333333333334,-673.0,-651.2903225806451,645.581823325101,443.5444596769453,645.581823325101,-1.0088424101319058,KOMAINU
2026-09-20 15:56:00,T24rF_x0TmQ,[MV] ABM - 'ヤラララ' (YARARARA) feat. 重音テト,57119120,1.0333333333333334,-4048.0,-3917.419354838709,12020.516375435389,10409.466411437264,12020.516375435389,-0.3258944318601969,ABM
2026-09-20 15:56:00,pRy8kStWlAw,'ヤラララ' (YARARARA) ／Cover -しゆん×ばぁう,1641310,1.0333333333333334,-19.0,-18.387096774193548,271.10626980761805,231.16517921696249,271.10626980761805,-0.067822469717286,ShiyunBaau
2026-09-20 15:56:00,xJQ6KrmdpD0,【以心伝心】新人歌い手グループが『ヤラララ』を本気で歌ってみたら...【EL6】,2261044,1.0333333333333334,2919.0,2824.838709677419,1923.5773589896744,1741.47992753442,1923.5773589896744,1.468533977318758,EL6
2026-09-20 16:54:00,SnZvS3f5IrA,ヤラララ／Cover - KOMAINU.,2951385,0.9666666666666668,673.0,696.2068965517242,644.5904440147563,475.12726428629264,644.5904440147563,1.08007635393333,KOMAINU
2026-09-20 16:54:00,T24rF_x0TmQ,[MV] ABM - 'ヤラララ' (YARARARA) feat. 重音テト,57130575,0.9666666666666668,11455.0,11850.0,12050.128444400903,10589.533110007606,12050.128444400903,0.9833920073695236,ABM
2026-09-20 16:54:00,pRy8kStWlAw,'ヤラララ' (YARARARA) ／Cover -しゆん×ばぁう,1641634,0.9666666666666668,324.0,335.17241379310343,272.0114422214111,244.16608353898008,272.0114422214111,1.2321996863656963,ShiyunBaau
2026-09-20 16:54:00,xJQ6KrmdpD0,【以心伝心】新人歌い手グループが『ヤラララ』を本気で歌ってみたら...【EL6】,2263457,0.9666666666666668,2413.0,2496.206896551724,1939.956669334502,1835.8207986615832,1939.956669334502,1.286733325547958,EL6
2026-09-20 17:54:00,SnZvS3f5IrA,ヤラララ／Cover - KOMAINU.,2951977,1.0,592.0,592.0,635.7154440147563,448.6910947375031,635.7154440147563,0.9312342583048188,KOMAINU
2026-09-20 17:54:00,T24rF_x0TmQ,[MV] ABM - 'ヤラララ' (YARARARA) feat. 重音テト,57141479,1.0,10904.0,10904.0,12006.253444400903,9844.599243517465,12006.253444400903,0.9081933885949294,ABM
2026-09-20 17:54:00,pRy8kStWlAw,'ヤラララ' (YARARARA) ／Cover -しゆん×ばぁう,1641959,1.0,325.0,325.0,272.96977555474444,264.6090722006532,272.96977555474444,1.1906080053717183,ShiyunBaau
2026-09-20 17:54:00,xJQ6KrmdpD0,【以心伝心】新人歌い手グループが『ヤラララ』を本気で歌ってみたら...【EL6】,2265598,1.0,2141.0,2141.0,1927.3733360011688,1946.093444084416,1927.3733360011688,1.110838237724122,EL6
2026-09-20 18:54:00,SnZvS3f5IrA,ヤラララ／Cover - KOMAINU.,2952723,1.0,746.0,746.0,620.0487773480896,485.8547078953152,620.0487773480896,1.2031311523435235,KOMAINU
2026-09-20 18:54:00,T24rF_x0TmQ,[MV] ABM - 'ヤラララ' (YARARARA) feat. 重音テト,57152538,1.0,11059.0,11059.0,11791.378444400903,9996.39933807778,11791.378444400903,0.9378886490791352,ABM
2026-09-20 18:54:00,pRy8kStWlAw,'ヤラララ' (YARARARA) ／Cover -しゆん×ばぁう,1642323,1.0,364.0,364.0,267.55310888807776,277.0329381755716,267.55310888807776,1.3604775571950751,ShiyunBaau
2026-09-20 18:54:00,xJQ6KrmdpD0,【以心伝心】新人歌い手グループが『ヤラララ』を本気で歌ってみたら...【EL6】,2268128,1.0,2530.0,2530.0,1897.915002667836,2019.081763573864,1897.915002667836,1.3330417834537711,EL6
2026-09-20 19:54:00,SnZvS3f5IrA,ヤラララ／Cover - KOMAINU.,2953362,1.0,639.0,639.0,613.757110681423,485.6887242887578,613.757110681423,1.0411284674006482,KOMAINU
2026-09-20 19:54:00,T24rF_x0TmQ,[MV] ABM - 'ヤラララ' (YARARARA) feat. 重音テト,57164349,1.0,11811.0,11811.0,11759.128444400903,9919.413682340077,11759.128444400903,1.0044111734848675,ABM
2026-09-20 19:54:00,pRy8kStWlAw,'ヤラララ' (YARARARA) ／Cover -しゆん×ばぁう,1642635,1.0,312.0,312.0,263.30310888807776,281.48375784770275,263.30310888807776,1.1849461304029716,ShiyunBaau
2026-09-20 19:54:00,xJQ6KrmdpD0,【以心伝心】新人歌い手グループが『ヤラララ』を本気で歌ってみたら...【EL6】,2270382,1.0,2254.0,2254.0,1876.790002667836,2008.70061603288,1876.790002667836,1.2009867895694055,EL6
2026-09-20 20:54:00,SnZvS3f5IrA,ヤラララ／Cover - KOMAINU.,2953991,1.0,629.0,629.0,610.757110681423,474.3137242887578,610.757110681423,1.0298693031968524,KOMAINU
2026-09-20 20:54:00,T24rF_x0TmQ,[MV] ABM - 'ヤラララ' (YARARARA) feat. 重音テト,57175044,1.0,10695.0,10695.0,11756.420111067571,9339.413682340077,11756.420111067571,0.9097157041820628,ABM
2026-09-20 20:54:00,pRy8kStWlAw,'ヤラララ' (YARARARA) ／Cover -しゆん×ばぁう,1642959,1.0,324.0,324.0,264.21977555474444,275.60875784770275,264.21977555474444,1.226251893219361,ShiyunBaau
2026-09-20 20:54:00,xJQ6KrmdpD0,【以心伝心】新人歌い手グループが『ヤラララ』を本気で歌ってみたら...【EL6】,2272760,1.0,2378.0,2378.0,1868.206669334502,1966.07561603288,1868.206669334502,1.2728784448923405,EL6
2026-09-20 21:56:00,SnZvS3f5IrA,ヤラララ／Cover - KOMAINU.,2954736,1.0333333333333334,745.0,720.9677419354838,611.8458203588423,481.6977594152232,611.8458203588423,1.178348724377397,KOMAINU
2026-09-20 21:56:00,T24rF_x0TmQ,[MV] ABM - 'ヤラララ' (YARARARA) feat. 重音テト,57188283,1.0333333333333334,13239.0,12811.935483870966,11735.85559493854,9316.216589861751,11735.85559493854,1.0916916436324011,ABM
2026-09-20 21:56:00,pRy8kStWlAw,'ヤラララ' (YARARARA) ／Cover -しゆん×ばぁう,1643282,1.0333333333333334,323.0,312.5806451612903,263.6552594257122,279.1951374543143,263.6552594257122,1.1855657491610303,ShiyunBaau
2026-09-20 21:56:00,xJQ6KrmdpD0,【以心伝心】新人歌い手グループが『ヤラララ』を本気で歌ってみたら...【EL6】,2275552,1.0333333333333334,2792.0,2701.935483870968,1868.4486048183728,2475.140155728587,1868.4486048183728,1.4460849909936997,EL6
2026-09-20 22:55:00,SnZvS3f5IrA,ヤラララ／Cover - KOMAINU.,2955520,0.9833333333333332,784.0,797.2881355932204,606.5316765832724,521.1465564374729,606.5316765832724,1.3145037042162768,KOMAINU
2026-09-20 22:55:00,T24rF_x0TmQ,[MV] ABM - 'ヤラララ' (YARARARA) feat. 重音テト,57199991,0.9833333333333332,11708.0,11906.440677966102,11679.974531233103,9639.994600874796,11679.974531233103,1.0193892671706954,ABM
2026-09-20 22:55:00,pRy8kStWlAw,'ヤラララ' (YARARARA) ／Cover -しゆん×ばぁう,1643611,0.9833333333333332,329.0,334.5762711864407,260.4838684262966,286.1177791708301,260.4838684262966,1.284441425136115,ShiyunBaau
2026-09-20 22:55:00,xJQ6KrmdpD0,【以心伝心】新人歌い手グループが『ヤラララ』を本気で歌ってみたら...【EL6】,2278345,0.9833333333333332,2793.0,2840.338983050848,1863.6926141696288,2520.7900091438696,1863.6926141696288,1.5240383319951956,EL6
2026-09-20 23:54:00,SnZvS3f5IrA,ヤラララ／Cover - KOMAINU.,2956338,0.9833333333333332,818.0,831.8644067796611,605.2343601990916,708.0171834726236,605.2343601990916,1.3744500667576434,KOMAINU
2026-09-20 23:54:00,T24rF_x0TmQ,[MV] ABM - 'ヤラララ' (YARARARA) feat. 重音テト,57213218,0.9833333333333332,13227.0,13451.186440677966,11630.982299594689,11805.508943216437,11630.982299594689,1.1564961663768252,ABM
2026-09-20 23:54:00,pRy8kStWlAw,'ヤラララ' (YARARARA) ／Cover -しゆん×ばぁう,1644001,0.9833333333333332,390.0,396.6101694915254,258.8009588217769,338.39529797703665,258.8009588217769,1.532491113236759,ShiyunBaau
2026-09-20 23:54:00,xJQ6KrmdpD0,【以心伝心】新人歌い手グループが『ヤラララ』を本気で歌ってみたら...【EL6】,2280792,0.9833333333333332,2447.0,2488.4745762711864,1842.3373881809289,2476.249863313286,1842.3373881809289,1.3507159938431446,EL6
2026-09-21 00:54:00,SnZvS3f5IrA,ヤラララ／Cover - KOMAINU.,2956935,1.0,597.0,597.0,623.817693532425,708.7314691869094,623.817693532425,0.9570103672748246,KOMAINU
2026-09-21 00:54:00,T24rF_x0TmQ,[MV] ABM - 'ヤラララ' (YARARARA) feat. 重音テト,57223696,1.0,10478.0,10478.0,11899.107299594689,11744.651800359292,11899.107299594689,0.8805702592796105,ABM
2026-09-21 00:54:00,pRy8kStWlAw,'ヤラララ' (YARARARA) ／Cover -しゆん×ばぁう,1644223,1.0,222.0,222.0,266.7176254884436,323.6810122627509,266.7176254884436,0.8323409433232934,ShiyunBaau
2026-09-21 00:54:00,xJQ6KrmdpD0,【以心伝心】新人歌い手グループが『ヤラララ』を本気で歌ってみたら...【EL6】,2283070,1.0,2278.0,2278.0,1826.3373881809289,2495.8212918847144,1826.3373881809289,1.2473051336198822,EL6
2026-09-21 01:54:00,SnZvS3f5IrA,ヤラララ／Cover - KOMAINU.,2957772,1.0,837.0,837.0,632.344985791128,721.7314691869094,632.344985791128,1.3236445592319004,KOMAINU
2026-09-21 01:54:00,T24rF_x0TmQ,[MV] ABM - 'ヤラララ' (YARARARA) feat. 重音テト,57238333,1.0,14637.0,14637.0,12008.6230076109,12255.794657502149,12008.6230076109,1.2188741365869569,ABM
2026-09-21 01:54:00,pRy8kStWlAw,'ヤラララ' (YARARARA) ／Cover -しゆん×ばぁう,1644586,1.0,363.0,363.0,270.56892046890584,323.5381551198938,270.56892046890584,1.3416175049629044,ShiyunBaau
2026-09-21 01:54:00,xJQ6KrmdpD0,【以心伝心】新人歌い手グループが『ヤラララ』を本気で歌ってみたら...【EL6】,2285613,1.0,2543.0,2543.0,1855.0038926536915,2497.678434741857,1855.0038926536915,1.3708866111122224,EL6
2026-09-21 02:54:00,SnZvS3f5IrA,ヤラララ／Cover - KOMAINU.,2958505,1.0,733.0,733.0,611.297433274946,735.1600406154809,611.297433274946,1.1990889542477683,KOMAINU
2026-09-21 02:54:00,T24rF_x0TmQ,[MV] ABM - 'ヤラララ' (YARARARA) feat. 重音テト,57250588,1.0,12255.0,12255.0,11692.451145107329,12319.22322893072,11692.451145107329,1.0481121407232108,ABM
2026-09-21 02:54:00,pRy8kStWlAw,'ヤラララ' (YARARARA) ／Cover -しゆん×ばぁう,1644849,1.0,263.0,263.0,263.712323089629,316.5381551198938,263.712323089629,0.9972988630895836,ShiyunBaau
2026-09-21 02:54:00,xJQ6KrmdpD0,【以心伝心】新人歌い手グループが『ヤラララ』を本気で歌ってみたら...【EL6】,2287638,1.0,2025.0,2025.0,1871.888143020236,2464.964149027572,1871.888143020236,1.0817954093841966,EL6
2026-09-21 03:54:00,SnZvS3f5IrA,ヤラララ／Cover - KOMAINU.,2959309,1.0,804.0,804.0,615.3390999416127,760.1600406154809,615.3390999416127,1.3065966392779016,KOMAINU
2026-09-21 03:54:00,T24rF_x0TmQ,[MV] ABM - 'ヤラララ' (YARARARA) feat. 重音テト,57264318,1.0,13730.0,13730.0,11674.034478440662,12752.794657502149,11674.034478440662,1.1761143951867066,ABM
2026-09-21 03:54:00,pRy8kStWlAw,'ヤラララ' (YARARARA) ／Cover -しゆん×ばぁう,1645114,1.0,265.0,265.0,264.0456564229624,308.1095836913224,264.0456564229624,1.0036143127289656,ShiyunBaau
2026-09-21 03:54:00,xJQ6KrmdpD0,【以心伝心】新人歌い手グループが『ヤラララ』を本気で歌ってみたら...【EL6】,2289401,1.0,1763.0,1763.0,1880.4714763535687,2377.107006170429,1880.4714763535687,0.9375308384994178,EL6
2026-09-21 04:54:00,SnZvS3f5IrA,ヤラララ／Cover - KOMAINU.,2959923,1.0,614.0,614.0,610.7557666082794,741.8900355385457,610.7557666082794,1.0053118342373366,KOMAINU
2026-09-21 04:54:00,T24rF_x0TmQ,[MV] ABM - 'ヤラララ' (YARARARA) feat. 重音テト,57276899,1.0,12581.0,12581.0,11642.534478440662,12731.32032531438,11642.534478440662,1.0806066345173522,ABM
2026-09-21 04:54:00,pRy8kStWlAw,'ヤラララ' (YARARARA) ／Cover -しゆん×ばぁう,1645281,1.0,167.0,167.0,260.6289897562957,290.4708857299071,260.6289897562957,0.6407575771066579,ShiyunBaau
2026-09-21 04:54:00,xJQ6KrmdpD0,【以心伝心】新人歌い手グループが『ヤラララ』を本気で歌ってみたら...【EL6】,2290528,1.0,1127.0,1127.0,1868.263143020236,2220.843630399125,1868.263143020236,0.6032340809218613,EL6
2026-09-21 05:54:00,SnZvS3f5IrA,ヤラララ／Cover - KOMAINU.,2960734,1.0,811.0,811.0,617.4640999416127,753.1440677966102,617.4640999416127,1.313436684135463,KOMAINU
2026-09-21 05:54:00,T24rF_x0TmQ,[MV] ABM - 'ヤラララ' (YARARARA) feat. 重音テト,57290649,1.0,13750.0,13750.0,11642.659478440662,12848.578389830507,11642.659478440662,1.1810016453252463,ABM
2026-09-21 05:54:00,pRy8kStWlAw,'ヤラララ' (YARARARA) ／Cover -しゆん×ばぁう,1645528,1.0,247.0,247.0,264.0039897562957,282.2733050847458,264.0039897562957,0.9355919212736435,ShiyunBaau
2026-09-21 05:54:00,xJQ6KrmdpD0,【以心伝心】新人歌い手グループが『ヤラララ』を本気で歌ってみたら...【EL6】,2291497,1.0,969.0,969.0,1869.304809686903,2004.2266949152545,1869.304809686903,0.5183745288508094,EL6
2026-09-21 06:54:00,SnZvS3f5IrA,ヤラララ／Cover - KOMAINU.,2961551,1.0,817.0,817.0,629.3390999416127,744.7142857142857,629.3390999416127,1.2981872571969508,KOMAINU
2026-09-21 06:54:00,T24rF_x0TmQ,[MV] ABM - 'ヤラララ' (YARARARA) feat. 重音テト,57305750,1.0,15101.0,15101.0,11767.409478440662,13218.857142857143,11767.409478440662,1.2832900926637154,ABM
2026-09-21 06:54:00,pRy8kStWlAw,'ヤラララ' (YARARARA) ／Cover -しゆん×ばぁう,1645725,1.0,197.0,197.0,265.2539897562957,246.28571428571428,265.2539897562957,0.742684399133809,ShiyunBaau
2026-09-21 06:54:00,xJQ6KrmdpD0,【以心伝心】新人歌い手グループが『ヤラララ』を本気で歌ってみたら...【EL6】,2292530,1.0,1033.0,1033.0,1883.138143020236,1676.857142857143,1883.138143020236,0.5485524276743936,EL6
2026-09-21 07:54:00,SnZvS3f5IrA,ヤラララ／Cover - KOMAINU.,2962021,1.0,470.0,470.0,624.297433274946,726.5714285714286,624.297433274946,0.7528462795921955,KOMAINU
2026-09-21 07:54:00,T24rF_x0TmQ,[MV] ABM - 'ヤラララ' (YARARARA) feat. 重音テト,57315823,1.0,10073.0,10073.0,11687.617811773996,13161.0,11687.617811773996,0.8618522749650963,ABM
2026-09-21 07:54:00,pRy8kStWlAw,'ヤラララ' (YARARARA) ／Cover -しゆん×ばぁう,1645849,1.0,124.0,124.0,262.962323089629,232.28571428571428,262.962323089629,0.4715504432083047,ShiyunBaau
2026-09-21 07:54:00,xJQ6KrmdpD0,【以心伝心】新人歌い手グループが『ヤラララ』を本気で歌ってみたら...【EL6】,2293181,1.0,651.0,651.0,1878.388143020236,1444.428571428571,1878.388143020236,0.3465737379247217,EL6
2026-09-21 08:54:00,SnZvS3f5IrA,ヤラララ／Cover - KOMAINU.,2962528,1.0,507.0,507.0,622.797433274946,679.4285714285714,622.797433274946,0.8140688655924101,KOMAINU
2026-09-21 08:54:00,T24rF_x0TmQ,[MV] ABM - 'ヤラララ' (YARARARA) feat. 重音テト,57324600,1.0,8777.0,8777.0,11614.034478440662,12323.857142857143,11614.034478440662,0.7557236046003566,ABM
2026-09-21 08:54:00,pRy8kStWlAw,'ヤラララ' (YARARARA) ／Cover -しゆん×ばぁう,1645963,1.0,114.0,114.0,261.837323089629,196.7142857142857,261.837323089629,0.4353848361067183,ShiyunBaau
2026-09-21 08:54:00,xJQ6KrmdpD0,【以心伝心】新人歌い手グループが『ヤラララ』を本気で歌ってみたら...【EL6】,2293942,1.0,761.0,761.0,1882.0964763535687,1189.857142857143,1882.0964763535687,0.4043363395878538,EL6
2026-09-21 09:58:00,SnZvS3f5IrA,ヤラララ／Cover - KOMAINU.,2963076,1.0666666666666669,548.0,513.75,626.1084451797079,648.1071428571429,626.1084451797079,0.8205447537966711,KOMAINU
2026-09-21 09:58:00,T24rF_x0TmQ,[MV] ABM - 'ヤラララ' (YARARARA) feat. 重音テト,57333992,1.0666666666666669,9392.0,8805.0,11538.687256218438,11831.0,11538.687256218438,0.7630850723729256,ABM
2026-09-21 09:58:00,pRy8kStWlAw,'ヤラララ' (YARARARA) ／Cover -しゆん×ばぁう,1646134,1.0666666666666669,171.0,160.3125,261.3344709070894,182.0446428571429,261.3344709070894,0.6134380185038617,ShiyunBaau
2026-09-21 09:58:00,xJQ6KrmdpD0,【以心伝心】新人歌い手グループが『ヤラララ』を本気で歌ってみたら...【EL6】,2295441,1.0666666666666669,1499.0,1405.3125,1892.5956082980133,1101.330357142857,1892.5956082980133,0.7425318403141488,EL6
2026-09-21 10:56:00,SnZvS3f5IrA,ヤラララ／Cover - KOMAINU.,2963565,0.9666666666666668,489.0,505.8620689655172,613.1070840181835,605.5160098522167,613.1070840181835,0.8250794716808628,KOMAINU
2026-09-21 10:56:00,T24rF_x0TmQ,[MV] ABM - 'ヤラララ' (YARARARA) feat. 重音テト,57344324,0.9666666666666668,10332.0,10688.275862068966,11313.418048716929,11396.467980295563,11313.418048716929,0.9447432965036716,ABM
2026-09-21 10:56:00,pRy8kStWlAw,'ヤラララ' (YARARARA) ／Cover -しゆん×ばぁう,1646349,0.9666666666666668,215.0,222.41379310344828,260.03153684780324,175.9608990147783,260.03153684780324,0.8553339175687268,ShiyunBaau
2026-09-21 10:56:00,xJQ6KrmdpD0,【以心伝心】新人歌い手グループが『ヤラララ』を本気で歌ってみたら...【EL6】,2297216,0.9666666666666668,1775.0,1836.206896551724,1883.6217728473184,1111.788485221675,1883.6217728473184,0.9748278147029906,EL6
2026-09-21 11:56:00,SnZvS3f5IrA,ヤラララ／Cover - KOMAINU.,2964152,1.0,587.0,587.0,610.8850894826644,601.6588669950739,610.8850894826644,0.9609008471578644,KOMAINU
2026-09-21 11:56:00,T24rF_x0TmQ,[MV] ABM - 'ヤラララ' (YARARARA) feat. 重音テト,57355808,1.0,11484.0,11484.0,11274.131163471027,11239.75369458128,11274.131163471027,1.0186150784912775,ABM
2026-09-21 11:56:00,pRy8kStWlAw,'ヤラララ' (YARARARA) ／Cover -しゆん×ばぁう,1646580,1.0,231.0,231.0,258.14014340518025,185.10375615763547,258.14014340518025,0.8948627553732287,ShiyunBaau
2026-09-21 11:56:00,xJQ6KrmdpD0,【以心伝心】新人歌い手グループが『ヤラララ』を本気で歌ってみたら...【EL6】,2299456,1.0,2240.0,2240.0,1879.5780570003235,1270.788485221675,1879.5780570003235,1.1917568369439708,EL6
2026-09-21 12:57:00,SnZvS3f5IrA,ヤラララ／Cover - KOMAINU.,2964808,1.0166666666666666,656.0,645.2459016393443,607.7703353843037,577.9797100864088,607.7703353843037,1.0616607360925967,KOMAINU
2026-09-21 12:57:00,T24rF_x0TmQ,[MV] ABM - 'ヤラララ' (YARARARA) feat. 重音テト,57367148,1.0166666666666666,11340.0,11154.098360655738,11099.926928498347,10868.910603246386,11099.926928498347,1.004880341330744,ABM
2026-09-21 12:57:00,pRy8kStWlAw,'ヤラララ' (YARARARA) ／Cover -しゆん×ばぁう,1646875,1.0166666666666666,295.0,290.1639344262295,254.77197400627315,191.27003250423968,254.77197400627315,1.1389162232541516,ShiyunBaau
2026-09-21 12:57:00,xJQ6KrmdpD0,【以心伝心】新人歌い手グループが『ヤラララ』を本気で歌ってみたら...【EL6】,2301631,1.0166666666666666,2175.0,2139.344262295082,1855.425734595952,1437.980522692401,1855.425734595952,1.1530206908340406,EL6
2026-09-21 13:57:00,SnZvS3f5IrA,ヤラララ／Cover - KOMAINU.,2965527,1.0,719.0,719.0,611.5620020509704,563.9797100864088,611.5620020509704,1.1756780139850402,KOMAINU
2026-09-21 13:57:00,T24rF_x0TmQ,[MV] ABM - 'ヤラララ' (YARARARA) feat. 重音テト,57378873,1.0,11725.0,11725.0,11093.051928498347,10386.62488896067,11093.051928498347,1.0569679178980638,ABM
2026-09-21 13:57:00,pRy8kStWlAw,'ヤラララ' (YARARARA) ／Cover -しゆん×ばぁう,1647142,1.0,267.0,267.0,252.64697400627315,201.27003250423968,252.64697400627315,1.0568105992568526,ShiyunBaau
2026-09-21 13:57:00,xJQ6KrmdpD0,【以心伝心】新人歌い手グループが『ヤラララ』を本気で歌ってみたら...【EL6】,2304014,1.0,2383.0,2383.0,1862.5924012626183,1630.8376655495438,1862.5924012626183,1.279399614421602,EL6
2026-09-21 14:55:00,SnZvS3f5IrA,ヤラララ／Cover - KOMAINU.,2966086,0.9666666666666668,559.0,578.2758620689655,614.1737787897197,579.4476903819752,614.1737787897197,0.9415508802875076,KOMAINU
2026-09-21 14:55:00,T24rF_x0TmQ,[MV] ABM - 'ヤラララ' (YARARARA) feat. 重音テト,57376094,0.9666666666666668,-2779.0,-2874.8275862068967,10538.94541184142,8536.935233788257,10538.94541184142,-0.2727813337923525,ABM
2026-09-21 14:55:00,pRy8kStWlAw,'ヤラララ' (YARARARA) ／Cover -しゆん×ばぁう,1647368,0.9666666666666668,226.0,233.79310344827587,252.17648890983835,216.9547615682791,252.17648890983835,0.9271011126333228,ShiyunBaau
2026-09-21 14:55:00,xJQ6KrmdpD0,【以心伝心】新人歌い手グループが『ヤラララ』を本気で歌ってみたら...【EL6】,2305843,0.9666666666666668,1829.0,1892.0689655172407,1987.5303030744244,1808.1332320520069,1987.5303030744244,0.9519698706432208,EL6
2026-09-21 16:00:00,SnZvS3f5IrA,ヤラララ／Cover - KOMAINU.,2965873,1.0833333333333333,-213.0,-196.61538461538464,633.1185678716055,478.9312068654917,633.1185678716055,-0.3105506528995966,KOMAINU
2026-09-21 16:00:00,T24rF_x0TmQ,[MV] ABM - 'ヤラララ' (YARARARA) feat. 重音テト,57386747,1.0833333333333333,10653.0,9833.538461538465,11111.901987523806,8687.869299722324,11111.901987523806,0.8849554714016861,ABM
2026-09-21 16:00:00,pRy8kStWlAw,'ヤラララ' (YARARARA) ／Cover -しゆん×ばぁう,1647738,1.0833333333333333,370.0,341.53846153846155,267.1733871728656,249.4602560737736,267.1733871728656,1.278340126434376,ShiyunBaau
2026-09-21 16:00:00,xJQ6KrmdpD0,【以心伝心】新人歌い手グループが『ヤラララ』を本気で歌ってみたら...【EL6】,2307087,1.0833333333333333,1244.0,1148.3076923076924,1917.6748440173528,1863.4629023816767,1917.6748440173528,0.5988020836223169,EL6
2026-09-21 16:56:00,SnZvS3f5IrA,ヤラララ／Cover - KOMAINU.,2966427,0.9333333333333332,554.0,593.5714285714286,628.8420900390931,493.2612345787339,628.8420900390931,0.9439117355114192,KOMAINU
2026-09-21 16:56:00,T24rF_x0TmQ,[MV] ABM - 'ヤラララ' (YARARARA) feat. 重音テト,57395823,0.9333333333333332,9076.0,9724.285714285714,11023.330558952375,8817.421351542747,11023.330558952375,0.882154958728724,ABM
2026-09-21 16:56:00,pRy8kStWlAw,'ヤラララ' (YARARARA) ／Cover -しゆん×ばぁう,1647795,0.9333333333333332,57.0,61.07142857142857,255.7525127886292,225.9116526359805,255.7525127886292,0.2387911184352743,ShiyunBaau
2026-09-21 16:56:00,xJQ6KrmdpD0,【以心伝心】新人歌い手グループが『ヤラララ』を本気で歌ってみたら...【EL6】,2309168,0.9333333333333332,2081.0,2229.642857142857,1906.568009041983,1909.2353967268243,1906.568009041983,1.1694536185274678,EL6
2026-09-21 17:56:00,SnZvS3f5IrA,ヤラララ／Cover - KOMAINU.,2967150,1.0,723.0,723.0,634.3004233724265,521.3539725234791,634.3004233724265,1.1398384320098331,KOMAINU
2026-09-21 17:56:00,T24rF_x0TmQ,[MV] ABM - 'ヤラララ' (YARARARA) feat. 重音テト,57406411,1.0,10588.0,10588.0,11010.16389228571,8804.870707181859,11010.16389228571,0.9616568929930736,ABM
2026-09-21 17:56:00,pRy8kStWlAw,'ヤラララ' (YARARARA) ／Cover -しゆん×ばぁう,1648149,1.0,354.0,354.0,256.9608461219625,254.0809897120565,256.9608461219625,1.3776417899557327,ShiyunBaau
2026-09-21 17:56:00,xJQ6KrmdpD0,【以心伝心】新人歌い手グループが『ヤラララ』を本気で歌ってみたら...【EL6】,2311618,1.0,2450.0,2450.0,1919.443009041983,2068.909111037553,1919.443009041983,1.2764119530815474,EL6
2026-09-21 18:56:00,SnZvS3f5IrA,ヤラララ／Cover - KOMAINU.,2967966,1.0,816.0,816.0,637.2170900390931,554.0682582377648,637.2170900390931,1.2805682910198446,KOMAINU
2026-09-21 18:56:00,T24rF_x0TmQ,[MV] ABM - 'ヤラララ' (YARARARA) feat. 重音テト,57418026,1.0,11615.0,11615.0,11033.330558952375,8823.584992896145,11033.330558952375,1.0527192979435989,ABM
2026-09-21 18:56:00,pRy8kStWlAw,'ヤラララ' (YARARARA) ／Cover -しゆん×ばぁう,1648524,1.0,375.0,375.0,257.4191794552958,274.6524182834851,257.4191794552958,1.456767909809625,ShiyunBaau
2026-09-21 18:56:00,xJQ6KrmdpD0,【以心伝心】新人歌い手グループが『ヤラララ』を本気で歌ってみたら...【EL6】,2314807,1.0,3189.0,3189.0,1946.9013423753163,2204.480539608982,1946.9013423753163,1.6379874678751114,EL6
2026-09-21 19:55:00,SnZvS3f5IrA,ヤラララ／Cover - KOMAINU.,2968610,0.9833333333333332,644.0,654.9152542372882,637.8802256323135,566.6741327377052,637.8802256323135,1.0267056853629353,KOMAINU
2026-09-21 19:55:00,T24rF_x0TmQ,[MV] ABM - 'ヤラララ' (YARARARA) feat. 重音テト,57427612,0.9833333333333332,9586.0,9748.474576271186,10947.391999630345,8939.196190818026,10947.391999630345,0.8904837404744764,ABM
2026-09-21 19:55:00,pRy8kStWlAw,'ヤラララ' (YARARARA) ／Cover -しゆん×ばぁう,1648840,0.9833333333333332,316.0,321.35593220338984,257.8090099637704,280.4903575234732,257.8090099637704,1.2464883684575243,ShiyunBaau
2026-09-21 19:55:00,xJQ6KrmdpD0,【以心伝心】新人歌い手グループが『ヤラララ』を本気で歌ってみたら...【EL6】,2317468,0.9833333333333332,2661.0,2706.1016949152545,1965.7389129967853,2267.183184022266,1965.7389129967853,1.376633324508889,EL6
2026-09-21 20:55:00,SnZvS3f5IrA,ヤラララ／Cover - KOMAINU.,2969178,1.0,568.0,568.0,635.3385589656468,557.0183950327872,635.3385589656468,0.8940115344560917,KOMAINU
2026-09-21 20:55:00,T24rF_x0TmQ,[MV] ABM - 'ヤラララ' (YARARARA) feat. 重音テト,57435122,1.0,7510.0,7510.0,10814.683666297007,8483.683895736058,10814.683666297007,0.694426229350031,ABM
2026-09-21 20:55:00,pRy8kStWlAw,'ヤラララ' (YARARARA) ／Cover -しゆん×ばぁう,1649085,1.0,245.0,245.0,254.5173432971037,274.8448657201945,254.5173432971037,0.9626063073981016,ShiyunBaau
2026-09-21 20:55:00,xJQ6KrmdpD0,【以心伝心】新人歌い手グループが『ヤラララ』を本気で歌ってみたら...【EL6】,2319421,1.0,1953.0,1953.0,1948.030579663452,2243.8901512353805,1948.030579663452,1.0025509970882522,EL6
2026-09-21 21:56:00,SnZvS3f5IrA,ヤラララ／Cover - KOMAINU.,2969856,1.0166666666666666,678.0,666.8852459016393,633.0851216309034,546.5366491564245,633.0851216309034,1.0533895413363417,KOMAINU
2026-09-21 21:56:00,T24rF_x0TmQ,[MV] ABM - 'ヤラララ' (YARARARA) feat. 重音テト,57445864,1.0166666666666666,10742.0,10565.901639344263,10721.098922775063,9940.742913062804,10721.098922775063,0.9855241254139432,ABM
2026-09-21 21:56:00,pRy8kStWlAw,'ヤラララ' (YARARARA) ／Cover -しゆん×ばぁう,1649364,1.0166666666666666,279.0,274.42622950819674,252.92757597822484,281.7702931173538,252.92757597822484,1.084999247103933,ShiyunBaau
2026-09-21 21:56:00,xJQ6KrmdpD0,【以心伝心】新人歌い手グループが『ヤラララ』を本気で歌ってみたら...【EL6】,2321813,1.0166666666666666,2392.0,2352.786885245902,1933.482721387408,2289.8341613731004,1933.482721387408,1.2168647069975438,EL6
2026-09-21 22:56:00,SnZvS3f5IrA,ヤラララ／Cover - KOMAINU.,2970572,1.0,716.0,716.0,629.6981159811859,567.7195680118714,629.6981159811859,1.137052790580991,KOMAINU
2026-09-21 22:56:00,T24rF_x0TmQ,[MV] ABM - 'ヤラララ' (YARARARA) feat. 重音テト,57457710,1.0,11846.0,11846.0,10718.58056119314,10178.900048929954,10718.58056119314,1.1051836511719384,ABM
2026-09-21 22:56:00,pRy8kStWlAw,'ヤラララ' (YARARARA) ／Cover -しゆん×ばぁう,1649746,1.0,382.0,382.0,254.90356467878985,294.2990064776846,254.90356467878985,1.4986059550848865,ShiyunBaau
2026-09-21 22:56:00,xJQ6KrmdpD0,【以心伝心】新人歌い手グループが『ヤラララ』を本気で歌ってみたら...【EL6】,2324542,1.0,2729.0,2729.0,1928.8435970936223,2344.729891201463,1928.8435970936223,1.4148373689354865,EL6
2026-09-21 23:56:00,SnZvS3f5IrA,ヤラララ／Cover - KOMAINU.,2971496,1.0,924.0,924.0,633.5370990320333,724.1143571627041,633.5370990320333,1.458478124504087,KOMAINU
2026-09-21 23:56:00,T24rF_x0TmQ,[MV] ABM - 'ヤラララ' (YARARARA) feat. 重音テト,57473572,1.0,15862.0,15862.0,10819.031126164891,11105.053745087922,10819.031126164891,1.4661201927443503,ABM
2026-09-21 23:56:00,pRy8kStWlAw,'ヤラララ' (YARARARA) ／Cover -しゆん×ばぁう,1650132,1.0,386.0,386.0,254.4614742833096,333.9688802445124,254.4614742833096,1.5169290403868343,ShiyunBaau
2026-09-21 23:56:00,xJQ6KrmdpD0,【以心伝心】新人歌い手グループが『ヤラララ』を本気で歌ってみたら...【EL6】,2327718,1.0,3176.0,3176.0,1957.4904897489896,2650.8412257373084,1957.4904897489896,1.622485532692044,EL6
2026-09-22 00:55:00,SnZvS3f5IrA,ヤラララ／Cover - KOMAINU.,2972228,0.9833333333333332,732.0,744.406779661017,639.6790481845757,726.650909974993,639.6790481845757,1.163719183508763,KOMAINU
2026-09-22 00:55:00,T24rF_x0TmQ,[MV] ABM - 'ヤラララ' (YARARARA) feat. 重音テト,57486292,0.9833333333333332,12720.0,12935.593220338984,10921.430843679018,11333.871179494305,10921.430843679018,1.1844229392182344,ABM
2026-09-22 00:55:00,pRy8kStWlAw,'ヤラララ' (YARARARA) ／Cover -しゆん×ばぁう,1650429,0.9833333333333332,297.0,302.0338983050848,257.79622004602146,329.9770075020839,257.79622004602146,1.171599406116839,ShiyunBaau
2026-09-22 00:55:00,xJQ6KrmdpD0,【以心伝心】新人歌い手グループが『ヤラララ』を本気で歌ってみたら...【EL6】,2330092,0.9833333333333332,2374.0,2414.237288135593,1963.1670434213063,2621.2657335370936,1963.1670434213063,1.2297666142195345,EL6
2026-09-22 01:56:00,SnZvS3f5IrA,ヤラララ／Cover - KOMAINU.,2972942,1.0166666666666666,714.0,702.2950819672132,634.0663432665428,710.9289088238796,634.0663432665428,1.107605047051029,KOMAINU
2026-09-22 01:56:00,T24rF_x0TmQ,[MV] ABM - 'ヤラララ' (YARARARA) feat. 重音テト,57497534,1.0166666666666666,11242.0,11057.704918032789,10772.29354859705,11360.810621998176,10772.29354859705,1.0264949491162825,ABM
2026-09-22 01:56:00,pRy8kStWlAw,'ヤラララ' (YARARARA) ／Cover -しゆん×ばぁう,1650702,1.0166666666666666,273.0,268.5245901639344,253.85974463618533,311.3343785972294,253.85974463618533,1.0577675107519142,ShiyunBaau
2026-09-22 01:56:00,xJQ6KrmdpD0,【以心伝心】新人歌い手グループが『ヤラララ』を本気で歌ってみたら...【EL6】,2331933,1.0166666666666666,1841.0,1810.819672131148,1932.659529760104,2448.849362918271,1932.659529760104,0.9369574124398,EL6
2026-09-22 02:54:00,SnZvS3f5IrA,ヤラララ／Cover - KOMAINU.,2973807,0.9666666666666668,865.0,894.8275862068965,640.8091593584969,733.9162434967568,640.8091593584969,1.3964026155660652,KOMAINU
2026-09-22 02:54:00,T24rF_x0TmQ,[MV] ABM - 'ヤラララ' (YARARARA) feat. 重音テト,57510091,0.9666666666666668,12557.0,12990.0,10802.91854859705,11564.459294248403,10802.91854859705,1.2024528317569312,ABM
2026-09-22 02:54:00,pRy8kStWlAw,'ヤラララ' (YARARARA) ／Cover -しゆん×ばぁう,1651036,0.9666666666666668,334.0,345.51724137931035,257.29796302699,315.6072364449895,257.29796302699,1.3428681568810803,ShiyunBaau
2026-09-22 02:54:00,xJQ6KrmdpD0,【以心伝心】新人歌い手グループが『ヤラララ』を本気で歌ってみたら...【EL6】,2333873,0.9666666666666668,1940.0,2006.896551724138,1931.9052194152764,2393.6052615190047,1931.9052194152764,1.038817293703238,EL6
2026-09-22 03:57:00,SnZvS3f5IrA,ヤラララ／Cover - KOMAINU.,2974514,1.05,707.0,673.3333333333333,635.3647149140525,760.2497181528713,635.3647149140525,1.0597587771685069,KOMAINU
2026-09-22 03:57:00,T24rF_x0TmQ,[MV] ABM - 'ヤラララ' (YARARARA) feat. 重音テト,57522288,1.05,12197.0,11616.190476190475,10714.843151771654,12410.484321986643,10714.843151771654,1.0841213736544326,ABM
2026-09-22 03:57:00,pRy8kStWlAw,'ヤラララ' (YARARARA) ／Cover -しゆん×ばぁう,1651295,1.05,259.0,246.66666666666663,256.5340741381011,315.0240894318848,256.5340741381011,0.9615356848614096,ShiyunBaau
2026-09-22 03:57:00,xJQ6KrmdpD0,【以心伝心】新人歌い手グループが『ヤラララ』を本気で歌ってみたら...【EL6】,2335357,1.05,1484.0,1413.3333333333333,1917.335774970832,2271.8676757957305,1917.335774970832,0.7371339708898061,EL6
2026-09-22 04:54:00,SnZvS3f5IrA,ヤラララ／Cover - KOMAINU.,2975257,0.95,743.0,782.1052631578948,642.3691008789648,762.9816612784992,642.3691008789648,1.2175325090944231,KOMAINU
2026-09-22 04:54:00,T24rF_x0TmQ,[MV] ABM - 'ヤラララ' (YARARARA) feat. 重音テト,57532154,0.95,9866.0,10385.263157894737,10623.354116683931,12157.331676475156,10623.354116683931,0.9775879673995546,ABM
2026-09-22 04:54:00,pRy8kStWlAw,'ヤラララ' (YARARARA) ／Cover -しゆん×ばぁう,1651478,0.95,183.0,192.63157894736844,257.60205659424145,299.7250256213202,257.60205659424145,0.7477874264443066,ShiyunBaau
2026-09-22 04:54:00,xJQ6KrmdpD0,【以心伝心】新人歌い手グループが『ヤラララ』を本気で歌ってみたら...【EL6】,2336397,0.95,1040.0,1094.7368421052631,1915.9914767252176,2124.7263215844223,1915.9914767252176,0.5713683256965056,EL6
2026-09-22 05:54:00,SnZvS3f5IrA,ヤラララ／Cover - KOMAINU.,2975728,1.0,471.0,471.0,628.202434212298,738.4960055407944,628.202434212298,0.7497583173019475,KOMAINU
2026-09-22 05:54:00,T24rF_x0TmQ,[MV] ABM - 'ヤラララ' (YARARARA) feat. 重音テト,57540195,1.0,8041.0,8041.0,10385.479116683931,11841.718971557122,10385.479116683931,0.7742541205520693,ABM
2026-09-22 05:54:00,pRy8kStWlAw,'ヤラララ' (YARARARA) ／Cover -しゆん×ばぁう,1651621,1.0,143.0,143.0,253.26872326090813,283.2967469327956,253.26872326090813,0.5646176841689475,ShiyunBaau
2026-09-22 05:54:00,xJQ6KrmdpD0,【以心伝心】新人歌い手グループが『ヤラララ』を本気で歌ってみたら...【EL6】,2336976,1.0,579.0,579.0,1899.7414767252176,1903.0029609286844,1899.7414767252176,0.3047783117301216,EL6
2026-09-22 06:55:00,SnZvS3f5IrA,ヤラララ／Cover - KOMAINU.,2976262,1.0166666666666666,534.0,525.2459016393443,616.0460134472708,714.6517432457124,616.0460134472708,0.8526082308368054,KOMAINU
2026-09-22 06:55:00,T24rF_x0TmQ,[MV] ABM - 'ヤラララ' (YARARARA) feat. 重音テト,57549156,1.0166666666666666,8961.0,8814.098360655738,10123.524881711255,11462.73126663909,10123.524881711255,0.8706550794949816,ABM
2026-09-22 06:55:00,pRy8kStWlAw,'ヤラララ' (YARARARA) ／Cover -しゆん×ばぁう,1651787,1.0166666666666666,166.0,163.27868852459017,251.8636686160993,255.95658299836936,251.8636686160993,0.6482820226583217,ShiyunBaau
2026-09-22 06:55:00,xJQ6KrmdpD0,【以心伝心】新人歌い手グループが『ヤラララ』を本気で歌ってみたら...【EL6】,2337686,1.0166666666666666,710.0,698.360655737705,1885.798170714289,1649.1730428958974,1885.798170714289,0.3703262982131248,EL6
2026-09-22 07:54:00,SnZvS3f5IrA,ヤラララ／Cover - KOMAINU.,2976709,0.9833333333333332,447.0,454.5762711864407,615.4033580800391,655.9737771440175,615.4033580800391,0.7386639432788384,KOMAINU
2026-09-22 07:54:00,T24rF_x0TmQ,[MV] ABM - 'ヤラララ' (YARARARA) feat. 重音テト,57556735,0.9833333333333332,7579.0,7707.457627118644,10024.960616174534,10443.41347002892,10024.960616174534,0.7688267238360249,ABM
2026-09-22 07:54:00,pRy8kStWlAw,'ヤラララ' (YARARARA) ／Cover -しゆん×ばぁう,1651851,0.9833333333333332,64.0,65.08474576271186,249.4088663562124,215.84217621870835,249.4088663562124,0.2609560225888525,ShiyunBaau
2026-09-22 07:54:00,xJQ6KrmdpD0,【以心伝心】新人歌い手グループが『ヤラララ』を本気で歌ってみたら...【EL6】,2338258,0.9833333333333332,572.0,581.6949152542373,1882.9104588498824,1324.8849073026772,1882.9104588498824,0.3089339232889214,EL6
2026-09-22 08:54:00,SnZvS3f5IrA,ヤラララ／Cover - KOMAINU.,2977229,1.0,520.0,520.0,615.9450247467058,627.9229296863903,615.9450247467058,0.8442311880250009,KOMAINU
2026-09-22 08:54:00,T24rF_x0TmQ,[MV] ABM - 'ヤラララ' (YARARARA) feat. 重音テト,57565782,1.0,9047.0,9047.0,10036.210616174534,9957.339317486549,10036.210616174534,0.901435845260132,ABM
2026-09-22 08:54:00,pRy8kStWlAw,'ヤラララ' (YARARARA) ／Cover -しゆん×ばぁう,1651958,1.0,107.0,107.0,249.1171996895457,191.4629389305728,249.1171996895457,0.4295167099395196,ShiyunBaau
2026-09-22 08:54:00,xJQ6KrmdpD0,【以心伝心】新人歌い手グループが『ヤラララ』を本気で歌ってみたら...【EL6】,2338891,1.0,633.0,633.0,1877.577125516549,1102.230246285728,1877.577125516549,0.3371366168651274,EL6
2026-09-22 09:56:00,SnZvS3f5IrA,ヤラララ／Cover - KOMAINU.,2977891,1.0333333333333334,662.0,640.6451612903226,616.9330302084504,580.9865615153337,616.9330302084504,1.038435502592332,KOMAINU
2026-09-22 09:56:00,T24rF_x0TmQ,[MV] ABM - 'ヤラララ' (YARARARA) feat. 重音テト,57577935,1.0333333333333334,12153.0,11760.967741935485,10105.200901204971,9624.568194827869,10105.200901204971,1.1638529364154526,ABM
2026-09-22 09:56:00,pRy8kStWlAw,'ヤラララ' (YARARARA) ／Cover -しゆん×ばぁう,1652172,1.0333333333333334,214.0,207.0967741935484,247.4363826697058,160.67977915641222,247.4363826697058,0.8369697776821876,ShiyunBaau
2026-09-22 09:56:00,xJQ6KrmdpD0,【以心伝心】新人歌い手グループが『ヤラララ』を本気で歌ってみたら...【EL6】,2340370,1.0333333333333334,1479.0,1431.2903225806451,1859.7256533991128,918.7737241444548,1859.7256533991128,0.7696244443176901,EL6
2026-09-22 10:54:00,SnZvS3f5IrA,ヤラララ／Cover - KOMAINU.,2978527,0.9666666666666668,636.0,657.9310344827586,622.7002715877608,590.6046206362618,622.7002715877608,1.0565774008820752,KOMAINU
2026-09-22 10:54:00,T24rF_x0TmQ,[MV] ABM - 'ヤラララ' (YARARARA) feat. 重音テト,57588376,0.9666666666666668,10441.0,10801.03448275862,10185.042280515316,9771.626480819212,10185.042280515316,1.0604800829763603,ABM
2026-09-22 10:54:00,pRy8kStWlAw,'ヤラララ' (YARARARA) ／Cover -しゆん×ばぁう,1652394,0.9666666666666668,222.0,229.6551724137931,250.21008956625752,169.30170331358482,250.21008956625752,0.9178493673532644,ShiyunBaau
2026-09-22 10:54:00,xJQ6KrmdpD0,【以心伝心】新人歌い手グループが『ヤラララ』を本気で歌ってみたら...【EL6】,2341952,0.9666666666666668,1582.0,1636.551724137931,1868.97522236463,1008.4959741436394,1868.97522236463,0.8756412094470484,EL6
2026-09-22 11:55:00,SnZvS3f5IrA,ヤラララ／Cover - KOMAINU.,2979002,1.0166666666666666,475.0,467.2131147540984,621.154313419304,533.801640478995,621.154313419304,0.7521691545249093,KOMAINU
2026-09-22 11:55:00,T24rF_x0TmQ,[MV] ABM - 'ヤラララ' (YARARARA) feat. 重音テト,57599027,1.0166666666666666,10651.0,10476.393442622952,10176.566983737475,9521.135950727348,10176.566983737475,1.029462436533323,ABM
2026-09-22 11:55:00,pRy8kStWlAw,'ヤラララ' (YARARARA) ／Cover -しゆん×ばぁう,1652626,1.0166666666666666,232.0,228.1967213114754,250.44140669457863,163.33030031515983,250.44140669457863,0.911178084819531,ShiyunBaau
2026-09-22 11:55:00,xJQ6KrmdpD0,【以心伝心】新人歌い手グループが『ヤラララ』を本気で歌ってみたら...【EL6】,2343882,1.0166666666666666,1930.0,1898.360655737705,1871.461372732069,1065.4654676354603,1871.461372732069,1.0143734107460451,EL6
2026-09-22 12:56:00,SnZvS3f5IrA,ヤラララ／Cover - KOMAINU.,2979731,1.0166666666666666,729.0,717.0491803278688,626.3562806324188,568.9515233829762,626.3562806324188,1.144794428506216,KOMAINU
2026-09-22 12:56:00,T24rF_x0TmQ,[MV] ABM - 'ヤラララ' (YARARARA) feat. 重音テト,57610919,1.0166666666666666,11892.0,11697.04918032787,10185.08895095059,10043.428690774188,10185.08895095059,1.148448406946526,ABM
2026-09-22 12:56:00,pRy8kStWlAw,'ヤラララ' (YARARARA) ／Cover -しゆん×ばぁう,1652929,1.0166666666666666,303.0,298.0327868852459,253.12271816998845,185.4778412987664,253.12271816998845,1.177424093103715,ShiyunBaau
2026-09-22 12:56:00,xJQ6KrmdpD0,【以心伝心】新人歌い手グループが『ヤラララ』を本気で歌ってみたら...【EL6】,2345890,1.0166666666666666,2008.0,1975.081967213115,1860.8646514205936,1264.9057486659055,1860.8646514205936,1.061378626170005,EL6
2026-09-22 13:55:00,SnZvS3f5IrA,ヤラララ／Cover - KOMAINU.,2980380,0.9833333333333332,649.0,660.0,626.946444566845,588.2021088630698,626.946444566845,1.0527214975371486,KOMAINU
2026-09-22 13:55:00,T24rF_x0TmQ,[MV] ABM - 'ヤラララ' (YARARARA) feat. 重音テト,57621270,0.9833333333333332,10351.0,10526.440677966102,10159.982643643005,10288.049021818524,10159.982643643005,1.0360687657820349,ABM
2026-09-22 13:55:00,pRy8kStWlAw,'ヤラララ' (YARARARA) ／Cover -しゆん×ばぁう,1653175,0.9833333333333332,246.0,250.16949152542367,251.5229404539562,197.8908131560284,251.5229404539562,0.9946189841527387,ShiyunBaau
2026-09-22 13:55:00,xJQ6KrmdpD0,【以心伝心】新人歌い手グループが『ヤラララ』を本気で歌ってみたら...【EL6】,2348022,0.9833333333333332,2132.0,2168.135593220339,1862.016304657604,1474.8735968777105,1862.016304657604,1.1644020451362405,EL6
2026-09-22 14:55:00,SnZvS3f5IrA,ヤラララ／Cover - KOMAINU.,2980999,1.0,619.0,619.0,624.80771883759,611.6912129792927,624.80771883759,0.9907047901898608,KOMAINU
2026-09-22 14:55:00,T24rF_x0TmQ,[MV] ABM - 'ヤラララ' (YARARARA) feat. 重音テト,57631597,1.0,10327.0,10327.0,10644.84973655342,10662.269360801574,10644.84973655342,0.9701405144816696,ABM
2026-09-22 14:55:00,pRy8kStWlAw,'ヤラララ' (YARARARA) ／Cover -しゆん×ばぁう,1653536,1.0,361.0,361.0,256.17835032919294,240.1644209042124,256.17835032919294,1.409174504934198,ShiyunBaau
2026-09-22 14:55:00,xJQ6KrmdpD0,【以心伝心】新人歌い手グループが『ヤラララ』を本気で歌ってみたら...【EL6】,2350426,1.0,2404.0,2404.0,1861.6391104551192,1735.2028946985338,1861.6391104551192,1.2913351392860932,EL6
2026-09-22 15:58:00,SnZvS3f5IrA,ヤラララ／Cover - KOMAINU.,2981589,1.05,590.0,561.9047619047619,622.2916005602768,617.6776075371157,622.2916005602768,0.902960543576121,KOMAINU
2026-09-22 15:58:00,T24rF_x0TmQ,[MV] ABM - 'ヤラララ' (YARARARA) feat. 重音テト,57641867,1.05,10270.0,9780.95238095238,10610.293842329376,10767.11970093763,10610.293842329376,0.92183614575608,ABM
2026-09-22 15:58:00,pRy8kStWlAw,'ヤラララ' (YARARARA) ／Cover -しゆん×ばぁう,1653837,1.05,301.0,286.66666666666663,257.3978829826919,265.83108757087905,257.3978829826919,1.1137102735454232,ShiyunBaau
2026-09-22 15:58:00,xJQ6KrmdpD0,【以心伝心】新人歌い手グループが『ヤラララ』を本気で歌ってみたら...【EL6】,2352529,1.05,2103.0,2002.857142857143,1867.2878317512,1930.896772249554,1867.2878317512,1.0726022570279383,EL6
2026-09-22 16:56:00,SnZvS3f5IrA,ヤラララ／Cover - KOMAINU.,2982305,0.9666666666666668,716.0,740.6896551724138,662.5426510509704,631.9696780917002,662.5426510509704,1.1179501485639924,KOMAINU
2026-09-22 16:56:00,T24rF_x0TmQ,[MV] ABM - 'ヤラララ' (YARARARA) feat. 重音テト,57652507,0.9666666666666668,10640.0,11006.896551724138,10696.100768088932,10659.395245193153,10696.100768088932,1.029056923674695,ABM
2026-09-22 16:56:00,pRy8kStWlAw,'ヤラララ' (YARARARA) ／Cover -しゆん×ばぁう,1654173,0.9666666666666668,336.0,347.58620689655174,265.83014130641493,285.9010065284509,265.83014130641493,1.307550021184012,ShiyunBaau
2026-09-22 16:56:00,xJQ6KrmdpD0,【以心伝心】新人歌い手グループが『ヤラララ』を本気で歌ってみたら...【EL6】,2354890,0.9666666666666668,2361.0,2442.4137931034484,1906.110793226371,2075.34298232424,1906.110793226371,1.2813598253485077,EL6
2026-09-22 17:56:00,SnZvS3f5IrA,ヤラララ／Cover - KOMAINU.,2983057,1.0,752.0,752.0,663.7509843843038,645.4081017370205,663.7509843843038,1.132955005253297,KOMAINU
2026-09-22 17:56:00,T24rF_x0TmQ,[MV] ABM - 'ヤラララ' (YARARARA) feat. 重音テト,57662947,1.0,10440.0,10440.0,10689.934101422265,10607.818890513348,10689.934101422265,0.9766196780025976,ABM
2026-09-22 17:56:00,pRy8kStWlAw,'ヤラララ' (YARARARA) ／Cover -しゆん×ばぁう,1654482,1.0,309.0,309.0,263.95514130641493,297.235981897909,263.95514130641493,1.1706534620642008,ShiyunBaau
2026-09-22 17:56:00,xJQ6KrmdpD0,【以心伝心】新人歌い手グループが『ヤラララ』を本気で歌ってみたら...【EL6】,2357432,1.0,2542.0,2542.0,1909.9441265597045,2204.692736018821,1909.9441265597045,1.330928986168192,EL6
2026-09-22 18:55:00,SnZvS3f5IrA,ヤラララ／Cover - KOMAINU.,2983979,0.9833333333333332,922.0,937.627118644068,674.7060297546944,712.6101022927304,674.7060297546944,1.3896824354526145,KOMAINU
2026-09-22 18:55:00,T24rF_x0TmQ,[MV] ABM - 'ヤラララ' (YARARARA) feat. 重音テト,57675243,0.9833333333333332,12296.0,12504.406779661018,10762.513008551816,10897.535081518789,10762.513008551816,1.1618482383923816,ABM
2026-09-22 18:55:00,pRy8kStWlAw,'ヤラララ' (YARARARA) ／Cover -しゆん×ばぁう,1654919,0.9833333333333332,437.0,444.40677966101697,271.173206840599,328.1231330907007,271.173206840599,1.638829974534498,ShiyunBaau
2026-09-22 18:55:00,xJQ6KrmdpD0,【以心伝心】新人歌い手グループが『ヤラララ』を本気で歌ってみたら...【EL6】,2360455,0.9833333333333332,3023.0,3074.237288135593,1956.51585302274,2372.6751120756626,1956.51585302274,1.571281563288137,EL6
2026-09-22 19:55:00,SnZvS3f5IrA,ヤラララ／Cover - KOMAINU.,2984592,1.0,613.0,613.0,667.0723120679196,700.1588395061391,667.0723120679196,0.9189408538029472,KOMAINU
2026-09-22 19:55:00,T24rF_x0TmQ,[MV] ABM - 'ヤラララ' (YARARARA) feat. 重音テト,57682678,1.0,7435.0,7435.0,10630.597943230174,10464.71819632894,10630.597943230174,0.6993962183222996,ABM
2026-09-22 19:55:00,pRy8kStWlAw,'ヤラララ' (YARARARA) ／Cover -しゆん×ばぁう,1655190,1.0,271.0,271.0,264.7489266171494,320.9827414543631,264.7489266171494,1.023611326635859,ShiyunBaau
2026-09-22 19:55:00,xJQ6KrmdpD0,【以心伝心】新人歌い手グループが『ヤラララ』を本気で歌ってみたら...【EL6】,2362529,1.0,2074.0,2074.0,1878.8247762772185,2335.3407230662046,1878.8247762772185,1.103881546691922,EL6
2026-09-22 20:54:00,SnZvS3f5IrA,ヤラララ／Cover - KOMAINU.,2985300,0.9833333333333332,708.0,720.0,669.1894195852028,700.5276919651554,669.1894195852028,1.0759285471762123,KOMAINU
2026-09-22 20:54:00,T24rF_x0TmQ,[MV] ABM - 'ヤラララ' (YARARARA) feat. 重音テト,57690651,0.9833333333333332,7973.0,8108.13559322034,10529.69944922978,10016.103997940496,10529.69944922978,0.7700253584933451,ABM
2026-09-22 20:54:00,pRy8kStWlAw,'ヤラララ' (YARARARA) ／Cover -しゆん×ばぁう,1655487,0.9833333333333332,297.0,302.0338983050848,266.2403254846668,321.48288038184296,266.2403254846668,1.1344408393253689,ShiyunBaau
2026-09-22 20:54:00,xJQ6KrmdpD0,【以心伝心】新人歌い手グループが『ヤラララ』を本気で歌ってみたら...【EL6】,2364850,0.9833333333333332,2321.0,2360.338983050848,1898.085344548164,2383.497850045921,1898.085344548164,1.243536803985346,EL6
2026-09-22 21:58:00,SnZvS3f5IrA,ヤラララ／Cover - KOMAINU.,2986110,1.0666666666666669,810.0,759.375,677.2593851553513,726.3709336744633,677.2593851553513,1.1212469205219102,KOMAINU
2026-09-22 21:58:00,T24rF_x0TmQ,[MV] ABM - 'ヤラララ' (YARARARA) feat. 重音テト,57701987,1.0666666666666669,11336.0,10627.5,10658.086857975011,9986.12732936541,10658.086857975011,0.9971301736997832,ABM
2026-09-22 21:58:00,pRy8kStWlAw,'ヤラララ' (YARARARA) ／Cover -しゆん×ばぁう,1655865,1.0666666666666669,378.0,354.375,270.4565378170197,330.7240787899028,270.4565378170197,1.3102844651503902,ShiyunBaau
2026-09-22 21:58:00,xJQ6KrmdpD0,【以心伝心】新人歌い手グループが『ヤラララ』を本気で歌ってみたら...【EL6】,2367279,1.0666666666666669,2429.0,2277.1875,1892.6472595190908,2396.1478153067187,1892.6472595190908,1.203175863091688,EL6
2026-09-22 22:56:00,SnZvS3f5IrA,ヤラララ／Cover - KOMAINU.,2986901,0.9666666666666668,791.0,818.2758620689655,681.5208794082249,737.8590497237761,681.5208794082249,1.200661471706468,KOMAINU
2026-09-22 22:56:00,T24rF_x0TmQ,[MV] ABM - 'ヤラララ' (YARARARA) feat. 重音テト,57714577,0.9666666666666668,12590.0,13024.137931034482,10707.17593843478,10365.878654574044,10707.17593843478,1.2163933800959288,ABM
2026-09-22 22:56:00,pRy8kStWlAw,'ヤラララ' (YARARARA) ／Cover -しゆん×ばぁう,1656228,0.9666666666666668,363.0,375.5172413793104,270.186422874491,336.3232241135788,270.186422874491,1.3898449721648245,ShiyunBaau
2026-09-22 22:56:00,xJQ6KrmdpD0,【以心伝心】新人歌い手グループが『ヤラララ』を本気で歌ってみたら...【EL6】,2370275,0.9666666666666668,2996.0,3099.310344827586,1908.0768572202403,2484.043131496828,1908.0768572202403,1.6243110612131109,EL6
2026-09-22 23:58:00,SnZvS3f5IrA,ヤラララ／Cover - KOMAINU.,2987881,1.0333333333333334,980.0,948.3870967741934,682.537008440483,792.6664396410324,682.537008440483,1.389502818229808,KOMAINU
2026-09-22 23:58:00,T24rF_x0TmQ,[MV] ABM - 'ヤラララ' (YARARARA) feat. 重音テト,57727002,1.0333333333333334,12425.0,12024.193548387097,10547.267336284243,10594.767693186132,10547.267336284243,1.140029276305721,ABM
2026-09-22 23:58:00,pRy8kStWlAw,'ヤラララ' (YARARARA) ／Cover -しゆん×ばぁう,1656602,1.0333333333333334,374.0,361.9354838709677,269.183734702448,345.4669147451972,269.183734702448,1.3445666926014168,ShiyunBaau
2026-09-22 23:58:00,xJQ6KrmdpD0,【以心伝心】新人歌い手グループが『ヤラララ』を本気で歌ってみたら...【EL6】,2372885,1.0333333333333334,2610.0,2525.806451612903,1880.985459370778,2564.697223946704,1880.985459370778,1.3428101950654252,EL6
2026-09-23 00:55:00,SnZvS3f5IrA,ヤラララ／Cover - KOMAINU.,2988555,0.95,674.0,709.4736842105264,681.0814627967125,782.2673452122192,681.0814627967125,1.0416869683946872,KOMAINU
2026-09-23 00:55:00,T24rF_x0TmQ,[MV] ABM - 'ヤラララ' (YARARARA) feat. 重音テト,57739470,0.95,12468.0,13124.21052631579,10555.126390699943,10910.948047327342,10555.126390699943,1.2433968140712603,ABM
2026-09-23 00:55:00,pRy8kStWlAw,'ヤラララ' (YARARARA) ／Cover -しゆん×ばぁう,1656895,0.95,293.0,308.42105263157896,269.44986613271857,340.83618198099487,269.44986613271857,1.144632421081497,ShiyunBaau
2026-09-23 00:55:00,xJQ6KrmdpD0,【以心伝心】新人歌い手グループが『ヤラララ』を本気で歌ってみたら...【EL6】,2375488,0.95,2603.0,2740.0,1894.5589056984616,2586.610070953366,1894.5589056984616,1.4462469294349294,EL6
